customer_id,age,gender,marital_status,education,employment_type,years_employed,annual_income,monthly_balance,num_bank_accounts,savings_balance,monthly_deposits,monthly_withdrawals,num_bounced_checks,num_credit_cards,credit_limit,credit_utilization,monthly_card_spend,num_late_payments,num_card_defaults,num_existing_loans,total_loan_amount,monthly_emi,loan_repayment_pct,num_loan_defaults,debt_to_income,credit_score,loan_grade
CUST00001,59,Male,Married,Post-Graduate,Salaried,1,87254.0,8034.0,5,19116,3596,1593,0,0,35048,0.48,1345,2,0,4,57202,706.0,0.76,0,0.1,702,B
CUST00002,49,Male,Married,Graduate,Salaried,7,75249.0,4099.0,4,0,2985,0,1,5,9719,0.17,132,2,1,3,291815,10807.0,0.86,1,1.72,680,C
CUST00003,35,Female,Single,Post-Graduate,Self-Employed,25,31101.0,7362.0,3,18981,3400,2641,1,4,14347,0.37,424,2,0,4,5394,82.0,0.33,1,0.03,647,C
CUST00004,63,Male,Single,Post-Graduate,Unemployed,0,103560.0,5917.0,5,0,4022,2304,0,2,25110,0.38,763,2,0,1,392627,3811.0,0.53,0,0.44,657,C
CUST00005,28,Male,Divorced,High School,Salaried,7,106426.0,1517.0,1,25719,5157,871,0,2,53073,0.21,891,0,2,0,127104,3100.0,0.64,0,0.35,728,B
CUST00006,41,Female,Divorced,Graduate,Salaried,1,57379.0,8445.0,4,1101,1589,1716,1,2,7316,0.25,146,1,0,1,152960,1353.0,0.56,1,0.28,691,C
CUST00007,59,Female,Single,Graduate,Salaried,17,93267.0,6529.0,3,19821,1536,3660,1,4,36067,0.09,259,0,1,0,372312,5395.0,,0,0.69,691,C
CUST00008,39,Male,Married,Graduate,Business Owner,12,102405.0,7209.0,4,0,2851,614,0,4,16823,0.52,699,0,1,0,97070,1142.0,0.55,0,0.13,678,C
CUST00009,43,Male,Married,Doctorate,Self-Employed,17,18939.0,5978.0,3,27133,3530,1842,2,2,4944,0.27,106,0,0,0,35999,423.0,0.61,1,0.27,694,C
CUST00010,31,Male,Married,Post-Graduate,Salaried,15,59542.0,5400.0,1,18821,3422,3021,1,2,16510,0.09,118,0,0,2,5597,71.0,0.9,1,0.01,803,A
CUST00011,31,Female,Single,Graduate,Unemployed,0,15000.0,6059.0,3,17240,5579,662,0,3,3936,0.26,81,0,0,0,12884,247.0,0.21,0,0.2,656,B
CUST00012,44,Female,Single,Graduate,Business Owner,16,94021.0,4145.0,4,22100,1562,4692,1,5,22097,0.25,441,1,0,2,52150,1798.0,0.91,1,0.23,753,B
CUST00013,56,Male,Married,Graduate,Salaried,23,88395.0,6821.0,3,27856,522,3532,1,0,35966,0.33,949,1,0,1,266658,2749.0,0.78,1,0.37,705,B
CUST00014,60,Male,Divorced,Graduate,Unemployed,0,55341.0,10853.0,4,7110,3770,4553,0,1,23683,0.26,492,1,1,0,153244,2070.0,0.61,0,0.45,691,C
CUST00015,44,Female,Married,High School,Salaried,3,70492.0,6388.0,5,19744,3334,2472,0,4,16512,0.24,317,1,1,4,137839,3445.0,0.53,1,0.59,667,C
CUST00016,23,Male,Single,Graduate,Salaried,19,63956.0,8350.0,1,13005,2795,4325,2,0,18742,0.14,209,2,0,2,448,5.0,0.55,0,0.0,728,B
CUST00017,42,Male,Single,High School,Salaried,12,15000.0,1457.0,4,39530,4211,2654,2,2,4030,0.13,41,1,0,2,12345,173.0,0.9,0,0.14,771,B
CUST00018,22,Female,Married,Graduate,Business Owner,19,114009.0,7439.0,2,13876,549,2159,0,5,38467,0.26,800,2,0,2,308468,3716.0,0.96,0,0.39,749,B
CUST00019,44,Male,Married,Graduate,Self-Employed,18,82655.0,6529.0,2,7934,402,1146,0,2,13233,0.11,116,0,0,0,4417,315.0,0.47,0,0.05,744,B
CUST00020,64,Female,Married,Doctorate,Salaried,14,70671.0,8226.0,3,0,0,2812,1,2,29842,0.39,931,2,0,0,164715,1568.0,0.81,1,0.27,698,C
CUST00021,50,Male,Married,Post-Graduate,Unemployed,0,70866.0,3726.0,5,15988,1935,1696,2,2,29679,0.35,831,2,0,2,45624,2172.0,0.68,2,0.37,667,C
CUST00022,58,Male,Single,Graduate,Salaried,23,96231.0,7954.0,5,9636,4832,1643,0,3,32349,0.62,1604,1,0,3,224029,2699.0,0.99,1,0.34,693,C
CUST00023,22,Female,Married,High School,Self-Employed,9,27395.0,2842.0,2,25420,775,2665,0,4,10915,0.28,244,1,0,1,86667,1274.0,0.71,0,0.56,689,B
CUST00024,41,Male,Married,Graduate,Self-Employed,3,48738.0,8415.0,3,23330,3058,4589,1,2,24144,0.16,309,0,0,1,170433,2078.0,0.8,1,0.51,729,B
CUST00025,53,Female,Single,Graduate,Salaried,26,81389.0,8622.0,5,27966,3457,4078,1,2,38171,0.33,1007,1,0,4,140773,1245.0,0.69,1,0.18,708,B
CUST00026,32,Female,Married,Graduate,Salaried,23,108467.0,,5,1112,5320,3481,1,4,37375,0.67,2003,2,1,4,261812,2296.0,0.8,1,0.25,653,C
CUST00027,42,Male,Single,Post-Graduate,Business Owner,12,15000.0,6092.0,3,0,1706,2445,0,1,4568,0.46,168,1,1,4,31991,1066.0,0.71,0,0.85,629,C
CUST00028,64,Male,Single,Graduate,Salaried,20,104882.0,4340.0,4,19985,1646,2600,3,3,32913,0.2,526,2,0,2,226520,9060.0,0.62,0,1.04,638,C
CUST00029,45,Male,Single,Graduate,Self-Employed,17,53759.0,6461.0,2,32347,4552,4253,1,3,15409,0.24,295,1,0,0,83042,1361.0,0.74,1,0.3,718,B
CUST00030,69,Male,Single,Graduate,Self-Employed,5,66402.0,5118.0,5,14095,1391,3104,1,0,19395,0.17,263,2,0,1,209616,4764.0,0.62,1,0.86,656,C
CUST00031,47,Male,Single,Doctorate,Self-Employed,8,76014.0,4327.0,4,46776,4814,0,0,3,29859,0.54,1289,1,0,1,102835,1371.0,0.87,0,0.22,703,B
CUST00032,62,Male,Married,Doctorate,Salaried,19,41854.0,3254.0,4,18148,3535,5437,1,0,20795,0.42,698,0,1,1,99142,962.0,0.71,2,0.28,684,C
CUST00033,48,Male,Married,Graduate,Salaried,26,37792.0,9325.0,4,8961,351,2462,0,1,4464,0.14,49,1,1,4,68871,724.0,0.81,0,0.23,760,B
CUST00034,36,Female,Married,Graduate,Salaried,4,81226.0,2774.0,4,26246,3979,2562,1,4,15601,0.3,374,1,0,0,111459,2185.0,0.51,1,0.32,674,C
CUST00035,35,Female,Single,Graduate,Business Owner,15,131845.0,3363.0,1,40715,3677,2739,1,2,24270,0.09,174,2,0,4,192623,1618.0,0.75,0,0.15,767,B
CUST00036,67,Female,Single,High School,Salaried,19,46614.0,1232.0,1,19353,2636,2577,1,5,20190,0.21,339,1,1,1,80793,1063.0,0.55,0,0.27,701,B
CUST00037,64,Male,Married,Graduate,Salaried,15,46378.0,7568.0,3,31305,2060,2258,0,0,12424,0.34,337,2,0,1,75649,749.0,0.43,1,0.19,660,C
CUST00038,23,Male,Married,Graduate,Unemployed,0,38287.0,8111.0,2,13659,5423,702,1,5,11870,0.25,237,0,0,1,108546,1277.0,,0,0.4,746,B
CUST00039,57,Female,Single,High School,Business Owner,14,68233.0,6178.0,3,13998,0,987,2,5,19627,0.39,612,2,0,4,154085,3583.0,0.76,0,0.63,658,C
CUST00040,27,Male,Divorced,High School,Salaried,16,45520.0,,1,36779,730,4557,0,3,20095,0.06,96,2,0,2,92983,2162.0,0.77,0,0.57,732,B
CUST00041,41,Male,Married,Graduate,Unemployed,0,46166.0,0.0,3,0,2207,1635,0,5,13844,0.31,343,1,0,2,31654,1021.0,0.68,1,0.27,703,B
CUST00042,29,Female,Divorced,Post-Graduate,Self-Employed,10,81305.0,6679.0,3,4264,3725,3825,1,2,29850,0.12,286,0,0,2,153285,3261.0,0.84,0,0.48,754,B
CUST00043,59,Female,Married,Graduate,Salaried,24,31663.0,7696.0,4,28708,2996,2841,0,1,3413,0.09,24,1,0,0,61260,583.0,0.76,1,0.22,757,B
CUST00044,38,Male,Single,Post-Graduate,Salaried,14,123669.0,3470.0,5,14845,1940,0,1,4,44642,0.15,535,3,0,0,349967,7777.0,0.71,0,0.75,687,C
CUST00045,24,Male,Married,Graduate,Self-Employed,20,39727.0,5224.0,1,24477,3794,987,0,0,7801,,237,2,1,1,69492,1579.0,0.53,0,0.48,645,C
CUST00046,45,Female,Single,Graduate,Business Owner,11,108943.0,285.0,1,27994,393,1530,1,3,48670,0.51,1985,0,0,1,226408,2543.0,0.64,0,0.28,675,C
CUST00047,34,Female,Married,Graduate,Salaried,2,134189.0,2629.0,3,227,3545,3359,0,5,53759,0.29,1247,0,0,3,215131,6519.0,0.47,0,0.58,670,C
CUST00048,29,Female,Single,Post-Graduate,Salaried,28,110942.0,6160.0,5,104,2549,2195,1,5,15944,0.07,89,0,0,2,434212,4215.0,0.97,0,0.46,788,B
CUST00049,46,Female,Married,High School,Salaried,19,107213.0,4685.0,3,37294,4006,3371,0,2,15158,0.14,169,1,0,4,367006,8951.0,0.86,0,1.0,707,B
CUST00050,22,Female,Single,Graduate,Self-Employed,3,98884.0,5567.0,2,14208,3740,2156,1,2,21477,0.28,481,1,1,4,17088,,,2,0.03,714,B
CUST00051,40,Male,Divorced,Graduate,Salaried,4,81413.0,8417.0,1,9862,4142,3246,0,2,12236,0.19,185,2,0,3,279274,4815.0,,0,0.71,705,B
CUST00052,48,Male,Divorced,Graduate,Salaried,11,110364.0,1273.0,4,25553,2083,1220,1,4,43718,0.31,1084,0,0,2,160874,8467.0,0.57,0,0.92,643,C
CUST00053,67,Female,Married,Doctorate,Self-Employed,13,67182.0,5617.0,4,34690,1894,1909,1,0,33236,0.04,106,1,0,1,89416,2292.0,0.8,1,0.41,754,B
CUST00054,27,Female,Married,High School,Business Owner,18,100956.0,2959.0,4,31679,3291,2872,0,4,36556,0.2,584,1,0,2,38526,401.0,,1,0.05,788,B
CUST00055,64,Female,Married,Graduate,Self-Employed,18,108233.0,4474.0,1,26927,813,2141,0,5,21605,0.14,241,1,0,2,392344,4670.0,0.35,0,0.52,674,C
CUST00056,28,Male,Married,Graduate,Salaried,19,90255.0,5870.0,1,37364,6322,2532,1,3,29396,0.65,1528,1,0,4,316720,5655.0,0.72,1,0.75,605,C
CUST00057,67,Male,Married,Post-Graduate,Salaried,12,66921.0,1203.0,4,27643,5411,2553,0,0,28258,0.63,1424,0,0,4,250228,2749.0,0.41,1,0.49,595,D
CUST00058,55,Female,Married,Graduate,Salaried,1,89643.0,3041.0,1,11688,665,3438,1,1,43466,0.27,938,2,0,1,276470,4126.0,0.65,0,0.55,678,C
CUST00059,34,Female,Married,Post-Graduate,Unemployed,0,63919.0,3758.0,4,23932,3342,2553,0,1,6521,0.17,88,1,0,1,27059,262.0,0.62,0,0.05,746,B
CUST00060,37,Female,Divorced,Post-Graduate,Business Owner,6,,6190.0,2,31750,4773,2364,2,5,18161,0.24,348,0,0,4,6263,94.0,0.65,0,0.02,737,B
CUST00061,56,Female,Married,Graduate,Salaried,3,98630.0,8302.0,2,7860,2411,2895,0,4,27743,0.08,177,0,1,3,359115,4725.0,0.8,1,0.57,749,B
CUST00062,60,Female,Married,Graduate,Salaried,17,79386.0,0.0,2,11486,1875,3142,1,4,21100,0.12,202,2,1,3,174440,1557.0,0.42,0,0.24,697,C
CUST00063,24,Female,Married,Graduate,Self-Employed,3,98273.0,2997.0,3,22957,4770,2643,0,5,29632,0.23,545,0,0,0,93429,5839.0,0.79,3,0.71,698,D
CUST00064,22,Female,Married,Post-Graduate,Self-Employed,1,79577.0,4560.0,3,30308,5029,1181,0,4,20801,0.23,382,2,0,3,27665,419.0,0.97,0,0.06,781,B
CUST00065,26,Female,Married,High School,Salaried,3,90284.0,4548.0,5,19651,581,3491,1,1,21452,0.01,17,0,0,4,52574,2285.0,0.96,0,0.3,809,A
CUST00066,62,Female,Single,Graduate,Business Owner,4,116949.0,6246.0,5,23868,3176,3269,0,1,17065,0.36,491,0,1,2,73622,3505.0,0.71,0,0.36,711,B
CUST00067,24,Male,Married,Post-Graduate,Business Owner,6,70136.0,1278.0,5,0,2818,2104,1,0,21036,0.06,100,2,0,1,179525,1930.0,0.88,0,0.33,768,B
CUST00068,49,Male,Divorced,Graduate,Self-Employed,7,62892.0,4391.0,2,43989,362,3129,1,5,26944,0.35,754,0,0,2,64609,717.0,0.23,0,0.14,649,C
CUST00069,38,Female,Married,Graduate,Business Owner,23,87893.0,3763.0,2,31634,590,4784,0,0,12471,0.34,339,1,1,2,107522,1920.0,0.91,0,0.26,743,B
CUST00070,46,Male,Married,Graduate,Business Owner,25,,7165.0,2,30916,1618,2180,0,4,5930,0.34,161,2,0,2,35921,466.0,0.68,0,0.37,682,F
CUST00071,64,Male,Single,High School,Business Owner,8,96265.0,5222.0,1,29633,3023,2451,0,5,19937,0.41,653,2,0,0,304302,3343.0,0.8,0,0.42,693,C
CUST00072,54,Male,Married,Graduate,Unemployed,0,49136.0,3667.0,1,30960,4937,2815,0,2,12406,0.45,446,0,1,2,78772,684.0,0.76,1,0.17,706,F
CUST00073,30,Male,Married,Graduate,Salaried,4,,8653.0,2,40865,0,6005,0,0,62041,0.13,645,2,0,3,19356,,0.66,0,0.02,762,B
CUST00074,56,Male,Married,Doctorate,Salaried,6,98692.0,3410.0,4,36784,3177,2719,0,1,36524,0.15,438,2,0,1,257585,2476.0,,0,0.3,739,B
CUST00075,34,Male,Single,Graduate,Business Owner,11,102482.0,2602.0,5,26421,1571,1731,1,3,39726,0.08,254,1,0,2,280657,3084.0,0.71,0,0.36,748,B
CUST00076,51,Female,Divorced,Post-Graduate,Business Owner,1,103190.0,6767.0,3,32085,3796,944,0,2,35183,0.33,928,1,0,1,138878,1596.0,0.56,0,0.19,700,B
CUST00077,68,Male,Married,Graduate,Unemployed,0,61223.0,3573.0,5,24165,4527,2086,1,5,14016,0.38,426,2,1,0,299,3.0,0.56,1,0.0,686,C
CUST00078,35,Male,Single,High School,Salaried,22,67197.0,5197.0,4,8586,4572,2443,1,1,24866,0.41,815,2,0,3,153659,1336.0,0.59,1,0.24,664,C
CUST00079,28,Male,Single,Post-Graduate,Self-Employed,2,24242.0,10196.0,1,12376,2853,3229,1,2,6858,0.11,60,0,0,1,75147,1533.0,0.91,0,0.76,734,B
CUST00080,34,Female,Single,High School,Salaried,8,119835.0,3530.0,2,13695,2496,2519,0,3,51868,0.45,1867,0,0,3,105103,2388.0,0.8,0,0.24,720,B
CUST00081,43,Male,Married,Doctorate,Self-Employed,20,36354.0,,1,17448,4999,2571,0,5,11939,0.19,181,1,1,0,74551,1035.0,0.81,1,0.34,736,B
CUST00082,60,Female,Single,Post-Graduate,Salaried,9,74555.0,,1,16438,2503,2729,1,4,30455,0.36,877,2,0,3,208022,2080.0,0.76,0,0.33,696,C
CUST00083,41,Female,Single,Graduate,Salaried,4,111751.0,,4,2677,3084,2689,0,2,49103,0.36,1414,1,0,4,263322,2686.0,0.96,1,0.29,742,B
CUST00084,36,Female,Married,Graduate,Salaried,17,,7299.0,1,23159,2306,3967,1,3,51853,0.56,2323,1,0,1,373379,4553.0,0.81,0,0.45,670,C
CUST00085,65,Male,Single,Graduate,Self-Employed,7,67474.0,895.0,1,31068,3502,1370,0,3,17600,0.17,239,3,0,2,110150,1899.0,0.83,1,0.34,732,B
CUST00086,38,Female,Single,Graduate,Salaried,10,23817.0,13062.0,5,13016,949,4755,0,2,5894,0.36,169,3,0,4,82894,767.0,0.96,2,0.39,702,B
CUST00087,67,Male,Married,Graduate,Salaried,5,81932.0,2839.0,5,15132,2559,4138,0,5,36674,0.23,674,3,0,0,104347,5797.0,0.66,1,0.85,651,C
CUST00088,44,Female,Married,Graduate,Salaried,10,84994.0,6576.0,4,31315,3138,3719,1,2,13364,0.54,577,2,0,2,52415,545.0,,0,0.08,691,C
CUST00089,46,Female,Married,Graduate,Salaried,27,87718.0,7803.0,2,22841,4550,1487,0,2,18575,0.1,148,1,0,3,275194,12508.0,0.6,0,1.71,673,C
CUST00090,45,Male,Married,High School,Unemployed,0,65833.0,,5,33221,2742,2326,0,2,9769,0.56,437,1,0,1,2679,28.0,0.87,0,0.01,717,B
CUST00091,65,Male,Married,Post-Graduate,Salaried,21,70858.0,6857.0,1,31027,0,1620,1,4,8278,0.08,52,1,0,0,269522,3133.0,0.63,0,0.53,716,B
CUST00092,61,Male,Married,Post-Graduate,Salaried,20,54178.0,5211.0,3,8134,2114,1478,0,1,18764,0.1,150,3,0,3,15965,166.0,0.26,0,0.04,689,C
CUST00093,49,Female,Single,Graduate,Business Owner,6,79761.0,6896.0,5,23395,5188,2166,1,0,36714,0.19,558,4,0,1,251311,2673.0,0.85,0,0.4,720,B
CUST00094,35,Male,Single,Post-Graduate,Self-Employed,1,99053.0,3724.0,3,29001,3235,2334,0,4,15032,0.51,613,1,0,4,47955,470.0,0.54,0,0.06,676,F
CUST00095,65,Female,Married,Graduate,Self-Employed,3,82897.0,3039.0,2,9553,1913,2063,2,2,34674,0.08,221,0,1,0,93051,4045.0,0.45,0,0.59,688,C
CUST00096,21,Male,Married,High School,Self-Employed,27,73681.0,0.0,1,2496,1486,2536,0,3,18548,0.38,563,5,1,0,177106,2300.0,0.4,0,0.37,618,C
CUST00097,45,Female,Married,Graduate,Unemployed,0,108714.0,,5,19724,3560,3493,1,5,37751,0.07,211,0,1,4,60959,752.0,0.66,0,0.08,775,B
CUST00098,27,Female,Married,Graduate,Salaried,7,82695.0,3970.0,2,0,1969,3416,0,4,33532,0.33,885,2,0,2,32189,282.0,0.73,2,0.04,719,B
CUST00099,29,Female,Married,Graduate,Unemployed,0,75930.0,6122.0,4,0,3041,2957,3,0,29159,0.32,746,0,0,4,282939,3179.0,0.88,1,0.5,706,B
CUST00100,44,Female,Single,Post-Graduate,Business Owner,24,77329.0,4048.0,2,29011,1850,2402,0,5,11961,0.17,162,0,0,2,222800,3776.0,0.64,0,0.59,710,B
CUST00101,21,Male,Single,Doctorate,Self-Employed,12,38688.0,8721.0,4,8602,1661,2027,0,0,5654,0.43,194,1,1,4,18552,515.0,0.7,1,0.16,693,C
CUST00102,64,Male,Married,Graduate,Self-Employed,9,42297.0,4506.0,4,15472,2421,2853,0,4,19865,0.29,460,0,0,4,87824,1756.0,0.56,0,0.5,680,C
CUST00103,28,Female,Married,Post-Graduate,Self-Employed,1,71272.0,,5,23617,2815,3682,2,3,9392,0.39,293,1,0,0,238000,2644.0,,2,0.45,635,F
CUST00104,44,Male,Married,High School,Salaried,4,52877.0,3804.0,3,19391,2916,4072,0,3,9907,0.49,388,0,1,2,18404,525.0,0.83,0,0.12,720,B
CUST00105,31,Male,Single,High School,Salaried,2,73642.0,6503.0,4,8495,2582,983,0,5,20276,0.21,340,0,0,3,238809,7462.0,0.71,0,1.22,675,C
CUST00106,37,Male,Married,Post-Graduate,Unemployed,0,100701.0,13758.0,1,49396,4646,2402,0,3,43140,0.14,483,2,1,3,339501,3143.0,0.84,0,0.37,753,B
CUST00107,28,Male,Divorced,Graduate,Self-Employed,17,96171.0,9114.0,5,18822,2387,1434,0,1,32799,0.25,655,0,0,1,131387,4238.0,0.81,0,0.53,728,B
CUST00108,55,Male,Single,Graduate,Salaried,21,86776.0,1376.0,4,61350,5159,744,1,3,28503,0.52,1185,2,0,0,345561,6282.0,0.69,0,0.87,610,C
CUST00109,55,Female,Married,Graduate,Business Owner,2,100342.0,5708.0,5,5903,2757,3878,0,0,37807,0.33,998,3,0,0,157651,2672.0,0.6,0,0.32,679,C
CUST00110,53,Male,Divorced,Graduate,Self-Employed,4,105909.0,2648.0,1,14348,2007,4000,0,5,44573,0.05,178,0,1,0,382235,22484.0,0.75,0,2.0,714,B
CUST00111,25,Female,Single,High School,Salaried,25,104825.0,3818.0,5,20369,3444,2264,0,2,20232,0.3,485,1,0,1,376505,4536.0,0.54,0,0.52,673,C
CUST00112,62,Male,Married,Graduate,Self-Employed,11,104085.0,4082.0,5,21117,4122,1948,1,2,11195,0.34,304,1,0,1,297042,7072.0,0.44,0,0.82,619,C
CUST00113,59,Female,Single,High School,Self-Employed,19,39035.0,4741.0,4,34850,1773,2047,0,0,5889,0.34,160,2,0,0,131,,0.63,0,0.0,711,B
CUST00114,61,Male,Married,High School,Salaried,24,18265.0,7634.0,2,0,848,384,0,3,3033,0.27,65,1,0,2,49882,1061.0,0.56,1,0.7,650,C
CUST00115,48,Female,Single,Graduate,Unemployed,0,51593.0,4215.0,5,42906,4494,3810,1,2,5985,0.2,95,2,0,0,19478,189.0,0.95,1,0.04,772,B
CUST00116,27,Female,Divorced,Graduate,Salaried,13,61296.0,5503.0,4,0,5009,1922,0,5,24457,0.3,586,1,0,0,8856,,0.61,2,0.04,712,B
CUST00117,29,Male,Married,Post-Graduate,Salaried,22,102857.0,,1,8340,3806,2224,1,0,46693,0.18,672,2,0,0,74250,1650.0,0.76,0,0.19,745,B
CUST00118,28,Female,Married,High School,Salaried,26,72105.0,2904.0,1,20777,1881,2858,1,3,27707,0.39,864,1,2,4,147484,1489.0,0.57,0,0.25,677,C
CUST00119,32,Female,Married,High School,Self-Employed,21,60605.0,3377.0,2,26153,2772,45,0,1,10633,,314,0,1,3,111614,1005.0,0.8,1,0.2,726,B
CUST00120,54,Female,Married,Graduate,Salaried,18,79906.0,3172.0,1,17008,1202,2520,0,2,27374,0.36,788,2,0,4,124491,7323.0,0.81,0,1.1,649,C
CUST00121,53,Female,Married,Graduate,Salaried,27,91074.0,6989.0,4,12821,4545,2657,1,5,28072,0.43,965,2,0,2,194829,1967.0,0.78,0,0.26,695,C
CUST00122,68,Male,Divorced,High School,Business Owner,29,98272.0,3885.0,2,20108,3328,1834,1,3,42058,0.46,1547,3,0,4,104061,1196.0,0.88,1,0.15,703,B
CUST00123,43,Female,Divorced,High School,Salaried,19,62609.0,10306.0,4,14034,3673,5054,0,5,29859,0.28,668,0,0,3,78389,1104.0,0.76,0,0.21,740,B
CUST00124,44,Male,Married,Doctorate,Business Owner,24,46289.0,2651.0,2,36253,3194,1048,0,3,18384,0.62,911,0,0,0,38660,920.0,0.77,0,0.24,676,C
CUST00125,57,Male,Divorced,Post-Graduate,Self-Employed,15,51643.0,2644.0,2,30375,3005,3071,0,5,15751,0.28,352,2,2,3,93430,2278.0,0.5,1,0.53,651,C
CUST00126,55,Female,Married,Graduate,Unemployed,0,78603.0,1797.0,4,26701,3313,1260,0,2,23928,0.24,459,4,0,0,224570,7485.0,0.75,0,1.14,647,C
CUST00127,64,Male,Married,Graduate,Self-Employed,12,43431.0,4678.0,2,35342,2999,2828,0,3,18376,0.25,367,0,0,4,88885,2693.0,0.56,0,0.74,665,C
CUST00128,60,Female,Married,Graduate,Salaried,25,103449.0,3382.0,4,25222,4750,1174,1,5,15414,0.56,690,0,0,1,352240,8806.0,0.71,0,1.02,611,D
CUST00129,42,Female,Single,Graduate,Salaried,11,43720.0,3942.0,1,16421,896,3626,0,4,7053,0.07,39,3,0,2,85940,2864.0,0.82,0,0.79,710,B
CUST00130,47,Female,Single,Graduate,Business Owner,27,28274.0,8073.0,1,0,1699,2918,0,4,6712,0.15,80,1,0,1,22839,235.0,0.64,0,0.1,744,B
CUST00131,55,Female,Single,Post-Graduate,Business Owner,23,79660.0,4499.0,5,47950,2455,539,0,1,31772,0.46,1169,2,0,1,163200,2766.0,0.37,0,0.42,617,C
CUST00132,21,Male,Married,High School,Salaried,1,66719.0,3874.0,3,36844,2722,2668,1,0,8432,0.02,13,1,0,2,99199,,0.79,1,0.28,768,B
CUST00133,55,Male,Married,Post-Graduate,Self-Employed,16,89135.0,5857.0,3,1860,4502,1874,1,4,21190,0.1,169,1,0,1,175322,2038.0,0.72,0,0.27,752,B
CUST00134,57,Male,Married,High School,Salaried,28,60027.0,,1,30984,955,2310,0,4,13651,0.18,196,1,0,2,23594,502.0,0.73,1,0.1,751,B
CUST00135,67,Male,Divorced,Graduate,Unemployed,0,87093.0,7261.0,5,26914,3813,498,0,1,25631,0.23,471,0,0,4,270567,9018.0,0.56,0,1.24,651,D
CUST00136,34,Male,Married,High School,Unemployed,0,105216.0,7509.0,3,5850,2791,4177,0,4,30037,0.39,937,0,0,4,145951,9730.0,0.92,0,1.11,678,C
CUST00137,23,Male,Married,High School,Unemployed,0,56299.0,6358.0,4,40779,4279,1346,0,4,21718,0.4,694,1,0,1,3804,146.0,0.84,1,0.03,733,B
CUST00138,21,Female,Single,Doctorate,Business Owner,6,90377.0,7813.0,4,22480,3591,2214,1,5,31652,0.36,911,2,0,3,204693,2766.0,0.76,0,0.37,695,C
CUST00139,25,Female,Single,Graduate,Unemployed,0,128873.0,2962.0,2,2780,2808,1441,0,2,59424,0.16,760,3,0,0,352499,20735.0,0.58,4,1.93,629,C
CUST00140,46,Male,Married,High School,Salaried,28,98139.0,4641.0,3,1734,1509,2200,0,1,16905,0.29,392,0,0,1,28519,297.0,0.82,0,0.04,767,B
CUST00141,34,Female,Married,Doctorate,Business Owner,6,51203.0,5369.0,4,26239,3513,2364,1,3,13969,0.16,178,1,0,0,76802,1010.0,0.95,0,0.24,774,F
CUST00142,59,Male,Married,Post-Graduate,Self-Employed,10,85045.0,5262.0,3,5677,2406,2398,0,3,22114,0.05,88,1,1,3,163165,10877.0,0.78,0,1.53,709,C
CUST00143,47,Male,Single,Post-Graduate,Unemployed,0,35951.0,14240.0,2,8974,2839,4186,0,0,5213,0.47,196,0,0,3,72292,794.0,0.69,1,0.27,682,C
CUST00144,29,Female,Married,Doctorate,Self-Employed,29,40268.0,8293.0,1,26369,4173,2378,1,0,6681,0.03,16,2,0,0,5750,55.0,,0,0.02,754,B
CUST00145,35,Female,Single,Graduate,Salaried,2,119752.0,8181.0,5,10090,5213,4413,0,4,28100,0.63,1416,0,0,2,303106,8192.0,0.67,0,0.82,616,C
CUST00146,35,Female,Single,Post-Graduate,Self-Employed,29,87237.0,4137.0,2,12952,553,800,0,4,34364,0.2,549,0,1,1,32829,306.0,0.91,0,0.04,795,B
CUST00147,46,Male,Single,Post-Graduate,Self-Employed,25,121151.0,4799.0,2,8151,4180,3928,0,3,19391,0.03,46,1,0,1,169873,1788.0,0.87,2,0.18,794,B
CUST00148,62,Female,Single,Post-Graduate,Salaried,3,87784.0,7295.0,2,30087,4947,3682,1,1,18094,0.78,1129,1,0,1,178138,2343.0,0.63,1,0.32,606,C
CUST00149,33,Female,Single,Post-Graduate,Salaried,6,58637.0,9508.0,5,38577,2753,3813,2,2,21729,0.26,451,2,0,0,176087,1913.0,0.92,1,0.39,721,B
CUST00150,52,Female,Single,Graduate,Self-Employed,16,76295.0,2437.0,4,0,1270,5062,0,5,25838,0.14,289,1,0,3,111504,7433.0,0.47,0,1.17,645,C
CUST00151,59,Female,Divorced,Post-Graduate,Salaried,6,83043.0,3581.0,3,5237,3539,0,1,0,11771,0.52,489,0,2,3,272785,2457.0,0.44,0,0.36,633,C
CUST00152,69,Female,Single,Graduate,Salaried,24,141408.0,4404.0,1,0,2725,8,0,4,67519,0.3,1620,0,1,2,437268,9303.0,0.81,3,0.79,687,C
CUST00153,52,Female,Single,Graduate,Salaried,13,96090.0,5778.0,1,21897,8268,2568,0,0,15298,0.37,452,3,0,3,155751,1639.0,0.89,0,0.2,726,B
CUST00154,24,Female,Single,High School,Unemployed,0,52696.0,7318.0,5,23073,3501,0,1,3,6563,0.35,183,3,0,0,184808,1987.0,0.94,0,0.45,704,B
CUST00155,50,Female,Married,Doctorate,Business Owner,15,69199.0,7150.0,1,5754,2273,101,1,1,15341,0.29,355,0,1,1,266326,2336.0,0.51,1,0.41,674,C
CUST00156,57,Female,Single,Graduate,Salaried,6,89183.0,6362.0,5,13449,795,2221,0,3,9862,0.39,307,0,0,4,96593,6439.0,0.87,2,0.87,671,C
CUST00157,43,Male,Divorced,Graduate,Business Owner,1,42358.0,2719.0,5,26869,1541,1908,1,2,4756,0.35,133,0,0,3,139215,1581.0,0.84,0,0.45,710,B
CUST00158,59,Female,Divorced,Graduate,Self-Employed,9,74465.0,4486.0,3,43282,4328,319,0,1,24684,0.29,572,1,0,2,85132,2300.0,0.55,1,0.37,681,C
CUST00159,65,Male,Single,Doctorate,Salaried,12,68855.0,988.0,3,8904,399,1751,0,2,31479,0.31,780,1,2,2,188914,2998.0,0.48,1,0.52,653,C
CUST00160,35,Male,Married,Graduate,Salaried,25,89573.0,7936.0,5,21641,450,3398,2,2,23380,0.05,93,1,0,2,239269,3859.0,0.85,1,0.52,748,B
CUST00161,63,Female,Single,Post-Graduate,Self-Employed,23,72035.0,5101.0,3,28188,4494,3075,1,1,15909,0.37,470,3,0,2,227809,3254.0,0.61,0,0.54,645,C
CUST00162,49,Female,Married,Post-Graduate,Salaried,11,33057.0,1507.0,4,46958,2436,3387,0,2,15399,0.14,172,0,0,1,28753,342.0,0.84,1,0.12,777,B
CUST00163,56,Female,Married,Graduate,Business Owner,13,73635.0,12059.0,2,26030,2601,1934,2,0,9173,0.17,124,1,1,1,275144,8598.0,0.78,0,1.4,676,C
CUST00164,33,Male,Single,Graduate,Salaried,1,98047.0,0.0,1,48636,3867,3941,1,4,28367,0.44,998,2,0,3,168406,2306.0,0.8,0,0.28,695,C
CUST00165,52,Male,Single,Post-Graduate,Salaried,19,118356.0,4811.0,1,0,2640,4684,0,1,23794,0.56,1065,3,0,0,1094,40.0,0.57,0,0.0,664,C
CUST00166,27,Male,Married,Doctorate,Unemployed,0,103863.0,8943.0,1,26178,607,2732,0,3,26244,0.2,419,2,1,1,321180,8680.0,0.91,0,1.0,696,C
CUST00167,42,Female,Married,Post-Graduate,Salaried,21,27127.0,3544.0,1,15961,2009,1945,0,3,7170,0.34,195,3,1,1,101090,2063.0,0.72,0,0.91,633,C
CUST00168,48,Female,Single,Graduate,Self-Employed,4,34911.0,5496.0,4,19632,3703,2455,1,4,11103,0.22,195,3,0,1,135225,3298.0,0.9,0,1.13,670,C
CUST00169,22,Female,Married,Post-Graduate,Salaried,5,43282.0,6436.0,4,1773,3100,1002,1,3,12175,0.43,418,3,0,0,62805,1697.0,0.84,1,0.47,667,C
CUST00170,62,Female,Married,Graduate,Salaried,23,120168.0,0.0,2,38338,5248,2085,0,4,59509,0.17,809,1,0,4,9796,89.0,0.93,0,0.01,803,A
CUST00171,65,Female,Divorced,Graduate,Salaried,25,89849.0,1730.0,5,28729,3617,3235,0,0,9901,0.34,269,0,0,4,122897,1293.0,0.32,1,0.17,665,C
CUST00172,26,Female,Single,Post-Graduate,Salaried,17,154179.0,4818.0,3,23199,1708,2924,1,3,62143,0.2,994,1,1,4,544962,16028.0,0.96,0,1.25,712,B
CUST00173,48,Male,Married,High School,Salaried,5,113532.0,4753.0,2,0,5109,3094,0,3,13669,0.69,754,1,0,0,383149,3303.0,0.56,1,0.35,617,C
CUST00174,48,Male,Married,Post-Graduate,Salaried,19,77861.0,960.0,1,33700,5210,553,0,0,21211,,203,0,0,3,118107,1103.0,,0,0.17,759,B
CUST00175,64,Female,Single,Graduate,Self-Employed,3,61335.0,4940.0,3,10028,1943,3334,1,3,11085,0.27,239,1,1,1,37544,915.0,0.64,0,0.18,714,B
CUST00176,64,Female,Married,Post-Graduate,Self-Employed,11,86225.0,6605.0,2,8239,3844,1841,1,3,41225,0.43,1418,0,0,3,222357,6009.0,0.6,0,0.84,630,C
CUST00177,40,Male,Married,High School,Salaried,2,100233.0,8869.0,1,0,3999,2230,0,0,38990,0.26,810,2,0,2,266226,2256.0,0.66,0,0.27,713,B
CUST00178,50,Female,Divorced,Graduate,Business Owner,22,111328.0,5624.0,2,15002,3509,1626,0,5,31743,,914,2,0,4,280860,2836.0,0.66,1,0.31,688,C
CUST00179,31,Male,Single,Post-Graduate,Salaried,14,66329.0,2273.0,1,11704,934,4313,0,0,31897,0.4,1020,0,1,0,39971,596.0,0.91,0,0.11,750,B
CUST00180,48,Male,Married,High School,Salaried,6,140759.0,6716.0,1,40124,7482,909,0,5,54687,0.38,1662,1,0,1,464135,3900.0,0.53,0,0.33,679,C
CUST00181,45,Female,Married,High School,Self-Employed,19,73669.0,7067.0,4,4943,2358,2377,1,0,35418,0.64,1813,1,0,1,10729,137.0,0.85,1,0.02,690,C
CUST00182,59,Female,Divorced,Doctorate,Salaried,1,110496.0,4509.0,1,9217,3540,916,1,5,42190,0.17,573,1,0,1,428672,4330.0,0.86,0,0.47,745,B
CUST00183,53,Female,Single,Graduate,Salaried,7,85101.0,3871.0,2,11144,4378,3659,0,3,11155,0.17,151,0,1,0,306923,2645.0,0.57,0,0.37,720,B
CUST00184,21,Male,Divorced,Doctorate,Salaried,2,64370.0,3625.0,3,7715,2380,2654,0,4,22305,0.59,1052,1,0,2,255964,6094.0,0.57,0,1.14,577,D
CUST00185,47,Male,Divorced,High School,Business Owner,24,16091.0,6880.0,4,82,4859,1180,0,5,7919,0.53,335,0,0,0,38575,1168.0,0.85,2,0.87,633,C
CUST00186,33,Female,Single,Graduate,Self-Employed,19,37834.0,4575.0,3,29738,2998,2595,0,4,7024,0.11,61,2,0,0,91344,2768.0,0.5,2,0.88,643,C
CUST00187,61,Female,Married,Post-Graduate,Salaried,1,110302.0,6001.0,5,17404,2047,1506,0,1,46006,0.12,441,1,0,0,169660,2532.0,0.7,0,0.28,752,B
CUST00188,23,Male,Divorced,Post-Graduate,Salaried,26,97570.0,2762.0,3,11909,858,3501,0,1,16962,0.16,217,1,1,1,44062,629.0,0.78,0,0.08,773,B
CUST00189,59,Female,Single,Graduate,Business Owner,9,92779.0,5220.0,5,10227,2433,4935,2,3,26061,0.17,354,0,0,3,280125,14006.0,0.8,0,1.81,689,C
CUST00190,26,Male,Married,Graduate,Self-Employed,21,121624.0,1695.0,5,21885,3544,905,0,3,16281,0.29,377,4,0,1,239172,2440.0,0.87,2,0.24,719,B
CUST00191,28,Female,Married,Post-Graduate,Salaried,17,45623.0,3246.0,4,10337,2527,4180,2,4,10777,0.32,275,0,0,2,66486,678.0,0.88,0,0.18,741,B
CUST00192,47,Female,Single,Graduate,Salaried,10,60839.0,5140.0,3,18977,3981,3966,0,2,24973,,1098,0,0,4,213083,6873.0,0.47,1,1.36,572,D
CUST00193,29,Male,Single,Graduate,Salaried,27,62869.0,2770.0,1,27163,5483,2104,0,1,7425,0.19,112,0,1,2,488,12.0,0.89,0,0.0,795,B
CUST00194,57,Male,Single,High School,Self-Employed,6,34837.0,3809.0,4,25165,2544,3355,3,4,7945,,305,2,1,2,66676,1754.0,0.48,0,0.6,594,D
CUST00195,53,Female,Single,Graduate,Business Owner,26,51025.0,7277.0,4,41566,4716,2793,1,3,17955,0.2,287,1,0,3,133135,1849.0,0.71,1,0.43,708,B
CUST00196,62,Female,Married,Graduate,Salaried,3,42825.0,4108.0,1,34675,3268,2448,1,1,20531,0.15,246,1,0,1,695,17.0,0.75,0,0.0,766,C
CUST00197,64,Female,Single,Graduate,Salaried,27,27904.0,,3,24957,3460,1916,1,1,5528,0.08,35,1,1,0,81212,1028.0,0.57,0,0.44,710,B
CUST00198,44,Female,Divorced,Graduate,Unemployed,0,48092.0,2334.0,4,25725,3017,3341,0,5,8140,0.36,234,0,0,2,31934,506.0,0.75,0,0.13,730,B
CUST00199,35,Female,Married,High School,Self-Employed,24,73025.0,3436.0,5,49407,3591,1868,0,1,13251,0.2,212,3,0,4,246960,9498.0,0.73,0,1.56,658,D
CUST00200,52,Female,Single,High School,Self-Employed,15,128613.0,4980.0,1,8027,1772,3697,0,3,25043,0.42,841,1,0,1,393305,21850.0,0.71,2,2.0,627,C
CUST00201,52,Male,Married,Post-Graduate,Salaried,21,44422.0,6899.0,2,27459,1906,1467,1,4,15784,0.27,340,1,0,2,24835,261.0,0.91,0,0.07,762,B
CUST00202,44,Male,Married,Graduate,Self-Employed,28,107203.0,393.0,4,7061,2099,5007,0,2,53544,0.42,1799,1,0,2,246140,2930.0,0.78,1,0.33,700,B
CUST00203,61,Male,Divorced,Post-Graduate,Self-Employed,22,81635.0,7411.0,5,32505,375,1134,0,3,25260,0.31,626,2,0,2,247299,2377.0,0.68,0,0.35,697,C
CUST00204,69,Male,Single,Post-Graduate,Salaried,26,88109.0,3854.0,3,29577,1183,5897,0,1,18377,0.38,558,1,0,1,10330,120.0,0.87,1,0.02,746,B
CUST00205,69,Female,Single,High School,Unemployed,0,79343.0,4717.0,3,16317,2862,2076,0,5,31640,,556,1,1,0,172943,2246.0,0.6,0,0.34,710,B
CUST00206,32,Male,Divorced,Graduate,Business Owner,6,19394.0,7113.0,1,39465,2137,3433,0,5,3167,0.27,68,1,0,1,3926,,,0,0.07,760,B
CUST00207,59,Female,Divorced,High School,Self-Employed,3,43450.0,11674.0,5,20903,2931,3684,0,0,4866,0.14,54,0,0,4,107678,1398.0,0.59,0,0.39,721,B
CUST00208,22,Female,Married,Post-Graduate,Self-Employed,10,92207.0,6633.0,1,25034,3938,2717,1,4,31544,0.34,857,4,0,1,325354,2804.0,0.86,1,0.36,694,C
CUST00209,23,Female,Married,Doctorate,Salaried,12,76385.0,3526.0,4,0,3372,3849,0,3,14063,0.41,461,2,1,0,120621,1386.0,0.92,0,0.22,726,B
CUST00210,69,Male,Single,Graduate,Salaried,1,25628.0,5555.0,1,53790,2835,1777,1,1,6655,0.41,218,0,1,0,44693,1354.0,0.98,0,0.63,702,B
CUST00211,57,Male,Married,Post-Graduate,Salaried,22,68475.0,6263.0,2,4512,229,1025,2,2,13178,0.37,390,3,0,3,267672,3345.0,0.89,0,0.59,677,C
CUST00212,69,Male,Single,Graduate,Business Owner,29,92770.0,792.0,1,1348,3074,2561,0,5,43344,0.08,277,0,0,4,169221,1859.0,0.31,0,0.24,710,B
CUST00213,37,Male,Single,Graduate,Salaried,16,37385.0,1748.0,1,29319,1985,3428,0,1,8792,0.15,105,0,0,0,42700,520.0,0.8,1,0.17,765,B
CUST00214,69,Male,Married,Post-Graduate,Business Owner,17,63100.0,6208.0,4,22570,4038,1800,0,1,17644,0.14,197,1,0,2,251478,4657.0,0.67,0,0.89,683,C
CUST00215,22,Female,Single,High School,Salaried,10,120550.0,6587.0,5,0,1804,2843,0,3,23379,0.48,897,1,1,2,328238,17275.0,0.72,1,1.72,622,C
CUST00216,22,Female,Married,Graduate,Self-Employed,12,92679.0,6134.0,2,7139,1282,924,2,5,12413,0.48,476,0,0,4,215625,3477.0,0.54,0,0.45,643,C
CUST00217,48,Female,Divorced,Graduate,Self-Employed,19,122599.0,6954.0,1,13935,5130,2799,0,2,37395,0.38,1136,1,1,4,323417,3404.0,0.94,0,0.33,738,B
CUST00218,43,Female,Single,Post-Graduate,Self-Employed,28,63709.0,3889.0,4,8850,295,1983,0,5,28509,0.27,615,0,0,0,201498,1975.0,0.62,0,0.37,707,B
CUST00219,57,Male,Divorced,Graduate,Business Owner,8,107450.0,8241.0,4,22944,5534,2720,0,0,25860,0.39,806,0,0,4,16084,174.0,0.86,0,0.02,758,B
CUST00220,52,Female,Divorced,Doctorate,Unemployed,0,44052.0,10464.0,4,33964,3158,2640,0,5,18166,0.28,406,0,0,3,35221,378.0,0.75,0,0.1,746,B
CUST00221,53,Female,Married,High School,Salaried,8,99909.0,3066.0,5,52973,2495,1369,0,5,11294,0.21,189,0,2,3,14612,158.0,0.63,0,0.02,755,B
CUST00222,21,Male,Single,Graduate,Salaried,10,53551.0,1222.0,1,0,2351,2676,2,3,10399,0.34,282,1,0,0,64391,,0.67,1,0.17,696,C
CUST00223,39,Female,Single,Post-Graduate,Salaried,10,,4779.0,3,19007,4320,1870,3,5,13537,0.08,86,3,1,2,269292,6411.0,0.78,0,0.87,685,C
CUST00224,22,Male,Married,Graduate,Self-Employed,18,90231.0,7635.0,2,21268,3326,3609,0,4,23564,0.41,772,0,0,1,145640,2468.0,0.91,0,0.33,732,B
CUST00225,64,Female,Single,Post-Graduate,Salaried,10,95647.0,6983.0,3,21067,3260,3623,0,2,43780,,1400,0,1,2,266463,2444.0,0.94,0,0.31,741,B
CUST00226,46,Female,Single,High School,Self-Employed,7,44757.0,5429.0,5,22990,2901,2746,2,0,11162,0.47,419,2,1,0,54725,943.0,0.93,0,0.25,701,B
CUST00227,52,Male,Divorced,High School,Salaried,4,84492.0,0.0,1,21245,2308,2615,1,0,28839,0.6,1384,3,1,4,332031,4955.0,0.59,1,0.7,583,D
CUST00228,26,Female,Single,High School,Self-Employed,1,75752.0,2920.0,3,37421,4875,3395,1,2,34789,0.2,556,0,0,1,27583,353.0,0.94,0,0.06,792,B
CUST00229,52,Female,Married,Doctorate,Business Owner,11,112632.0,8314.0,3,25808,2287,3635,1,4,27472,0.19,417,1,1,0,259126,15242.0,0.76,1,1.62,674,C
CUST00230,24,Female,Single,Graduate,Self-Employed,19,55795.0,0.0,3,0,1075,4365,0,1,13742,0.6,659,2,1,1,134174,1788.0,0.49,0,0.38,611,C
CUST00231,31,Male,Married,Post-Graduate,Self-Employed,5,35814.0,5061.0,2,237,3458,2204,0,3,4841,0.15,58,2,0,3,104570,1259.0,0.76,0,0.42,726,B
CUST00232,37,Female,Divorced,Graduate,Salaried,26,25640.0,3279.0,1,33613,853,990,0,4,6143,0.38,186,0,1,0,1163,9.0,0.84,0,0.0,748,B
CUST00233,58,Male,Single,Graduate,Salaried,8,66429.0,6961.0,4,27394,5210,3653,2,5,26469,0.44,931,0,0,3,69545,2575.0,0.8,0,0.47,684,C
CUST00234,44,Male,Single,Graduate,Self-Employed,2,62193.0,0.0,1,15859,3616,4398,0,0,27231,0.37,806,1,0,1,110359,1212.0,0.69,0,0.23,704,B
CUST00235,25,Male,Married,Doctorate,Salaried,2,65981.0,4096.0,3,27083,0,2584,0,5,25673,0.22,451,2,0,0,138983,3474.0,0.21,0,0.63,616,C
CUST00236,54,Female,Married,Post-Graduate,Unemployed,0,,5470.0,1,29178,3571,2440,0,4,6795,0.14,76,1,1,3,17568,184.0,0.7,0,0.03,765,B
CUST00237,26,Female,Married,Post-Graduate,Unemployed,0,116832.0,3945.0,4,35163,2440,4419,1,1,17149,0.06,82,1,0,0,381356,14124.0,0.74,0,1.45,700,B
CUST00238,42,Female,Single,High School,Business Owner,9,70589.0,6807.0,2,16531,4911,1205,0,5,27698,0.41,908,0,1,1,37934,1806.0,0.52,2,0.31,663,C
CUST00239,31,Female,Single,Graduate,Salaried,10,108938.0,376.0,1,31952,2789,2138,0,4,51958,0.56,2327,1,1,1,250700,7373.0,0.72,0,0.81,628,C
CUST00240,68,Male,Divorced,Graduate,Self-Employed,13,86528.0,1633.0,1,18084,2822,1737,0,4,32720,0.36,942,2,0,2,113506,2579.0,0.96,0,0.36,730,B
CUST00241,36,Male,Divorced,Doctorate,Salaried,29,47616.0,4020.0,2,0,2399,2534,1,5,9068,0.05,36,0,0,3,95117,905.0,0.43,0,0.23,723,D
CUST00242,53,Male,Married,Graduate,Salaried,1,75253.0,,2,25819,2556,3743,1,0,10762,0.4,344,2,2,1,13911,147.0,0.84,2,0.02,719,B
CUST00243,29,Male,Married,Graduate,Salaried,14,121365.0,6538.0,3,38993,0,1007,0,4,54712,0.44,1925,1,1,1,410737,20536.0,0.8,0,2.0,646,C
CUST00244,26,Male,Married,Graduate,Salaried,2,105455.0,5518.0,3,31692,2146,3739,0,5,14722,0.43,506,3,0,0,117839,2678.0,0.69,0,0.3,677,C
CUST00245,36,Male,Married,Graduate,Salaried,4,111075.0,2240.0,2,37990,1494,1501,1,3,17818,0.11,156,3,0,4,128745,1287.0,0.89,0,0.14,775,B
CUST00246,49,Male,Single,High School,Salaried,28,90144.0,3208.0,4,22643,2370,3029,0,2,30529,0.37,903,1,0,4,155239,10349.0,0.8,0,1.38,655,C
CUST00247,23,Male,Married,Post-Graduate,Unemployed,0,60682.0,8317.0,3,7327,4638,0,1,5,10679,0.51,435,0,1,3,65165,581.0,0.99,2,0.11,727,B
CUST00248,40,Male,Married,Graduate,Salaried,1,124201.0,11063.0,4,22897,5428,41,0,0,23727,0.56,1062,3,0,2,288896,5664.0,0.88,1,0.55,657,E
CUST00249,56,Male,Single,Post-Graduate,Unemployed,0,91784.0,6826.0,2,14382,3313,2318,0,2,14401,0.2,230,1,2,4,317243,3339.0,,0,0.44,761,B
CUST00250,39,Female,Married,Post-Graduate,Salaried,11,102927.0,6032.0,1,24916,2096,4021,0,4,49171,0.06,236,2,1,4,181842,1595.0,0.89,0,0.19,791,B
CUST00251,46,Female,Married,Graduate,Salaried,13,78256.0,1538.0,2,20880,876,3769,0,1,11736,0.18,168,0,0,3,35346,,0.67,1,0.3,733,B
CUST00252,23,Female,Married,Graduate,Self-Employed,27,43998.0,5590.0,2,35435,2263,592,0,5,20790,0.57,948,0,0,3,154294,3085.0,0.73,0,0.84,624,C
CUST00253,39,Male,Married,High School,Self-Employed,18,86848.0,0.0,5,0,1127,3830,2,5,20016,0.3,480,2,0,1,181525,2241.0,0.34,0,0.31,642,C
CUST00254,40,Male,Divorced,Doctorate,Salaried,10,125818.0,8941.0,2,0,2663,3131,0,0,53928,0.17,733,2,0,1,482978,6616.0,0.74,0,0.63,712,B
CUST00255,52,Female,Single,Graduate,Salaried,5,99247.0,6680.0,3,21178,2911,3025,0,4,47638,0.27,1028,2,0,0,345822,2930.0,0.77,0,0.35,720,B
CUST00256,27,Male,Married,Graduate,Salaried,1,91615.0,4827.0,1,14664,3280,5243,1,4,28190,0.07,157,2,1,0,317888,17660.0,0.8,0,2.0,696,C
CUST00257,61,Male,Married,Graduate,Salaried,14,49203.0,1525.0,4,12212,3151,1750,2,1,20078,0.35,562,0,0,4,23954,1409.0,0.79,0,0.34,709,B
CUST00258,53,Male,Married,Graduate,Self-Employed,16,120691.0,5544.0,5,9400,110,3668,1,4,24911,,219,0,1,4,253298,19484.0,0.74,0,1.94,699,C
CUST00259,60,Male,Single,Graduate,Self-Employed,24,115417.0,493.0,3,19459,1560,2546,0,3,29221,0.52,1215,3,0,3,391110,4547.0,0.58,0,0.47,631,C
CUST00260,59,Male,Single,Graduate,Salaried,26,21532.0,4056.0,1,26186,1588,4451,0,1,6915,0.09,49,2,0,3,67883,1257.0,0.77,0,0.7,712,B
CUST00261,38,Male,Divorced,Post-Graduate,Business Owner,18,102867.0,,4,28249,2329,2918,0,0,45280,0.19,688,1,0,0,215275,2174.0,0.92,1,0.25,769,B
CUST00262,60,Female,Married,Post-Graduate,Salaried,27,67516.0,2861.0,1,0,3152,1876,1,0,23515,0.34,639,2,0,0,268411,3313.0,0.64,0,0.59,658,F
CUST00263,21,Male,Divorced,Graduate,Self-Employed,3,83750.0,4879.0,3,18444,1845,1714,0,2,9115,0.42,306,2,0,0,307770,4964.0,0.78,0,0.71,661,C
CUST00264,31,Male,Married,Graduate,Business Owner,3,50472.0,11990.0,1,0,7741,2779,0,3,11200,0.13,116,1,1,2,85681,1360.0,0.63,0,0.32,729,B
CUST00265,48,Female,Married,Post-Graduate,Unemployed,0,78623.0,0.0,2,33355,4842,1549,0,5,35064,0.48,1346,2,1,0,74295,750.0,0.89,0,0.11,720,B
CUST00266,45,Male,Married,High School,Salaried,7,41991.0,2683.0,1,29329,1444,0,0,3,8234,0.2,131,1,0,1,63729,827.0,0.32,0,0.24,676,C
CUST00267,43,Male,Married,Post-Graduate,Self-Employed,13,50902.0,4224.0,2,4013,4991,4079,1,0,12581,0.06,60,2,1,4,57539,885.0,0.59,1,0.21,728,B
CUST00268,51,Female,Married,Graduate,Salaried,9,90530.0,3408.0,3,21329,5497,3858,0,4,23161,0.27,500,1,0,2,235021,4608.0,0.85,0,0.61,715,B
CUST00269,50,Male,Married,Post-Graduate,Self-Employed,3,52295.0,6358.0,5,0,1124,2501,0,5,8460,0.18,121,1,0,0,147882,5687.0,0.96,0,1.3,708,B
CUST00270,62,Male,Married,Graduate,Salaried,17,87867.0,6620.0,2,26552,1222,3352,1,3,21081,0.4,674,1,0,1,48663,2703.0,0.96,1,0.37,720,B
CUST00271,55,Male,Married,Graduate,Salaried,15,78291.0,5135.0,1,26770,3187,3418,1,3,33427,0.25,668,1,1,0,90093,892.0,0.96,0,0.14,771,B
CUST00272,27,Male,Married,Post-Graduate,Business Owner,27,146459.0,5408.0,1,31371,4590,2561,0,4,64388,0.26,1339,1,1,2,547207,12436.0,0.71,0,1.02,668,C
CUST00273,36,Female,Single,High School,Salaried,10,,0.0,1,29322,3490,406,1,1,18477,0.08,118,2,0,3,141612,2052.0,0.59,0,0.44,709,B
CUST00274,46,Female,Divorced,Graduate,Business Owner,15,64913.0,6417.0,3,11923,416,2915,0,4,24114,0.72,1388,2,0,1,181092,4024.0,0.63,0,0.74,579,C
CUST00275,68,Male,Single,Graduate,Business Owner,1,53505.0,5579.0,4,4565,1809,2190,0,2,16791,0.16,214,0,1,3,10117,117.0,0.92,0,0.03,801,A
CUST00276,69,Female,Married,Post-Graduate,Self-Employed,28,117891.0,2920.0,1,9555,2117,4912,0,2,13876,0.33,366,1,0,0,195356,2915.0,0.75,0,0.3,721,B
CUST00277,22,Male,Married,Graduate,Salaried,27,78194.0,9856.0,1,18118,4260,3290,0,5,29610,0.21,497,2,1,4,297007,4242.0,0.9,5,0.65,696,C
CUST00278,21,Male,Married,Post-Graduate,Salaried,22,70158.0,4778.0,2,1042,869,3295,0,0,34982,0.32,895,1,0,3,221280,6508.0,,0,1.11,645,B
CUST00279,68,Female,Married,Graduate,Unemployed,0,98108.0,5676.0,5,14810,1109,4285,1,1,18751,0.43,645,1,0,4,306771,4648.0,0.74,0,0.57,670,C
CUST00280,32,Male,Single,High School,Salaried,10,48895.0,4877.0,1,14814,3089,2633,0,3,24098,0.15,289,1,0,3,175456,4873.0,0.96,1,1.2,708,B
CUST00281,25,Male,Married,Post-Graduate,Self-Employed,7,34735.0,48.0,3,36765,2994,4891,0,5,17336,0.19,263,1,0,2,28479,327.0,0.81,1,0.11,757,B
CUST00282,57,Male,Married,High School,Self-Employed,7,83554.0,1962.0,4,27060,4353,1272,0,0,13085,0.36,376,1,1,1,329521,3362.0,0.57,1,0.48,663,C
CUST00283,52,Male,Married,Graduate,Unemployed,0,79863.0,4170.0,4,9209,2066,2364,0,0,37571,0.38,1142,2,0,3,141455,1309.0,0.58,0,0.2,683,C
CUST00284,29,Male,Single,High School,Business Owner,7,52905.0,7946.0,4,24375,4620,4108,0,5,19586,0.43,673,1,1,2,178453,3367.0,0.78,1,0.76,653,C
CUST00285,61,Female,Divorced,Graduate,Self-Employed,9,85668.0,3626.0,3,26312,4369,1025,2,5,24548,0.05,98,1,0,4,104380,1087.0,,0,0.15,756,B
CUST00286,55,Male,Married,Graduate,Salaried,8,130495.0,,4,0,2845,2076,0,3,31040,0.32,794,1,0,1,339524,16976.0,0.69,0,1.56,652,A
CUST00287,39,Male,Divorced,Graduate,Salaried,3,88429.0,6364.0,4,51136,2191,3082,0,3,31119,0.75,1867,2,1,2,22150,425.0,0.63,1,0.06,633,C
CUST00288,68,Male,Married,Graduate,Salaried,26,15533.0,2601.0,2,17267,5530,3139,0,4,6789,0.34,184,0,0,0,59556,2382.0,0.67,0,1.84,639,C
CUST00289,36,Female,Married,Graduate,Business Owner,5,117513.0,2192.0,4,6487,3701,1732,0,2,13354,0.31,331,1,1,2,55005,753.0,0.75,0,0.08,744,B
CUST00290,23,Female,Divorced,Graduate,Self-Employed,13,134680.0,2961.0,2,20302,2567,4248,1,3,42314,0.14,473,1,1,3,371776,3644.0,0.58,0,0.32,725,B
CUST00291,40,Female,Divorced,Graduate,Business Owner,13,90873.0,2771.0,2,6219,1544,1302,2,4,32723,0.24,628,1,0,0,2249,112.0,0.72,1,0.01,740,B
CUST00292,44,Female,Married,Doctorate,Self-Employed,8,80139.0,1737.0,2,0,4953,2764,2,2,8834,0.19,134,3,0,3,164718,1384.0,0.73,0,0.21,721,B
CUST00293,53,Female,Single,Post-Graduate,Self-Employed,18,28575.0,7586.0,3,28448,2031,1709,0,1,13019,0.25,260,1,2,4,36892,361.0,0.87,0,0.15,756,B
CUST00294,44,Male,Married,High School,Salaried,7,49033.0,6756.0,1,20635,2192,286,1,1,23570,0.24,452,1,0,3,45572,536.0,0.83,0,0.13,751,B
CUST00295,31,Male,Married,High School,Salaried,27,65791.0,1751.0,5,23917,1866,1661,1,1,22697,0.48,871,1,0,1,187879,2378.0,0.92,0,0.43,696,C
CUST00296,69,Female,Single,Doctorate,Salaried,10,52966.0,5502.0,4,0,2435,2120,0,3,7775,0.01,6,3,0,4,93906,823.0,,0,0.19,729,B
CUST00297,28,Female,Single,Graduate,Self-Employed,10,59717.0,4033.0,5,26835,3600,945,0,2,28244,0.43,971,1,0,0,75856,985.0,0.79,0,0.2,711,B
CUST00298,56,Female,Divorced,Graduate,Salaried,23,78705.0,4640.0,1,16594,2230,3989,0,5,33213,0.28,743,0,0,2,141248,2769.0,0.69,1,0.42,708,B
CUST00299,58,Male,Single,Post-Graduate,Self-Employed,11,54463.0,5100.0,2,1199,2852,2705,0,2,6068,0.24,116,3,0,2,68655,1961.0,0.91,1,0.43,721,C
CUST00300,60,Male,Married,Graduate,Self-Employed,12,120583.0,562.0,2,6350,1941,2854,0,1,39992,0.36,1151,2,0,1,203701,1835.0,0.52,0,0.18,685,C
CUST00301,40,Male,Single,Graduate,Salaried,13,77233.0,0.0,2,43582,3732,2395,1,0,11261,0.09,81,0,1,2,50841,736.0,,1,0.11,757,B
CUST00302,55,Female,Single,Doctorate,Salaried,8,90136.0,5060.0,2,13443,2848,2367,1,2,14099,0.26,293,2,1,1,333413,3922.0,0.81,0,0.52,707,B
CUST00303,68,Male,Single,Post-Graduate,Salaried,17,90279.0,3835.0,4,42910,1152,3183,0,2,15979,0.05,63,3,0,3,151946,2411.0,0.88,0,0.32,771,B
CUST00304,45,Male,Single,High School,Salaried,24,86479.0,4332.0,1,5619,2812,1905,0,4,22352,0.35,625,0,1,3,161216,1439.0,0.91,1,0.2,749,B
CUST00305,55,Female,Married,High School,Self-Employed,14,76423.0,3051.0,1,11385,3349,0,0,1,34432,0.11,303,2,0,2,221849,3311.0,0.84,1,0.52,736,B
CUST00306,45,Male,Divorced,Graduate,Salaried,17,104984.0,4963.0,1,13762,2380,274,2,0,11803,0.61,575,0,0,2,52126,801.0,0.2,1,0.09,598,D
CUST00307,49,Female,Single,Post-Graduate,Business Owner,19,111275.0,0.0,5,31621,0,2874,1,4,41804,0.08,267,1,1,1,86911,2633.0,0.46,0,0.28,718,B
CUST00308,38,Male,Married,Graduate,Business Owner,16,15000.0,5078.0,2,23724,4877,2158,0,0,7287,0.18,104,0,1,4,9016,95.0,0.41,0,0.08,711,B
CUST00309,66,Male,Married,High School,Salaried,9,31885.0,0.0,3,22525,1490,5687,0,5,11366,0.39,354,2,2,2,61146,3821.0,0.2,0,1.44,546,D
CUST00310,38,Male,Divorced,Doctorate,Self-Employed,20,58716.0,2783.0,1,35560,3924,3582,1,0,25027,0.23,460,3,0,4,137899,1838.0,0.77,0,0.38,707,B
CUST00311,22,Female,Married,High School,Self-Employed,10,41532.0,3542.0,5,29096,2430,2977,1,5,19134,0.28,428,1,0,0,118721,2968.0,0.35,0,0.86,605,F
CUST00312,55,Male,Married,High School,Self-Employed,29,52948.0,0.0,4,0,2856,551,1,0,20433,0.28,457,2,0,2,199820,1867.0,0.54,0,0.42,667,C
CUST00313,36,Male,Married,Graduate,Salaried,9,,8789.0,2,34319,2702,1709,0,3,22351,0.22,393,1,0,0,21154,311.0,0.89,1,0.06,771,B
CUST00314,61,Female,Married,Graduate,Salaried,1,67292.0,4705.0,5,3940,4504,3684,1,2,7212,0.2,115,0,0,2,181099,1547.0,0.69,0,0.28,733,B
CUST00315,56,Male,Single,Graduate,Salaried,24,30265.0,2724.0,3,34775,3349,2746,1,2,9308,0.34,253,2,0,0,91394,1269.0,0.5,0,0.5,640,C
CUST00316,53,Female,Married,Doctorate,Salaried,3,62572.0,10643.0,3,26605,3217,1365,0,4,18001,0.1,144,2,0,0,166319,6159.0,0.85,2,1.18,690,C
CUST00317,24,Female,Divorced,Post-Graduate,Business Owner,11,117680.0,5660.0,4,28523,1172,1079,0,5,36372,0.18,523,0,0,2,402469,5159.0,0.84,0,0.53,748,B
CUST00318,53,Male,Married,Graduate,Self-Employed,7,67458.0,6046.0,1,13389,5246,3147,1,0,18415,0.3,441,0,0,1,140373,1299.0,0.62,1,0.23,704,B
CUST00319,34,Female,Married,Graduate,Unemployed,0,92759.0,4275.0,1,3759,720,1737,0,0,42912,0.15,514,2,0,0,303543,5951.0,0.88,0,0.77,720,B
CUST00320,41,Male,Married,Graduate,Salaried,13,72980.0,3326.0,5,17727,4951,1946,0,2,33250,0.29,771,1,1,2,20324,,0.63,1,0.04,723,B
CUST00321,68,Female,Single,Graduate,Salaried,23,78446.0,5565.0,5,24394,260,2261,1,5,11788,0.26,245,0,0,3,199791,3917.0,0.93,0,0.6,731,B
CUST00322,40,Male,Married,High School,Self-Employed,23,71534.0,0.0,1,28603,5718,4162,1,0,22401,0.26,465,1,0,3,269215,3204.0,0.88,0,0.54,721,B
CUST00323,28,Female,Married,Doctorate,Salaried,25,97289.0,0.0,1,12264,3618,2214,0,0,47070,0.22,828,2,0,0,177052,1718.0,0.89,0,0.21,760,B
CUST00324,27,Male,Married,High School,Salaried,18,50373.0,426.0,5,9876,2226,4183,2,0,17099,0.17,232,1,1,3,24522,235.0,0.85,0,0.06,768,B
CUST00325,23,Female,Married,High School,Self-Employed,16,80131.0,0.0,2,15231,925,2033,1,1,33708,0.41,1105,2,0,1,116566,2914.0,0.65,1,0.44,657,C
CUST00326,37,Male,Divorced,Graduate,Salaried,24,57690.0,6336.0,3,31983,2976,763,1,1,14384,0.16,184,0,2,1,196228,1721.0,0.89,1,0.36,757,B
CUST00327,53,Male,Single,Graduate,Self-Employed,16,95106.0,2627.0,3,0,3688,2179,1,1,23862,0.55,1049,0,0,3,48383,417.0,0.83,0,0.05,715,B
CUST00328,68,Male,Married,High School,Salaried,21,41761.0,8409.0,4,15795,3086,2491,1,5,9616,0.18,138,2,0,3,88077,1834.0,0.83,0,0.53,717,B
CUST00329,32,Male,Married,High School,Self-Employed,10,94516.0,4124.0,3,9589,2389,563,0,5,10277,0.28,230,0,0,2,324085,6895.0,0.46,0,0.88,639,C
CUST00330,42,Female,Married,Graduate,Business Owner,9,81256.0,2121.0,5,27456,1909,1263,0,4,38185,,1374,0,0,1,255551,2808.0,0.48,0,0.41,652,C
CUST00331,42,Male,Single,Post-Graduate,Salaried,8,37058.0,4300.0,2,36073,4771,3188,0,0,8888,0.45,319,2,0,2,75947,678.0,0.81,0,0.22,698,C
CUST00332,66,Female,Married,Graduate,Unemployed,0,127383.0,7835.0,5,0,2520,1906,0,1,31442,0.49,1232,0,1,1,318108,7069.0,0.65,0,0.67,652,C
CUST00333,50,Female,Divorced,Graduate,Self-Employed,3,91735.0,3751.0,1,24765,3555,3511,0,1,37044,0.37,1096,3,0,1,102649,2138.0,0.49,2,0.28,648,D
CUST00334,58,Female,Married,Graduate,Unemployed,0,42429.0,8242.0,1,33265,3819,826,0,3,13185,0.3,316,2,1,4,158357,,0.57,0,0.75,642,C
CUST00335,58,Male,Divorced,Post-Graduate,Salaried,28,79702.0,7790.0,3,5275,1137,1487,1,4,19512,0.48,749,2,1,1,9895,247.0,0.88,1,0.04,715,B
CUST00336,65,Male,Divorced,Graduate,Self-Employed,26,25820.0,2780.0,2,34524,2847,3374,0,1,11708,0.13,121,0,1,0,37751,385.0,0.74,0,0.18,762,B
CUST00337,28,Female,Single,High School,Salaried,24,23566.0,3030.0,4,5083,4969,2632,2,1,10136,0.15,121,1,0,0,37277,582.0,0.86,0,0.3,748,B
CUST00338,47,Male,Single,Graduate,Business Owner,9,110887.0,2864.0,5,28887,3435,489,0,1,54414,0.02,87,0,0,0,344005,2890.0,0.71,0,0.31,776,B
CUST00339,47,Male,Divorced,Post-Graduate,Self-Employed,2,38997.0,883.0,4,37585,3668,2816,0,3,13898,0.08,88,1,0,3,73771,630.0,0.47,0,0.19,724,B
CUST00340,54,Female,Divorced,High School,Salaried,19,98620.0,33.0,4,8626,2363,4201,1,3,37084,0.36,1068,1,1,2,338384,5936.0,0.49,1,0.72,626,C
CUST00341,41,Female,Single,Graduate,Unemployed,0,110017.0,2999.0,4,16035,4631,2267,1,4,25281,0.08,161,1,1,4,125062,1276.0,0.93,0,0.14,801,A
CUST00342,50,Female,Single,High School,Salaried,18,45479.0,0.0,4,36703,5927,1825,1,0,6359,0.34,172,3,0,0,32291,609.0,0.72,0,0.16,698,C
CUST00343,53,Male,Single,High School,Salaried,8,137399.0,1078.0,5,0,1836,3749,0,0,19561,0.36,563,0,0,3,135851,2890.0,0.74,0,0.25,728,B
CUST00344,48,Female,Divorced,Graduate,Self-Employed,5,77781.0,5908.0,1,27304,4178,1811,1,5,27874,0.42,936,1,1,2,53884,612.0,0.81,1,0.09,718,B
CUST00345,67,Male,Single,Graduate,Self-Employed,6,76450.0,278.0,5,46971,935,3167,0,4,11108,0.51,453,1,0,3,104312,4012.0,0.52,1,0.63,614,C
CUST00346,53,Male,Married,Post-Graduate,Salaried,10,45053.0,8291.0,1,0,3912,2149,0,5,20843,0.21,350,2,0,3,43810,,0.88,0,0.31,745,B
CUST00347,25,Female,Married,Graduate,Salaried,15,45595.0,6217.0,1,36160,3660,1226,1,0,17396,0.08,111,1,1,2,112487,6616.0,0.55,0,1.74,659,C
CUST00348,68,Male,Single,Graduate,Unemployed,0,15000.0,9980.0,5,32374,1283,1812,0,2,2857,0.41,93,1,0,2,800,10.0,0.84,1,0.01,728,B
CUST00349,39,Male,Married,Graduate,Self-Employed,4,51694.0,10614.0,5,19193,4388,0,0,5,10942,0.71,621,2,0,1,104333,1372.0,0.67,0,0.32,623,C
CUST00350,24,Male,Single,Graduate,Salaried,3,109987.0,6642.0,5,26147,1505,3449,0,0,42233,0.29,979,1,1,1,172835,12345.0,0.59,0,1.35,640,C
CUST00351,55,Female,Divorced,High School,Salaried,24,44453.0,2642.0,1,23684,5899,3300,0,3,19099,0.45,687,1,1,0,59064,711.0,0.56,0,0.19,672,C
CUST00352,69,Female,Single,Post-Graduate,Unemployed,0,47062.0,0.0,5,11836,3215,2784,0,3,20508,0.26,426,2,0,0,14171,232.0,0.52,0,0.06,704,B
CUST00353,37,Female,Married,Doctorate,Self-Employed,16,36413.0,0.0,2,38557,2768,1785,1,1,12395,0.19,188,2,0,1,105956,1558.0,0.92,0,0.51,730,B
CUST00354,64,Female,Married,High School,Unemployed,0,34162.0,10296.0,3,19906,1999,3436,1,3,5537,0.16,70,3,1,2,49484,419.0,0.66,0,0.15,721,B
CUST00355,48,Male,Single,High School,Salaried,16,101627.0,0.0,3,25904,3911,3246,2,2,43429,0.24,833,0,0,3,382110,3604.0,0.92,0,0.43,746,B
CUST00356,50,Male,Single,High School,Self-Employed,15,38554.0,3756.0,2,5599,3511,3444,0,2,16063,0.65,835,1,0,1,146530,1241.0,0.47,0,0.39,603,C
CUST00357,49,Male,Married,Post-Graduate,Self-Employed,24,71047.0,8014.0,3,0,3213,2966,0,2,30844,0.03,74,1,1,0,163030,3791.0,0.74,0,0.64,737,B
CUST00358,66,Male,Single,Post-Graduate,Salaried,9,64341.0,1778.0,1,2317,1874,2216,0,1,10491,0.04,33,3,0,0,90504,1436.0,0.92,1,0.27,775,B
CUST00359,26,Male,Married,Post-Graduate,Self-Employed,17,103698.0,8360.0,5,47437,2598,2231,0,0,38756,0.57,1767,0,1,1,165741,2367.0,0.67,0,0.27,674,C
CUST00360,55,Female,Married,Post-Graduate,Self-Employed,21,49911.0,4213.0,5,29663,1893,84,3,1,24161,0.11,212,2,1,1,57422,562.0,0.66,0,0.14,730,B
CUST00361,61,Male,Married,Graduate,Salaried,12,62071.0,5060.0,5,13519,427,1028,1,3,12564,0.44,442,0,0,4,169758,6287.0,0.8,0,1.22,641,C
CUST00362,57,Male,Married,Graduate,Business Owner,23,42227.0,3542.0,2,28585,2790,3020,0,2,16328,0.54,705,1,0,4,90266,1455.0,0.8,1,0.41,666,C
CUST00363,44,Male,Married,Post-Graduate,Business Owner,8,55792.0,1649.0,2,26342,1329,4338,0,1,11357,0.5,454,1,0,1,94243,,0.81,2,0.34,678,C
CUST00364,49,Male,Married,Graduate,Business Owner,14,47959.0,6488.0,1,0,6027,3491,1,5,10687,0.25,213,1,0,3,100415,1103.0,0.84,0,0.28,737,B
CUST00365,69,Female,Married,Graduate,Business Owner,27,70658.0,6118.0,2,32748,5815,2202,0,1,20781,0.46,764,1,0,4,34345,673.0,0.48,1,0.11,663,C
CUST00366,66,Male,Single,Graduate,Salaried,18,123025.0,6621.0,5,0,3529,1516,0,2,56343,0.12,540,0,0,2,326180,3020.0,0.54,2,0.29,726,B
CUST00367,51,Male,Single,Graduate,Salaried,12,68894.0,7449.0,1,10568,254,3324,1,4,7954,0.22,139,0,0,2,141891,1559.0,0.64,0,0.27,723,B
CUST00368,55,Female,Married,Graduate,Business Owner,27,110242.0,3128.0,1,5298,3686,2716,0,2,54664,0.45,1967,3,0,3,271183,5769.0,0.77,0,0.63,657,C
CUST00369,53,Male,Married,Graduate,Salaried,14,103350.0,6116.0,5,23016,2672,1513,1,4,42252,0.61,2061,1,1,4,114754,1399.0,0.61,0,0.16,655,C
CUST00370,41,Male,Married,Post-Graduate,Salaried,20,73721.0,7124.0,4,23164,4671,2771,0,2,17981,0.24,345,2,0,1,219110,2106.0,0.4,0,0.34,668,C
CUST00371,52,Male,Single,Graduate,Self-Employed,23,103846.0,5657.0,5,0,4528,3407,0,0,25095,0.35,702,1,0,2,198830,3058.0,0.74,0,0.35,709,B
CUST00372,43,Female,Married,Graduate,Salaried,5,81920.0,3194.0,1,38451,1864,576,0,4,24018,0.17,326,3,0,3,32341,281.0,0.79,0,0.04,760,B
CUST00373,53,Female,Single,Post-Graduate,Self-Employed,1,32134.0,5502.0,4,20936,2452,2375,0,4,14466,0.46,532,1,0,2,86046,729.0,0.77,0,0.27,693,C
CUST00374,23,Female,Single,Graduate,Salaried,13,73833.0,0.0,5,34442,2342,4041,0,5,7912,0.2,126,1,0,1,33335,854.0,0.55,0,0.14,723,B
CUST00375,38,Male,Married,Graduate,Salaried,14,81178.0,5565.0,5,20497,2374,3748,2,1,25920,0.48,995,3,0,3,19290,169.0,0.91,0,0.02,713,B
CUST00376,45,Female,Single,High School,Unemployed,0,127889.0,1097.0,4,22640,624,2473,0,4,15658,0.06,75,1,0,4,380860,4185.0,0.77,0,0.39,766,B
CUST00377,62,Male,Married,Graduate,Business Owner,16,47050.0,4491.0,4,0,3573,1297,0,3,6880,0.22,121,1,0,4,88689,6822.0,0.87,0,1.74,687,C
CUST00378,51,Male,Married,Graduate,Business Owner,5,88734.0,3179.0,3,8331,3122,796,2,1,33387,0.03,80,4,0,4,9005,225.0,0.77,0,0.03,766,B
CUST00379,23,Male,Married,Doctorate,Self-Employed,22,38076.0,4581.0,4,16774,2510,3564,1,1,7376,0.46,271,4,0,1,78105,1100.0,0.72,1,0.35,646,C
CUST00380,60,Male,Married,Graduate,Business Owner,1,121287.0,0.0,2,30440,3411,1860,0,5,14146,0.22,248,1,0,2,434317,6294.0,0.65,2,0.62,687,C
CUST00381,66,Male,Single,Graduate,Business Owner,12,111711.0,6551.0,4,13239,3489,3256,0,0,18509,0.6,888,2,0,2,42383,381.0,0.74,0,0.04,686,C
CUST00382,44,Female,Single,Graduate,Self-Employed,19,39032.0,7168.0,1,9211,4748,3889,0,1,7160,0.23,131,1,0,3,54164,3385.0,0.8,0,1.04,674,C
CUST00383,52,Female,Divorced,High School,Unemployed,0,127234.0,1502.0,4,6448,4343,1578,0,1,51900,0.26,1079,0,0,1,422566,17606.0,0.59,0,1.66,655,C
CUST00384,67,Male,Married,Post-Graduate,Salaried,22,107312.0,349.0,5,25377,4547,2086,0,3,37555,0.08,240,1,1,3,109104,1346.0,0.51,0,0.15,742,B
CUST00385,42,Male,Married,Graduate,Unemployed,0,112956.0,1704.0,2,18626,1653,3880,0,1,44510,0.47,1673,2,0,1,49042,700.0,0.63,2,0.07,680,C
CUST00386,43,Male,Single,Graduate,Salaried,10,122096.0,6662.0,4,6758,1318,2267,1,4,30271,0.2,484,2,0,0,216601,11400.0,0.64,0,1.12,653,C
CUST00387,22,Male,Married,Post-Graduate,Self-Employed,12,108785.0,4236.0,2,17096,4426,3190,1,5,15801,0.28,353,1,0,0,376240,4479.0,0.76,1,0.49,703,B
CUST00388,47,Female,Married,Graduate,Salaried,19,,3822.0,3,8707,5562,2108,0,5,27399,0.22,482,2,0,0,84359,916.0,0.95,0,0.17,768,B
CUST00389,62,Male,Married,Post-Graduate,Self-Employed,16,120069.0,3985.0,2,5325,4272,1109,1,0,18750,0.37,555,0,0,1,401733,30902.0,0.94,0,2.0,682,C
CUST00390,22,Female,Married,Graduate,Self-Employed,17,48202.0,2423.0,5,0,3494,3118,0,5,12198,0.48,468,1,0,4,21900,199.0,0.85,0,0.05,723,B
CUST00391,46,Male,Single,Graduate,Unemployed,0,51738.0,5433.0,3,0,3010,4320,0,5,10601,0.08,67,2,0,1,84270,,0.55,0,0.93,663,C
CUST00392,37,Male,Single,Post-Graduate,Unemployed,0,61339.0,8981.0,4,19208,7291,2992,1,3,13409,0.14,150,3,1,0,119844,1099.0,0.8,0,0.21,744,B
CUST00393,60,Male,Married,Post-Graduate,Unemployed,0,85007.0,1752.0,2,0,4249,3238,0,5,28965,0.54,1251,3,0,3,134317,8954.0,0.66,1,1.26,582,D
CUST00394,53,Male,Divorced,High School,Salaried,27,47464.0,6308.0,3,7361,2700,3257,0,2,7866,0.28,176,3,1,3,168471,3662.0,0.68,0,0.93,639,C
CUST00395,29,Male,Single,High School,Unemployed,0,39067.0,4273.0,4,29705,5975,4495,0,2,10874,0.45,391,1,0,2,48848,814.0,0.87,0,0.25,712,B
CUST00396,63,Female,Married,High School,Salaried,5,47518.0,4248.0,4,34729,5583,2120,0,2,16891,0.16,216,1,0,1,164256,1440.0,0.96,0,0.36,769,B
CUST00397,68,Male,Single,Graduate,Business Owner,4,64104.0,8569.0,2,25552,850,0,0,3,28690,0.31,711,0,0,0,213717,2158.0,0.56,0,0.4,688,C
CUST00398,59,Female,Single,Doctorate,Salaried,28,77114.0,7406.0,2,32238,1158,4013,1,2,19162,0.32,490,2,0,2,240376,8012.0,0.67,0,1.25,630,C
CUST00399,49,Male,Single,Graduate,Self-Employed,15,52163.0,4461.0,3,20294,2690,730,2,4,11865,0.45,427,2,1,1,53207,2955.0,0.59,1,0.68,610,C
CUST00400,62,Male,Single,Graduate,Unemployed,0,38655.0,7222.0,2,4210,4913,1921,0,2,9553,0.13,99,4,0,4,56337,1374.0,0.69,0,0.43,704,B
CUST00401,46,Male,Married,Post-Graduate,Unemployed,0,86694.0,0.0,4,30287,2130,1545,0,2,26035,0.13,270,2,1,4,195007,2671.0,0.43,0,0.37,691,C
CUST00402,55,Female,Married,Graduate,Self-Employed,23,129149.0,0.0,5,27300,1470,1546,2,0,29089,0.08,186,2,1,3,76934,2262.0,0.86,1,0.21,769,B
CUST00403,45,Male,Single,Graduate,Business Owner,14,62560.0,2327.0,3,11900,4221,3593,0,2,12523,0.35,350,2,0,1,109066,1346.0,0.73,0,0.26,703,B
CUST00404,44,Female,Single,Doctorate,Salaried,29,101758.0,1419.0,5,10663,105,3338,2,2,25451,0.16,325,2,0,3,2885,36.0,0.88,0,0.0,778,A
CUST00405,33,Male,Married,Post-Graduate,Self-Employed,4,75063.0,3711.0,5,19315,2473,1483,1,1,30860,0.15,370,1,2,1,65659,1727.0,0.67,0,0.28,733,B
CUST00406,27,Female,Single,Post-Graduate,Self-Employed,17,94119.0,7860.0,4,36996,1389,3985,0,4,18929,0.44,666,2,1,1,327791,9933.0,0.88,0,1.27,647,C
CUST00407,56,Male,Married,Graduate,Salaried,11,99459.0,3809.0,5,14361,2987,2202,1,3,43548,0.25,870,0,1,4,4174,173.0,0.58,0,0.02,735,B
CUST00408,65,Female,Single,Post-Graduate,Salaried,6,75145.0,7256.0,1,0,1578,4742,0,0,16084,0.28,360,2,0,0,112032,1302.0,0.63,1,0.21,702,B
CUST00409,40,Female,Married,High School,Salaried,4,45501.0,7189.0,3,26501,2772,2040,1,3,15526,0.1,124,2,0,4,169053,5282.0,0.69,0,1.39,669,C
CUST00410,21,Female,Single,Graduate,Self-Employed,13,38089.0,0.0,4,3359,3632,1965,0,2,18602,0.01,14,0,1,4,120358,2799.0,0.68,0,0.88,713,B
CUST00411,28,Male,Single,Doctorate,Salaried,20,109503.0,6595.0,2,26675,3194,2066,1,1,52639,0.48,2021,1,0,0,65200,1124.0,0.93,0,0.12,731,B
CUST00412,66,Male,Single,Graduate,Salaried,15,93916.0,7997.0,4,26099,2194,1416,0,2,25719,0.1,205,1,0,1,115306,6782.0,0.69,0,0.87,699,C
CUST00413,36,Male,Single,Post-Graduate,Salaried,18,104390.0,8206.0,2,43078,2487,3170,0,2,13258,0.04,42,2,0,2,304408,4169.0,0.79,0,0.48,754,B
CUST00414,34,Female,Married,Graduate,Self-Employed,17,95289.0,4204.0,4,18511,6381,1681,1,5,43933,0.03,105,1,0,2,209789,,0.92,0,0.35,788,B
CUST00415,32,Male,Married,High School,Self-Employed,19,107165.0,4773.0,1,27440,4324,2175,0,5,16156,0.2,258,2,0,4,341519,14848.0,,0,1.66,633,C
CUST00416,43,Female,Single,Post-Graduate,Self-Employed,10,81658.0,4969.0,3,22006,2652,3072,0,0,38331,0.52,1594,1,0,4,54316,1108.0,0.95,0,0.16,725,B
CUST00417,35,Male,Single,High School,Self-Employed,5,29419.0,4318.0,5,33181,3267,4878,3,0,11563,0.46,425,2,0,3,43363,2409.0,0.69,0,0.98,594,D
CUST00418,48,Male,Married,Graduate,Salaried,12,83438.0,1460.0,4,0,3677,1696,1,3,39524,0.12,379,1,0,0,252570,3413.0,0.95,1,0.49,757,B
CUST00419,54,Male,Married,High School,Salaried,25,128797.0,2143.0,3,9842,1857,1847,0,2,47159,0.61,2301,3,0,2,212585,9662.0,0.8,1,0.9,605,C
CUST00420,22,Female,Divorced,Doctorate,Business Owner,15,85535.0,6421.0,3,16297,3003,1770,0,5,42600,0.28,954,1,1,3,227396,5830.0,0.95,1,0.82,704,B
CUST00421,52,Female,Married,Graduate,Salaried,23,38114.0,4150.0,3,20701,1389,3042,0,3,10931,0.15,131,0,0,4,29835,745.0,0.26,2,0.23,674,C
CUST00422,43,Female,Married,Graduate,Salaried,4,97043.0,4909.0,3,1790,1509,1921,0,2,22499,0.44,791,0,0,1,253052,4961.0,0.83,1,0.61,685,C
CUST00423,42,Male,Married,High School,Self-Employed,8,140033.0,7883.0,3,24445,4313,1429,0,0,36033,0.31,893,3,0,3,96883,2549.0,0.58,0,0.22,694,C
CUST00424,45,Female,Divorced,Doctorate,Salaried,28,58251.0,4836.0,5,33233,4508,2623,0,1,13986,0.11,123,2,1,1,177535,4128.0,0.76,1,0.85,693,C
CUST00425,42,Female,Married,Post-Graduate,Business Owner,20,84780.0,1180.0,5,9609,4730,3197,0,5,22069,0.16,282,0,1,3,183849,2188.0,0.68,0,0.31,743,B
CUST00426,42,Male,Single,Post-Graduate,Salaried,22,89260.0,11228.0,4,5417,2892,1918,0,5,40531,0.11,356,0,0,3,153654,1336.0,0.7,0,0.18,768,B
CUST00427,69,Female,Single,Graduate,Self-Employed,28,81108.0,3714.0,2,25931,2259,2617,0,3,27319,0.32,699,0,0,2,22878,738.0,0.96,0,0.11,774,B
CUST00428,62,Female,Single,Graduate,Salaried,17,98931.0,,4,22388,3015,2816,0,3,38610,0.1,308,0,1,4,263180,2685.0,0.91,1,0.33,784,B
CUST00429,26,Female,Married,High School,Salaried,6,62844.0,5465.0,3,23502,314,2497,3,4,13520,0.46,497,1,0,0,47825,,0.85,1,0.17,697,C
CUST00430,35,Female,Married,Graduate,Salaried,16,93803.0,4187.0,2,0,5081,2886,1,5,46521,0.47,1749,1,1,2,45775,408.0,0.68,0,0.05,700,B
CUST00431,63,Male,Married,Graduate,Business Owner,26,110023.0,4424.0,4,61041,0,1480,0,4,23357,0.17,317,4,1,0,68778,642.0,0.55,0,0.07,717,B
CUST00432,57,Male,Single,Doctorate,Unemployed,0,67925.0,2903.0,2,0,4459,1242,1,1,11113,0.33,293,3,0,2,50238,738.0,0.42,0,0.13,660,C
CUST00433,53,Female,Married,Post-Graduate,Salaried,14,99166.0,7524.0,5,32984,1515,1534,0,5,40784,0.19,619,2,0,1,271585,4114.0,,0,0.5,747,B
CUST00434,28,Male,Married,Graduate,Business Owner,2,63644.0,7963.0,3,9237,2987,0,1,4,27725,0.15,332,2,0,0,123996,9538.0,0.94,1,1.8,695,C
CUST00435,64,Female,Single,High School,Self-Employed,17,33691.0,10068.0,2,65326,1723,1074,1,1,8676,0.36,249,0,2,1,62964,839.0,0.44,0,0.3,661,C
CUST00436,64,Female,Married,Post-Graduate,Unemployed,0,33607.0,10511.0,1,26589,1746,3340,0,2,10634,0.2,170,0,1,1,62225,1131.0,0.5,0,0.4,695,C
CUST00437,25,Female,Married,High School,Business Owner,6,88835.0,0.0,3,36002,0,3298,1,4,23599,0.35,660,2,0,1,146304,1741.0,0.87,0,0.24,725,B
CUST00438,59,Female,Divorced,High School,Salaried,11,18715.0,6444.0,5,27468,1095,926,1,4,4071,0.29,94,1,0,3,38578,622.0,0.69,0,0.4,693,C
CUST00439,24,Male,Married,Graduate,Self-Employed,2,77781.0,1063.0,5,0,4365,452,0,3,33084,0.05,132,0,0,2,49931,713.0,0.81,0,0.11,800,A
CUST00440,26,Male,Married,Graduate,Self-Employed,25,51279.0,8475.0,4,21685,1162,2528,2,1,20655,0.68,1123,1,0,2,58150,668.0,0.66,0,0.16,639,C
CUST00441,65,Male,Married,Post-Graduate,Salaried,25,15000.0,5584.0,1,25408,1099,3133,1,3,4411,0.08,28,0,1,3,6016,133.0,0.89,1,0.11,789,B
CUST00442,52,Male,Divorced,Graduate,Salaried,1,95473.0,2425.0,2,27101,2837,1556,0,4,26944,0.45,969,0,0,1,319511,10650.0,0.91,0,1.34,665,C
CUST00443,50,Male,Married,High School,Unemployed,0,32904.0,1207.0,4,37745,0,1789,0,5,5661,0.43,194,2,1,3,131605,1290.0,0.96,1,0.47,696,C
CUST00444,67,Male,Single,Graduate,Unemployed,0,144258.0,2651.0,5,23407,2473,3432,0,2,51198,0.15,614,1,1,2,406038,29002.0,0.63,1,2.0,670,C
CUST00445,55,Female,Married,Post-Graduate,Business Owner,4,124115.0,2201.0,2,32070,3387,4515,0,0,58268,0.19,885,3,0,4,23710,206.0,0.55,1,0.02,722,B
CUST00446,60,Female,Single,Graduate,Unemployed,0,73006.0,8605.0,5,8588,3556,1791,2,1,28292,0.13,294,0,1,0,137823,1219.0,0.84,0,0.2,771,B
CUST00447,36,Male,Married,Graduate,Business Owner,5,15000.0,4830.0,5,0,1443,3170,0,1,4537,0.62,225,1,0,4,395,5.0,0.62,0,0.0,663,C
CUST00448,33,Male,Divorced,Doctorate,Salaried,5,83875.0,1629.0,1,6144,4811,2455,1,2,9684,0.12,92,2,0,1,92618,1569.0,0.67,1,0.22,732,B
CUST00449,62,Female,Married,Doctorate,Salaried,24,130036.0,5889.0,3,8861,4531,3810,0,2,61391,0.07,343,0,0,4,41797,623.0,0.88,1,0.06,813,A
CUST00450,50,Male,Married,Doctorate,Salaried,16,106850.0,5835.0,2,6162,408,1141,0,1,23850,0.44,839,1,0,3,179614,5987.0,0.6,0,0.67,644,C
CUST00451,39,Male,Single,Post-Graduate,Salaried,22,108751.0,4234.0,1,1645,4071,2523,3,1,23923,0.28,535,0,1,3,187714,2801.0,0.68,0,0.31,710,E
CUST00452,37,Male,Married,High School,Salaried,18,121305.0,,5,5636,3227,1721,2,2,34916,0.45,1256,2,0,0,85572,1125.0,0.84,1,0.11,708,B
CUST00453,39,Female,Single,Graduate,Self-Employed,11,37395.0,6412.0,5,13391,3764,2422,0,5,10158,0.18,146,1,0,1,124069,1879.0,0.89,0,0.6,732,B
CUST00454,48,Male,Single,Graduate,Business Owner,17,107593.0,6173.0,1,4695,2075,3555,1,2,52176,0.54,2254,1,0,2,330162,3114.0,0.43,0,0.35,624,C
CUST00455,46,Female,Married,Graduate,Business Owner,29,133230.0,0.0,2,58509,1060,2476,0,2,22116,0.1,176,3,0,0,440741,4952.0,0.82,0,0.45,746,B
CUST00456,57,Male,Single,Doctorate,Self-Employed,3,56407.0,3699.0,5,0,2776,1584,0,4,21189,0.14,237,2,0,1,123248,,0.96,0,0.6,744,B
CUST00457,46,Male,Married,Post-Graduate,Unemployed,0,62938.0,6703.0,2,26598,3567,3591,0,5,8981,0.02,14,0,0,2,2072,51.0,0.42,2,0.01,744,B
CUST00458,43,Male,Married,Post-Graduate,Self-Employed,4,121590.0,5850.0,1,11887,3594,3112,0,1,25626,0.39,799,0,0,0,449283,5224.0,0.6,1,0.52,671,C
CUST00459,29,Male,Divorced,High School,Business Owner,19,116841.0,4997.0,5,28052,3513,2786,1,1,45434,0.12,436,0,0,3,429563,3835.0,0.53,0,0.39,720,B
CUST00460,32,Female,Married,Doctorate,Salaried,9,48899.0,6817.0,4,16368,1386,1057,0,2,20616,0.16,263,2,0,4,106344,1417.0,0.33,0,0.35,668,C
CUST00461,21,Female,Single,Post-Graduate,Salaried,5,36178.0,6105.0,4,32761,5055,3093,1,3,10403,0.53,441,1,0,4,130795,4087.0,0.77,0,1.36,610,C
CUST00462,21,Female,Single,High School,Unemployed,0,71572.0,7171.0,5,14006,4789,1717,2,0,29755,0.65,1547,5,0,0,76372,942.0,0.6,0,0.16,608,C
CUST00463,67,Female,Married,Post-Graduate,Salaried,16,30801.0,5937.0,3,21309,3369,1310,0,1,14601,0.19,221,0,0,1,63717,549.0,0.65,1,0.21,731,B
CUST00464,54,Female,Married,Graduate,Self-Employed,10,49231.0,7040.0,5,0,1570,1391,0,4,23351,0.06,112,2,0,1,135725,4524.0,0.63,0,1.1,672,C
CUST00465,52,Female,Married,High School,Salaried,9,54503.0,6889.0,5,0,3393,3199,1,0,12916,0.42,433,0,0,2,109645,4385.0,0.83,0,0.97,651,C
CUST00466,68,Female,Married,Post-Graduate,Self-Employed,16,108708.0,4748.0,5,0,2358,3051,0,3,24443,0.38,743,0,2,0,369343,6155.0,0.73,0,0.68,681,C
CUST00467,45,Male,Single,Post-Graduate,Unemployed,0,116838.0,4906.0,1,42746,2471,2518,1,5,45634,0.18,657,1,0,0,253281,2221.0,0.63,0,0.23,731,B
CUST00468,60,Male,Married,High School,Salaried,22,108842.0,5232.0,5,33980,4005,0,0,4,39361,0.37,1165,1,1,1,72831,2511.0,0.47,0,0.28,672,C
CUST00469,65,Male,Married,Graduate,Business Owner,26,50282.0,1267.0,5,22923,2371,3792,1,2,12917,0.11,113,1,1,4,166742,2382.0,0.89,0,0.57,744,B
CUST00470,21,Female,Single,Doctorate,Salaried,17,72430.0,365.0,1,35682,5121,3519,1,3,13868,0.13,144,3,0,0,204837,2968.0,0.61,1,0.49,688,C
CUST00471,36,Male,Single,Post-Graduate,Salaried,29,61434.0,6511.0,5,4792,3945,1837,0,2,21340,0.43,734,2,0,0,125972,9690.0,0.53,0,1.89,592,D
CUST00472,59,Male,Single,Post-Graduate,Salaried,18,81398.0,6671.0,4,42313,4511,4133,0,4,22148,0.04,70,1,0,3,162051,1434.0,0.7,0,0.21,769,B
CUST00473,25,Female,Single,Graduate,Business Owner,15,97547.0,4923.0,4,21454,1655,1322,1,4,14909,0.34,405,0,0,2,269594,2837.0,0.26,0,0.35,641,C
CUST00474,42,Female,Married,High School,Salaried,20,60706.0,6066.0,5,16425,2074,2609,1,2,21593,0.45,777,1,1,2,161251,12403.0,0.59,0,2.0,600,C
CUST00475,49,Female,Single,Graduate,Self-Employed,9,44560.0,6969.0,1,35222,1134,2627,0,0,16891,0.23,310,0,1,3,46593,763.0,0.66,1,0.21,727,B
CUST00476,23,Male,Single,Graduate,Salaried,6,122208.0,6306.0,5,34328,4980,2783,0,1,30025,0.2,480,1,0,1,366462,26175.0,0.66,1,2.0,663,C
CUST00477,32,Female,Single,Graduate,Salaried,6,107209.0,6681.0,5,0,7319,829,0,1,46398,0.34,1262,0,0,1,366565,7331.0,0.8,1,0.82,681,C
CUST00478,46,Male,Divorced,High School,Business Owner,11,85186.0,1111.0,2,32926,3780,616,0,5,11028,0.14,123,2,0,2,80463,865.0,0.79,2,0.12,756,B
CUST00479,36,Male,Divorced,Graduate,Salaried,25,43091.0,9937.0,3,17406,3388,2389,1,4,12856,0.28,287,1,0,0,77519,2422.0,0.49,1,0.67,638,C
CUST00480,57,Male,Single,Graduate,Salaried,28,100997.0,5970.0,1,24160,2284,1448,0,3,48734,0.2,779,0,0,0,123056,3001.0,0.79,0,0.36,750,B
CUST00481,42,Male,Single,Post-Graduate,Salaried,20,69916.0,7806.0,3,13821,5425,2897,0,2,12318,0.61,601,0,0,1,49747,507.0,0.8,2,0.09,688,C
CUST00482,49,Male,Single,High School,Self-Employed,3,15000.0,6753.0,2,3542,2932,2652,0,3,2533,0.26,52,1,1,1,5528,81.0,0.85,0,0.06,757,B
CUST00483,34,Female,Married,Graduate,Self-Employed,23,59211.0,1907.0,3,0,2028,4092,0,2,14890,0.14,166,0,0,3,196355,9817.0,0.59,1,1.99,663,C
CUST00484,48,Male,Single,High School,Salaried,12,88752.0,2940.0,5,10700,785,4059,1,3,18392,0.21,308,2,0,4,80329,5737.0,0.7,1,0.78,671,C
CUST00485,25,Female,Married,Graduate,Salaried,15,68515.0,3425.0,4,26538,1432,2561,0,5,12922,0.24,248,2,0,2,171972,1702.0,0.88,2,0.3,733,B
CUST00486,67,Male,Married,High School,Salaried,7,90281.0,8446.0,1,23823,3105,4289,0,2,43329,0.19,658,1,0,3,157814,5090.0,0.1,0,0.68,611,C
CUST00487,69,Male,Divorced,Doctorate,Salaried,25,88995.0,2112.0,1,23046,250,2750,0,4,21175,0.2,338,1,0,2,179668,3266.0,0.66,0,0.44,715,B
CUST00488,50,Male,Single,Post-Graduate,Business Owner,22,42200.0,1241.0,5,31953,1160,2449,0,0,5230,0.21,87,0,1,4,90324,2656.0,0.36,0,0.76,641,C
CUST00489,66,Male,Married,Graduate,Business Owner,18,95521.0,6287.0,3,19166,5494,4548,0,1,43931,0.53,1862,1,1,4,236254,3873.0,0.7,1,0.49,652,C
CUST00490,25,Female,Married,High School,Self-Employed,22,98257.0,10258.0,1,48425,4244,1360,0,3,27443,0.13,285,1,2,3,313073,2898.0,0.77,1,0.35,748,B
CUST00491,32,Male,Single,Graduate,Salaried,15,74084.0,2475.0,2,25658,2512,640,2,5,29217,0.21,490,1,0,0,52384,467.0,0.62,0,0.08,727,B
CUST00492,36,Male,Married,Post-Graduate,Self-Employed,8,75445.0,9300.0,2,5195,4414,2221,2,1,18630,0.15,223,1,0,1,94667,965.0,0.61,0,0.15,730,B
CUST00493,46,Male,Single,High School,Business Owner,22,75302.0,7239.0,3,0,1852,2722,2,3,35698,0.34,970,0,0,1,34245,303.0,0.7,1,0.05,721,B
CUST00494,46,Male,Single,Graduate,Self-Employed,9,120381.0,3735.0,2,24988,4169,3253,2,4,25896,0.55,1139,0,0,4,335260,6984.0,0.6,0,0.7,621,C
CUST00495,68,Female,Single,Post-Graduate,Business Owner,15,86477.0,1032.0,4,16778,2455,1133,1,5,31573,0.44,1111,2,0,0,108307,1525.0,0.69,0,0.21,684,C
CUST00496,41,Male,Married,Post-Graduate,Self-Employed,16,78748.0,3988.0,5,2663,5953,2309,1,4,33841,0.24,649,2,0,0,250256,15641.0,0.9,0,2.0,679,C
CUST00497,59,Female,Married,Post-Graduate,Self-Employed,20,89104.0,2626.0,1,17636,1293,1035,0,3,17390,0.3,417,0,0,4,259187,2912.0,0.34,0,0.39,661,C
CUST00498,56,Female,Divorced,Post-Graduate,Salaried,3,88467.0,8600.0,5,11735,5295,2155,1,3,37209,0.54,1607,2,0,1,15256,311.0,0.83,0,0.04,702,B
CUST00499,53,Female,Single,Doctorate,Self-Employed,27,72034.0,4899.0,3,13342,2808,4106,1,3,30031,0.4,960,1,0,2,29365,299.0,0.78,1,0.05,720,B
CUST00500,50,Female,Divorced,Graduate,Salaried,5,34943.0,6443.0,5,40360,182,2675,1,5,16971,0.29,393,2,0,4,84197,738.0,0.54,2,0.25,668,C
CUST00501,57,Female,Single,Graduate,Business Owner,3,78261.0,6463.0,1,30768,3463,1358,1,4,36714,0.19,558,0,0,0,219678,3723.0,0.65,2,0.57,694,B
CUST00502,43,Female,Married,Post-Graduate,Business Owner,27,92723.0,3080.0,1,35715,4048,139,0,0,23685,0.57,1080,1,0,3,137495,1580.0,0.85,0,0.2,699,C
CUST00503,30,Female,Single,Post-Graduate,Business Owner,28,83720.0,5216.0,3,45754,5248,2056,1,0,28148,0.18,405,1,0,4,66797,996.0,0.83,0,0.14,765,B
CUST00504,25,Male,Single,Doctorate,Salaried,2,60051.0,8003.0,1,21875,4142,2475,1,3,28231,0.05,112,1,0,1,38054,413.0,0.84,1,0.08,787,B
CUST00505,56,Male,Divorced,High School,Salaried,2,69136.0,4772.0,2,23786,1604,2504,2,2,7034,0.24,135,0,0,4,66517,755.0,0.78,0,0.13,748,B
CUST00506,54,Male,Single,Graduate,Salaried,4,104788.0,,5,24899,4557,913,1,0,36774,0.16,470,2,1,3,69636,765.0,0.67,0,0.09,744,C
CUST00507,51,Female,Married,Graduate,Self-Employed,3,24430.0,7070.0,4,36644,3081,2727,0,4,4547,0.18,65,1,0,1,31392,430.0,0.66,0,0.21,731,B
CUST00508,30,Female,Married,Graduate,Business Owner,9,52687.0,1099.0,4,35812,628,348,0,4,20838,0.23,383,0,1,2,103379,1013.0,0.52,1,0.23,705,B
CUST00509,39,Male,Married,Graduate,Self-Employed,23,78953.0,0.0,4,11197,2873,2643,0,5,33048,0.39,1031,2,1,0,214102,3148.0,0.34,0,0.48,620,C
CUST00510,52,Female,Married,Post-Graduate,Salaried,22,106189.0,5864.0,3,2847,1234,2314,2,4,40902,0.47,1537,1,0,0,368163,10518.0,0.89,1,1.19,637,C
CUST00511,21,Male,Married,High School,Unemployed,0,129443.0,8073.0,4,3872,2790,3292,0,1,64518,0.06,309,3,1,0,375166,7815.0,,0,0.72,718,B
CUST00512,25,Male,Single,Post-Graduate,Unemployed,0,101685.0,10405.0,5,20776,4092,3823,0,1,29661,0.69,1637,0,0,4,265233,3735.0,0.92,1,0.44,669,C
CUST00513,65,Female,Married,Post-Graduate,Salaried,24,57216.0,5588.0,1,1507,1310,0,0,4,18568,0.14,207,1,0,0,180216,2145.0,0.78,0,0.45,739,B
CUST00514,24,Male,Divorced,Graduate,Self-Employed,9,22146.0,7472.0,2,25453,3441,3299,2,0,5837,0.29,135,1,1,2,80100,2860.0,0.59,1,1.55,614,C
CUST00515,36,Male,Single,Graduate,Business Owner,19,131038.0,8954.0,4,0,4624,3770,0,1,64155,,1077,0,1,4,120483,2231.0,0.88,0,0.2,780,B
CUST00516,44,Female,Single,Graduate,Self-Employed,12,49751.0,5094.0,4,48055,2062,3323,1,2,23338,0.25,466,2,1,2,123879,1264.0,0.67,1,0.3,697,C
CUST00517,36,Female,Married,Post-Graduate,Unemployed,0,79378.0,3076.0,4,0,2573,1850,0,3,39264,0.16,502,0,0,1,11974,520.0,0.76,0,0.08,775,B
CUST00518,22,Male,Married,Post-Graduate,Salaried,26,71492.0,2767.0,2,10216,4602,3814,0,1,35313,0.68,1921,6,1,2,283583,18905.0,0.9,0,2.0,574,D
CUST00519,69,Female,Married,Post-Graduate,Self-Employed,23,72927.0,4116.0,5,11335,4670,1827,0,1,33413,0.48,1283,0,0,0,250244,15640.0,0.43,0,2.0,585,D
CUST00520,48,Male,Single,Doctorate,Self-Employed,25,40016.0,9348.0,4,41959,1262,1198,0,0,18901,0.63,952,0,0,3,59073,557.0,0.86,0,0.17,693,C
CUST00521,52,Male,Married,Graduate,Business Owner,1,128882.0,7796.0,1,19891,1439,2477,0,0,19068,0.17,259,0,0,2,317197,17622.0,0.92,0,1.64,721,B
CUST00522,47,Male,Single,Doctorate,Business Owner,10,48754.0,4344.0,3,4008,4185,2358,1,2,8259,0.31,204,1,0,4,106338,1611.0,0.49,0,0.4,663,C
CUST00523,40,Female,Married,Post-Graduate,Unemployed,0,79759.0,8736.0,2,18917,2653,3547,0,5,36216,0.33,956,0,1,2,269318,3131.0,0.89,0,0.47,729,B
CUST00524,44,Male,Married,Post-Graduate,Self-Employed,23,61645.0,6358.0,5,20671,2767,1682,0,2,24085,0.26,500,0,0,2,117964,1933.0,,0,0.38,683,C
CUST00525,32,Female,Single,High School,Business Owner,10,93410.0,4348.0,1,25802,363,2663,0,5,42034,0.15,504,0,1,2,49120,564.0,0.51,0,0.07,742,B
CUST00526,55,Female,Married,Doctorate,Salaried,4,68723.0,5531.0,2,3579,2308,1123,1,2,28039,0.22,493,1,1,2,132015,2694.0,0.49,1,0.47,670,C
CUST00527,53,Female,Divorced,Graduate,Salaried,29,65605.0,6207.0,2,33267,2754,4102,1,2,10223,0.23,188,3,0,3,31058,2588.0,0.86,0,0.47,714,B
CUST00528,53,Male,Married,Post-Graduate,Salaried,11,107615.0,5410.0,3,21950,4084,3204,0,1,50215,0.38,1526,0,0,3,347644,4188.0,0.85,3,0.47,703,B
CUST00529,63,Female,Married,High School,Business Owner,28,65296.0,10223.0,3,42001,2441,0,0,2,26672,,106,2,0,4,43435,472.0,0.69,0,0.09,767,B
CUST00530,57,Male,Married,Graduate,Unemployed,0,117328.0,4550.0,5,17397,4089,3929,2,5,38521,,585,1,1,0,173264,2750.0,0.53,0,0.28,705,B
CUST00531,32,Male,Married,Graduate,Salaried,11,37996.0,852.0,4,18868,2741,2695,1,2,11890,0.34,323,0,0,3,16107,503.0,0.85,0,0.16,739,B
CUST00532,23,Male,Single,Graduate,Salaried,11,67518.0,5937.0,3,17514,4883,2606,2,4,22248,0.02,35,2,0,1,102244,6816.0,0.57,1,1.21,658,C
CUST00533,21,Male,Single,High School,Business Owner,22,49208.0,4125.0,5,38775,2978,4654,0,1,12605,0.09,90,3,0,2,189615,3160.0,0.72,0,0.77,694,C
CUST00534,53,Female,Single,Post-Graduate,Self-Employed,6,75924.0,972.0,2,30272,2226,537,0,1,31985,0.03,76,3,0,2,282323,7239.0,0.87,0,1.14,710,B
CUST00535,60,Male,Married,High School,Unemployed,0,33801.0,6993.0,4,9032,1903,3020,0,1,15670,,438,2,0,4,76150,679.0,0.82,0,0.24,715,B
CUST00536,30,Male,Married,Graduate,Salaried,2,93586.0,,1,60131,1443,2073,0,3,18826,0.31,466,0,1,3,238952,2254.0,0.64,2,0.29,703,B
CUST00537,63,Female,Single,High School,Salaried,21,96574.0,5865.0,2,10378,3470,1402,0,2,11127,0.07,62,0,0,1,136017,1402.0,0.56,0,0.17,756,B
CUST00538,64,Male,Married,Graduate,Salaried,23,120186.0,0.0,5,12122,5940,4112,0,5,21774,0.56,975,1,0,2,101179,5058.0,0.91,0,0.51,685,C
CUST00539,49,Female,Married,Graduate,Salaried,22,100422.0,5015.0,1,34457,4178,1448,0,2,40463,0.5,1618,2,1,0,111700,1745.0,0.8,0,0.21,696,C
CUST00540,33,Male,Married,Graduate,Salaried,3,100082.0,6660.0,2,17591,3619,1790,1,2,44772,0.24,859,3,0,1,31727,537.0,0.83,0,0.06,748,B
CUST00541,32,Female,Married,Graduate,Salaried,27,95421.0,7196.0,3,3827,1151,2856,2,0,22846,0.04,73,0,1,2,169935,1682.0,0.48,1,0.21,730,B
CUST00542,51,Female,Married,Post-Graduate,Salaried,28,68458.0,7425.0,5,38484,1228,3935,0,0,11018,0.37,326,0,0,2,23365,417.0,0.75,0,0.07,736,B
CUST00543,66,Male,Single,High School,Salaried,5,123566.0,1836.0,1,50037,4425,2114,1,0,54790,0.39,1709,0,0,4,184066,1704.0,0.51,0,0.17,689,C
CUST00544,22,Male,Single,High School,Unemployed,0,91629.0,5569.0,3,4623,3691,3472,0,3,17029,0.29,395,0,1,0,311926,2810.0,0.77,0,0.37,729,B
CUST00545,55,Male,Divorced,Graduate,Salaried,24,149214.0,2896.0,1,38366,2047,4521,1,2,29357,0.22,516,0,0,4,233295,2082.0,0.77,1,0.17,757,B
CUST00546,43,Female,Single,Doctorate,Salaried,11,127612.0,2723.0,4,12586,426,4627,0,1,17488,0.14,195,3,0,4,222307,6351.0,0.91,0,0.6,738,B
CUST00547,37,Male,Single,Graduate,Business Owner,21,85398.0,4669.0,4,0,2702,3987,0,1,39635,0.14,443,0,1,3,180004,2686.0,0.51,1,0.38,710,B
CUST00548,46,Male,Divorced,Graduate,Self-Employed,12,86867.0,3737.0,5,29776,1651,3986,0,4,20039,0.27,432,1,0,1,109231,1733.0,0.75,0,0.24,733,B
CUST00549,28,Male,Single,Graduate,Self-Employed,26,99960.0,1891.0,1,0,2207,3679,2,5,16866,0.69,931,0,0,3,32859,438.0,0.39,1,0.05,615,C
CUST00550,49,Male,Married,Graduate,Self-Employed,3,122514.0,5965.0,4,9047,1074,906,0,0,58985,0.22,1038,0,0,0,373209,24880.0,0.78,0,2.0,690,C
CUST00551,46,Male,Single,High School,Business Owner,9,28952.0,6645.0,2,15874,4209,2991,0,3,6780,0.09,48,2,1,4,27923,332.0,0.84,1,0.14,768,B
CUST00552,30,Female,Married,High School,Business Owner,27,114372.0,2416.0,2,19506,2084,3021,0,4,45633,0.16,584,1,0,3,66461,738.0,0.66,0,0.08,757,B
CUST00553,46,Male,Single,Graduate,Self-Employed,3,86196.0,4446.0,4,36397,3766,3192,1,3,16563,0.31,410,2,0,0,30133,684.0,0.9,0,0.1,749,B
CUST00554,54,Male,Single,Graduate,Business Owner,2,107409.0,4498.0,4,10799,3579,1454,1,1,41967,0.09,302,0,1,1,292267,18266.0,0.78,0,2.0,707,B
CUST00555,61,Female,Married,High School,Self-Employed,6,53421.0,4546.0,5,40936,2127,3195,2,5,10303,0.21,173,0,1,0,3669,50.0,0.58,0,0.01,733,B
CUST00556,27,Female,Married,Post-Graduate,Salaried,24,52068.0,4829.0,5,18627,2722,3728,0,2,18489,0.16,236,0,0,3,123592,1223.0,,1,0.28,737,B
CUST00557,24,Male,Married,Doctorate,Business Owner,6,85180.0,5865.0,2,3707,5639,2839,1,1,23539,0.18,338,1,1,2,118710,8479.0,0.77,0,1.19,679,C
CUST00558,65,Male,Divorced,Graduate,Self-Employed,17,104285.0,8503.0,3,28914,1456,1224,1,1,43746,0.44,1539,1,1,2,211423,1975.0,0.81,0,0.23,710,B
CUST00559,31,Male,Single,Graduate,Unemployed,0,38054.0,5390.0,1,47002,1739,1790,0,0,14921,0.38,453,3,0,1,138117,2158.0,0.49,1,0.68,609,B
CUST00560,49,Female,Married,Doctorate,Salaried,1,63039.0,3469.0,3,13091,0,2985,2,1,29892,0.19,454,0,0,1,186,1.0,0.73,2,0.0,751,B
CUST00561,56,Male,Married,Post-Graduate,Salaried,25,39068.0,,5,4339,2779,2677,0,3,9792,0.48,376,1,0,0,99263,1682.0,0.67,0,0.52,652,C
CUST00562,45,Female,Divorced,Graduate,Unemployed,0,87544.0,1810.0,3,11350,0,783,0,2,35169,0.27,759,1,0,1,312960,9780.0,,0,1.34,675,C
CUST00563,41,Female,Single,Post-Graduate,Salaried,22,134807.0,2308.0,5,0,2268,2900,0,0,65723,0.14,736,1,0,4,131787,2059.0,0.57,0,0.18,741,B
CUST00564,56,Male,Married,High School,Unemployed,0,64948.0,6297.0,3,24587,287,1182,1,4,15231,0.59,718,1,0,4,30236,2519.0,0.66,0,0.47,634,C
CUST00565,30,Male,Divorced,Graduate,Unemployed,0,98530.0,0.0,2,0,4089,1282,2,1,21282,0.22,374,1,1,4,153516,4149.0,0.66,1,0.51,691,E
CUST00566,57,Male,Single,Graduate,Business Owner,13,78646.0,4349.0,5,29623,2747,1154,2,0,32057,0.17,435,2,0,4,299224,7874.0,0.78,0,1.2,669,B
CUST00567,29,Male,Divorced,High School,Self-Employed,25,86067.0,7784.0,2,16004,0,723,1,0,23944,,708,1,0,1,200914,1810.0,0.52,0,0.25,675,C
CUST00568,44,Male,Single,Graduate,Self-Employed,8,57113.0,6211.0,3,30407,1548,0,0,0,14818,0.23,272,3,0,1,216350,3730.0,0.5,0,0.78,636,C
CUST00569,55,Female,Married,High School,Business Owner,29,94642.0,7581.0,4,16057,2284,869,0,3,30119,0.64,1542,2,2,0,102332,2325.0,0.82,0,0.29,666,C
CUST00570,69,Female,Divorced,Post-Graduate,Business Owner,20,68963.0,6007.0,4,27284,3790,2678,0,4,32703,0.2,523,2,0,2,198969,2072.0,0.86,0,0.36,742,B
CUST00571,55,Female,Married,Graduate,Self-Employed,18,,10976.0,1,5185,4303,2760,1,0,17193,0.37,508,2,0,2,141735,1349.0,0.87,0,0.13,736,B
CUST00572,68,Female,Married,Graduate,Unemployed,0,59673.0,1307.0,4,24184,3592,2105,3,3,17082,0.55,751,3,1,0,123159,2239.0,0.72,1,0.45,621,C
CUST00573,56,Male,Single,High School,Self-Employed,14,104363.0,5346.0,1,10152,3454,2109,0,4,15034,0.2,240,1,0,1,377535,3932.0,0.85,1,0.45,739,B
CUST00574,38,Male,Divorced,High School,Unemployed,0,134208.0,7182.0,3,29144,3621,2562,0,2,60854,0.36,1752,3,2,1,47348,696.0,0.6,1,0.06,697,C
CUST00575,69,Male,Married,Graduate,Salaried,6,110660.0,3734.0,1,17840,3972,1719,1,3,17116,0.16,219,2,0,0,131030,4852.0,0.77,0,0.53,720,B
CUST00576,59,Female,Single,Doctorate,Salaried,1,47927.0,8536.0,1,36534,3017,1620,0,0,6512,0.42,218,1,0,1,67982,1416.0,0.85,0,0.35,706,B
CUST00577,52,Female,Married,High School,Salaried,7,45079.0,6813.0,1,16221,2675,2818,0,1,21885,0.23,402,2,1,3,10541,527.0,0.87,1,0.14,750,B
CUST00578,44,Female,Married,Graduate,Salaried,1,88598.0,524.0,2,8772,3276,3846,2,3,28824,0.43,991,2,0,1,83991,2099.0,0.73,0,0.28,681,C
CUST00579,43,Male,Single,Post-Graduate,Business Owner,15,76855.0,6086.0,1,22032,4747,1471,0,2,33075,0.24,635,3,0,1,19362,624.0,0.74,1,0.1,728,B
CUST00580,52,Male,Single,High School,Salaried,29,90464.0,6824.0,5,55168,0,2603,0,4,26062,0.41,854,0,0,0,106518,5606.0,0.85,1,0.74,681,C
CUST00581,57,Female,Single,Post-Graduate,Unemployed,0,110857.0,9897.0,3,36161,0,1346,1,2,30403,0.11,267,0,1,2,12343,138.0,0.72,0,0.01,784,B
CUST00582,32,Male,Married,Graduate,Salaried,5,77621.0,4461.0,2,7979,3840,3026,0,4,36066,0.11,317,2,0,1,11997,206.0,0.74,1,0.03,766,B
CUST00583,69,Female,Married,Graduate,Salaried,12,56135.0,6676.0,5,19947,1653,5509,1,3,27840,0.28,623,1,1,3,52750,466.0,0.82,1,0.1,741,B
CUST00584,33,Female,Married,Graduate,Salaried,26,81224.0,5772.0,3,10014,3104,3206,1,4,28218,0.45,1015,1,0,3,123065,2366.0,0.66,1,0.35,667,C
CUST00585,43,Female,Married,Graduate,Self-Employed,3,120580.0,3313.0,2,6939,2952,2967,1,0,56344,0.4,1803,0,1,3,192115,3624.0,0.34,1,0.36,639,C
CUST00586,45,Male,Divorced,Graduate,Salaried,22,76070.0,3952.0,3,20216,6244,3021,0,5,33857,0.12,325,1,0,3,106763,5931.0,0.89,0,0.94,717,B
CUST00587,55,Male,Married,Post-Graduate,Salaried,20,139547.0,0.0,4,16124,4013,2679,1,3,44320,0.33,1170,0,0,4,286690,4037.0,0.69,0,0.35,713,B
CUST00588,61,Male,Single,Post-Graduate,Self-Employed,14,101554.0,3581.0,3,4384,4506,2148,2,1,48384,0.52,2012,1,0,2,370986,7134.0,0.96,1,0.84,653,C
CUST00589,50,Male,Married,Post-Graduate,Salaried,28,98696.0,9713.0,4,10121,2534,925,1,2,18162,0.36,523,3,0,4,180786,6456.0,0.81,0,0.78,659,C
CUST00590,37,Male,Married,Post-Graduate,Salaried,6,58638.0,4482.0,4,20807,1791,2501,1,2,26618,0.15,319,3,0,0,23442,275.0,0.79,0,0.06,753,B
CUST00591,69,Female,Married,Graduate,Business Owner,4,71243.0,7533.0,3,11327,1730,2399,0,3,15940,0.18,229,1,0,1,194271,4047.0,0.62,0,0.68,688,C
CUST00592,40,Female,Married,Graduate,Salaried,15,90669.0,5683.0,4,19770,4838,2348,0,1,10173,0.03,24,0,0,1,346540,,0.61,0,0.63,728,B
CUST00593,68,Male,Married,Graduate,Salaried,17,74108.0,6273.0,2,9521,3786,2780,0,3,30742,0.31,762,2,1,4,57959,579.0,0.82,0,0.09,741,B
CUST00594,45,Male,Divorced,Post-Graduate,Salaried,5,,,4,27021,3114,3165,1,0,53256,0.31,1320,1,1,2,87385,891.0,0.46,0,0.09,694,C
CUST00595,42,Male,Single,Graduate,Salaried,24,81399.0,3774.0,1,9697,5567,2994,0,5,15198,0.16,194,1,0,2,81836,1487.0,0.51,0,0.22,718,B
CUST00596,33,Male,Married,Graduate,Self-Employed,6,57305.0,3753.0,2,29512,2791,2176,0,5,17972,0.31,445,0,1,2,11304,98.0,0.78,0,0.02,754,B
CUST00597,39,Female,Single,Post-Graduate,Salaried,10,85588.0,8261.0,2,15612,1843,2993,0,0,34212,0.35,957,1,0,4,275960,5871.0,0.91,0,0.82,690,C
CUST00598,69,Male,Divorced,Graduate,Business Owner,9,65366.0,4758.0,2,0,2486,1547,0,1,15207,0.23,279,2,0,0,99621,858.0,0.99,0,0.16,773,B
CUST00599,56,Male,Single,High School,Unemployed,0,96760.0,4182.0,1,16040,4612,563,1,3,15362,0.26,319,0,0,1,299800,3997.0,0.57,0,0.5,688,C
CUST00600,32,Male,Single,Graduate,Salaried,26,60857.0,7861.0,1,27575,943,1871,0,1,15634,0.63,787,1,0,4,152422,1638.0,0.86,1,0.32,669,C
CUST00601,61,Female,Single,Graduate,Unemployed,0,131966.0,5775.0,1,11709,2928,2506,1,1,37297,0.3,895,0,0,4,59228,1117.0,0.71,1,0.1,737,B
CUST00602,39,Female,Married,Post-Graduate,Salaried,8,31855.0,4546.0,1,17057,5414,430,3,0,12642,0.28,283,1,0,2,69543,1696.0,0.68,1,0.64,658,C
CUST00603,32,Male,Single,Doctorate,Salaried,3,66771.0,3974.0,1,29367,3609,2619,0,0,11983,0.49,469,0,0,4,191292,1678.0,0.85,0,0.3,708,B
CUST00604,29,Male,Married,Graduate,Salaried,22,82313.0,2470.0,5,42798,2704,2712,1,1,35069,0.1,280,0,0,4,15993,940.0,0.8,0,0.14,782,B
CUST00605,27,Female,Married,Graduate,Salaried,20,62367.0,,5,37304,5888,3487,1,1,18764,0.39,585,3,0,3,105031,1167.0,0.65,0,0.22,675,C
CUST00606,48,Female,Single,Post-Graduate,Self-Employed,1,15000.0,8334.0,1,21632,3523,2926,1,4,6923,0.26,143,1,0,2,48605,1388.0,0.56,1,1.11,619,C
CUST00607,34,Male,Single,High School,Salaried,25,135075.0,3727.0,2,28395,583,914,0,0,44076,0.38,1339,0,1,0,530860,13271.0,0.83,0,1.18,670,C
CUST00608,51,Female,Married,Graduate,Business Owner,20,99955.0,0.0,4,21351,2741,2861,1,1,27861,0.13,289,0,1,1,279130,2385.0,0.95,0,0.29,788,B
CUST00609,39,Female,Married,Doctorate,Self-Employed,27,40460.0,10349.0,4,0,4823,2536,0,4,8687,0.08,55,3,0,0,50132,1856.0,0.89,0,0.55,740,B
CUST00610,67,Female,Married,Post-Graduate,Salaried,5,44762.0,5260.0,5,38993,3251,3002,1,5,6378,0.62,316,1,2,2,50272,761.0,0.63,1,0.2,641,E
CUST00611,36,Female,Married,High School,Self-Employed,3,33961.0,5067.0,1,39740,5329,3770,2,5,8445,0.18,121,1,1,0,79682,948.0,0.69,0,0.33,716,B
CUST00612,25,Female,Single,Graduate,Unemployed,0,73749.0,237.0,3,0,1389,1656,1,5,19576,0.51,798,1,0,4,275320,3399.0,0.82,0,0.55,666,C
CUST00613,55,Male,Single,Post-Graduate,Salaried,29,122192.0,6743.0,4,14262,2870,2140,0,1,39995,0.18,575,0,0,0,111366,1251.0,0.83,2,0.12,774,B
CUST00614,32,Female,Single,Post-Graduate,Salaried,25,69323.0,3406.0,4,43017,3534,2473,1,4,30775,0.3,738,4,0,3,63966,2284.0,0.91,0,0.4,708,B
CUST00615,45,Male,Married,Post-Graduate,Salaried,23,64333.0,3413.0,2,23287,1132,1946,0,1,18368,0.12,176,1,0,2,131899,1968.0,0.86,0,0.37,762,B
CUST00616,41,Female,Divorced,Graduate,Salaried,24,107081.0,6241.0,4,5009,2991,172,1,5,24169,0.27,522,2,0,4,246587,11208.0,0.67,0,1.26,643,C
CUST00617,56,Male,Married,Doctorate,Self-Employed,19,87687.0,5362.0,5,38273,3637,3526,0,5,39398,0.33,1040,3,2,0,328599,8425.0,0.53,0,1.15,606,C
CUST00618,43,Female,Single,Graduate,Salaried,15,76344.0,2083.0,1,21741,1103,0,0,5,30046,0.56,1346,2,0,4,98661,5481.0,0.64,0,0.86,600,C
CUST00619,36,Female,Single,Post-Graduate,Self-Employed,19,100164.0,727.0,1,39432,778,2851,0,3,22317,0.19,339,1,0,3,171353,1586.0,0.79,0,0.19,760,B
CUST00620,59,Male,Single,Graduate,Self-Employed,16,25154.0,5496.0,4,21280,4781,963,0,0,4195,0.28,93,0,0,4,35908,897.0,0.69,0,0.43,705,B
CUST00621,65,Female,Married,High School,Self-Employed,23,92307.0,5235.0,3,0,3173,1288,0,5,19976,0.71,1134,0,0,1,270889,6772.0,0.93,0,0.88,632,C
CUST00622,62,Male,Single,Doctorate,Salaried,8,116673.0,12818.0,5,47103,0,3246,0,1,17437,0.26,362,1,0,3,166049,2306.0,0.52,0,0.24,704,B
CUST00623,59,Female,Divorced,High School,Salaried,14,41075.0,0.0,4,3388,1980,3998,0,2,18950,0.64,970,1,0,3,71524,928.0,0.94,0,0.27,687,C
CUST00624,34,Male,Married,Graduate,Salaried,5,67041.0,5441.0,5,13442,3118,2883,1,5,23108,0.23,425,0,1,2,97788,2385.0,0.59,0,0.43,699,C
CUST00625,51,Male,Divorced,Post-Graduate,Salaried,1,,130.0,3,38015,0,2181,0,2,8786,0.6,421,2,1,2,2202,73.0,0.88,0,0.04,695,C
CUST00626,25,Female,Married,Graduate,Unemployed,0,65223.0,3755.0,5,54210,1617,2300,0,4,27924,0.17,379,2,0,2,141401,2570.0,0.67,0,0.47,708,B
CUST00627,55,Male,Married,Post-Graduate,Salaried,5,58867.0,,5,19012,2519,4015,1,0,9494,0.09,68,1,0,1,92826,1385.0,0.76,0,0.28,755,B
CUST00628,43,Female,Married,Graduate,Salaried,3,129414.0,6626.0,5,25365,2520,3912,0,4,35873,0.06,172,1,2,4,67008,917.0,0.88,0,0.09,809,A
CUST00629,49,Male,Married,Graduate,Salaried,17,64386.0,6709.0,1,2215,1417,3104,0,0,31473,0.18,453,4,0,1,154694,1299.0,0.82,0,0.24,735,B
CUST00630,63,Male,Married,Doctorate,Business Owner,7,87108.0,9094.0,3,15847,2788,3919,0,2,16856,0.4,539,1,0,0,240191,2825.0,0.67,0,0.39,684,C
CUST00631,31,Male,Married,High School,Business Owner,17,118552.0,5739.0,1,36466,2391,1938,0,5,14237,0.1,113,1,0,0,242699,3193.0,0.65,0,0.32,746,B
CUST00632,38,Female,Married,Post-Graduate,Self-Employed,26,15000.0,7955.0,2,24618,2708,3335,2,2,3576,0.09,25,3,0,2,14911,244.0,0.87,0,0.2,753,B
CUST00633,67,Male,Divorced,Graduate,Salaried,13,82047.0,9127.0,4,46023,3463,965,1,5,24973,0.07,139,1,0,1,175201,1592.0,0.42,0,0.23,715,B
CUST00634,32,Male,Married,Post-Graduate,Salaried,22,45017.0,5774.0,1,0,209,1897,3,4,5507,0.66,290,2,0,1,50005,543.0,0.8,1,0.14,647,C
CUST00635,29,Male,Married,High School,Self-Employed,22,45728.0,8523.0,5,0,4070,2028,1,5,12377,0.5,495,0,0,2,27462,251.0,0.94,0,0.07,733,B
CUST00636,30,Male,Divorced,Graduate,Unemployed,0,52372.0,5639.0,2,9729,3790,3885,0,5,10545,0.12,101,2,1,0,20187,185.0,0.71,0,0.04,760,B
CUST00637,64,Female,Single,Post-Graduate,Self-Employed,23,63334.0,4979.0,3,10453,3726,2249,0,3,11707,0.08,74,3,0,2,42810,382.0,0.51,1,0.07,724,B
CUST00638,37,Female,Single,Graduate,Self-Employed,12,47174.0,3067.0,3,34351,2731,3642,0,2,9697,0.15,116,1,1,2,177493,2909.0,0.57,0,0.74,678,C
CUST00639,58,Male,Married,Post-Graduate,Salaried,11,65655.0,6146.0,1,13837,2700,1811,1,0,9333,0.39,291,0,1,4,76115,1136.0,0.75,1,0.21,709,B
CUST00640,27,Female,Married,Post-Graduate,Salaried,1,107060.0,6028.0,5,2332,2814,3397,0,1,13988,0.47,525,0,0,4,274570,10169.0,0.83,0,1.14,651,C
CUST00641,66,Male,Married,Post-Graduate,Business Owner,27,92589.0,6068.0,5,25960,3111,3146,0,1,31326,0.34,852,1,0,2,282860,3535.0,0.64,0,0.46,685,D
CUST00642,33,Female,Married,Doctorate,Salaried,3,159572.0,8420.0,3,8469,4187,0,0,1,76456,0.16,978,1,1,2,360929,4101.0,0.97,0,0.31,789,B
CUST00643,60,Female,Married,Graduate,Unemployed,0,83598.0,7721.0,5,3596,4133,3701,3,2,35269,0.22,620,1,0,1,169511,2230.0,0.88,0,0.32,739,B
CUST00644,62,Female,Married,High School,Salaried,9,96000.0,576.0,4,35902,2576,1854,1,3,41621,0.09,299,0,1,4,133944,4960.0,0.89,0,0.62,756,B
CUST00645,29,Male,Single,High School,Salaried,2,115725.0,633.0,1,39409,3883,1021,0,2,45599,0.26,948,0,1,4,94911,1143.0,0.49,0,0.12,718,B
CUST00646,47,Female,Married,Graduate,Self-Employed,14,42519.0,5370.0,1,34682,3732,1446,0,0,20510,0.26,426,0,1,3,152855,1887.0,0.86,0,0.53,727,B
CUST00647,22,Male,Married,High School,Salaried,5,115037.0,2071.0,5,7483,4039,1830,0,5,55243,0.35,1546,2,1,2,275700,3776.0,0.84,1,0.39,710,B
CUST00648,25,Female,Single,Graduate,Salaried,3,48591.0,4712.0,3,11159,2422,1496,0,2,19986,0.08,127,2,0,3,27850,236.0,0.9,0,0.06,794,B
CUST00649,49,Male,Married,High School,Salaried,12,90784.0,2266.0,4,28158,4926,1440,2,2,35076,0.05,140,0,0,2,270500,3655.0,0.82,0,0.48,760,B
CUST00650,57,Female,Married,High School,Self-Employed,12,105414.0,5289.0,4,31132,4212,2204,0,2,23413,0.15,280,0,1,4,40202,337.0,0.83,0,0.04,795,B
CUST00651,58,Female,Single,High School,Salaried,29,19524.0,1943.0,4,16553,1366,3016,0,2,2664,0.28,59,1,0,1,40582,461.0,0.46,1,0.28,671,C
CUST00652,39,Female,Single,Post-Graduate,Salaried,21,65532.0,6205.0,2,38076,1798,3888,2,0,8987,0.22,158,1,0,2,16103,805.0,0.48,0,0.15,697,C
CUST00653,28,Male,Divorced,Graduate,Self-Employed,7,74457.0,1790.0,5,0,5279,4421,1,2,29373,0.05,117,4,1,2,141812,2836.0,0.6,0,0.46,701,B
CUST00654,68,Female,Married,Graduate,Salaried,1,,5407.0,4,11409,216,5157,0,3,4779,0.46,175,0,0,2,92865,851.0,0.81,0,0.24,710,B
CUST00655,65,Male,Single,Post-Graduate,Unemployed,0,86509.0,0.0,5,53231,2961,2873,0,4,36901,0.34,1003,2,0,3,173976,2761.0,0.69,1,0.38,686,C
CUST00656,21,Female,Single,High School,Salaried,11,127390.0,,3,19787,6149,2320,2,0,31413,0.17,427,2,0,3,223765,11188.0,0.69,0,1.05,661,E
CUST00657,42,Male,Married,Doctorate,Self-Employed,13,47397.0,7117.0,3,12834,4611,3362,0,3,8381,0.39,261,0,0,2,46244,600.0,0.48,0,0.15,682,C
CUST00658,37,Male,Married,Graduate,Salaried,22,112101.0,8846.0,3,27113,4538,1127,0,1,29486,0.18,424,1,0,1,41055,471.0,0.76,1,0.05,766,B
CUST00659,27,Male,Married,High School,Business Owner,23,91249.0,7734.0,2,5655,1211,2225,0,1,34794,0.48,1336,1,0,0,228638,4011.0,0.8,0,0.53,677,C
CUST00660,45,Male,Single,Post-Graduate,Self-Employed,10,35835.0,7273.0,3,0,4193,2979,1,0,7526,0.21,126,0,0,0,22142,276.0,,0,0.09,761,B
CUST00661,65,Male,Divorced,Post-Graduate,Unemployed,0,63999.0,9444.0,5,65038,5300,1377,1,4,10844,0.38,329,0,0,4,97459,994.0,0.75,1,0.19,713,B
CUST00662,24,Male,Married,Graduate,Salaried,4,84275.0,7896.0,1,7117,2535,3681,1,2,33301,0.34,905,1,0,3,248075,13056.0,0.57,0,1.86,620,C
CUST00663,56,Male,Single,Post-Graduate,Salaried,22,124110.0,407.0,1,23335,3004,3063,0,0,56131,0.21,943,1,0,1,301109,7344.0,0.93,0,0.71,733,B
CUST00664,26,Female,Married,High School,Self-Employed,5,100542.0,7859.0,5,22605,4518,2052,0,2,33602,0.4,1075,3,0,4,351053,4035.0,0.39,0,0.48,621,C
CUST00665,51,Female,Married,Graduate,Salaried,11,55910.0,7812.0,1,27428,2676,2986,1,2,17306,0.49,678,0,0,2,152274,10876.0,0.75,0,2.0,624,C
CUST00666,39,Male,Divorced,High School,Salaried,9,88356.0,0.0,4,8095,727,2238,2,1,35514,0.3,852,1,0,2,332112,8100.0,0.65,1,1.1,630,C
CUST00667,64,Male,Divorced,Graduate,Unemployed,0,15000.0,2980.0,1,0,0,407,0,4,5895,0.2,94,0,0,4,12906,416.0,0.42,0,0.33,687,C
CUST00668,59,Male,Single,Graduate,Salaried,28,103586.0,9737.0,2,10168,3473,3817,0,2,10618,0.51,433,1,0,2,17098,341.0,0.76,1,0.04,707,B
CUST00669,47,Male,Divorced,Doctorate,Unemployed,0,53517.0,4611.0,3,20458,2244,2418,0,0,11385,0.34,309,2,1,1,16966,158.0,0.97,0,0.04,760,B
CUST00670,30,Female,Married,High School,Salaried,15,44822.0,1577.0,1,21538,0,2843,0,1,21192,0.24,406,3,1,3,36489,608.0,0.7,0,0.16,718,B
CUST00671,46,Female,Divorced,Graduate,Self-Employed,13,67060.0,7590.0,1,43445,1802,3280,1,2,32462,0.05,129,0,1,3,14197,124.0,,1,0.02,789,B
CUST00672,39,Male,Single,Graduate,Self-Employed,21,39131.0,4173.0,2,15738,2416,319,1,5,11900,0.17,161,0,1,4,41460,414.0,0.67,0,0.13,746,B
CUST00673,59,Male,Married,Post-Graduate,Self-Employed,11,70599.0,,2,23123,2273,2339,2,5,22876,0.17,311,1,2,4,240872,2209.0,0.66,1,0.38,708,B
CUST00674,23,Male,Single,Doctorate,Unemployed,0,108107.0,7621.0,1,8113,4695,1640,1,5,10839,0.28,242,0,0,3,113495,1773.0,0.81,0,0.2,749,B
CUST00675,65,Female,Married,Post-Graduate,Salaried,8,17271.0,6211.0,4,11028,3987,4176,2,1,6371,0.34,173,2,0,0,56377,633.0,0.94,1,0.44,700,B
CUST00676,33,Female,Single,Doctorate,Business Owner,23,74337.0,4645.0,1,50052,2782,2440,0,1,13750,0.36,396,2,1,3,95059,856.0,0.84,0,0.14,730,B
CUST00677,48,Male,Married,Post-Graduate,Self-Employed,5,71779.0,5992.0,4,9286,1088,2324,0,0,10850,0.24,208,0,0,3,125662,1064.0,0.9,0,0.18,772,B
CUST00678,40,Male,Single,Doctorate,Salaried,22,92075.0,4475.0,3,14321,4059,2004,1,0,20429,0.44,719,1,1,4,314013,2934.0,0.55,0,0.38,656,C
CUST00679,48,Female,Single,Post-Graduate,Unemployed,0,70922.0,7741.0,5,36286,5204,4380,0,3,25954,0.28,581,1,1,2,139751,1236.0,0.92,2,0.21,748,B
CUST00680,28,Female,Married,High School,Salaried,4,105171.0,748.0,3,48590,5597,1638,0,2,28872,0.09,207,1,1,3,51711,2154.0,0.61,0,0.25,746,B
CUST00681,61,Male,Divorced,Graduate,Business Owner,25,117556.0,4422.0,1,32155,2590,1276,2,5,28169,0.26,585,1,0,4,169204,3133.0,0.8,0,0.32,729,B
CUST00682,59,Male,Married,Graduate,Salaried,19,107590.0,3759.0,1,32202,3888,1514,0,1,42037,0.22,739,2,1,3,350238,4025.0,0.42,1,0.45,664,C
CUST00683,21,Male,Divorced,Graduate,Business Owner,18,54701.0,5916.0,4,1218,2031,1744,2,3,23274,0.37,688,1,0,1,15499,143.0,0.54,1,0.03,684,C
CUST00684,23,Female,Single,Graduate,Self-Employed,23,134842.0,1619.0,2,27721,1762,2452,1,0,60366,0.42,2028,0,1,2,398344,3688.0,0.72,1,0.33,697,C
CUST00685,33,Male,Married,Graduate,Salaried,29,42129.0,9499.0,4,15388,4084,3323,0,4,11707,0.65,608,1,0,4,124247,2389.0,0.75,0,0.68,620,C
CUST00686,48,Male,Married,Doctorate,Self-Employed,2,98203.0,2774.0,2,27092,1122,1513,1,1,38017,0.3,912,1,1,1,174573,3357.0,0.79,0,0.41,715,B
CUST00687,69,Female,Single,High School,Salaried,13,111344.0,8176.0,2,15811,2273,4272,0,4,50559,0.1,404,1,0,1,9028,170.0,0.73,1,0.02,779,B
CUST00688,45,Male,Married,Post-Graduate,Salaried,16,139231.0,6815.0,2,11432,4722,2875,2,4,64542,0.12,619,1,0,4,136076,1214.0,0.61,2,0.1,738,B
CUST00689,53,Female,Married,Post-Graduate,Salaried,22,107073.0,5644.0,2,0,2248,768,0,5,31784,0.19,483,1,0,4,117471,7831.0,0.95,0,0.88,722,C
CUST00690,58,Male,Married,Doctorate,Salaried,27,54106.0,5739.0,1,18747,1450,195,2,1,13100,0.12,125,1,0,1,165042,2947.0,0.77,0,0.65,712,B
CUST00691,26,Male,Married,Doctorate,Salaried,8,104394.0,0.0,5,22578,5990,2520,0,3,48029,0.46,1767,1,0,4,224525,3680.0,0.51,1,0.42,644,C
CUST00692,64,Female,Married,Post-Graduate,Self-Employed,19,72835.0,3487.0,5,0,3846,1693,0,3,14900,0.28,333,2,1,1,97756,3620.0,,0,0.6,673,C
CUST00693,65,Male,Single,Graduate,Salaried,3,109966.0,14752.0,3,10799,541,1441,1,1,46047,0.34,1252,2,0,0,270951,4044.0,,1,0.44,688,C
CUST00694,52,Female,Single,Graduate,Self-Employed,19,82682.0,5639.0,3,16033,3503,1768,1,5,38319,0.26,797,3,0,2,34702,598.0,0.49,1,0.09,684,A
CUST00695,65,Male,Married,Graduate,Salaried,17,119760.0,6232.0,3,28598,2818,1779,0,2,47411,0.5,1896,2,1,0,476940,6624.0,0.65,0,0.66,636,C
CUST00696,67,Male,Single,Post-Graduate,Self-Employed,9,77754.0,0.0,4,11150,4216,2796,0,4,28920,0.34,786,2,0,1,23792,417.0,0.46,0,0.06,685,C
CUST00697,41,Female,Single,Post-Graduate,Self-Employed,21,105086.0,4269.0,3,29428,3753,3055,0,3,12638,0.38,384,0,0,4,346067,3721.0,0.91,1,0.42,726,B
CUST00698,36,Male,Married,Post-Graduate,Salaried,25,58369.0,3929.0,3,24208,2933,2381,0,1,10587,0.47,398,0,2,3,103110,2643.0,0.24,1,0.54,593,D
CUST00699,41,Female,Married,High School,Business Owner,21,112397.0,2778.0,3,33039,3396,2769,1,0,41207,0.41,1351,0,0,2,399066,24941.0,0.8,0,2.0,653,C
CUST00700,31,Male,Single,Graduate,Self-Employed,23,15000.0,6723.0,1,12050,3477,1300,0,0,6211,0.09,44,4,0,4,11930,143.0,0.44,1,0.11,694,C
CUST00701,57,Male,Married,Graduate,Self-Employed,17,,3719.0,3,15764,3600,2097,1,1,12295,0.19,186,2,0,4,216102,4410.0,0.96,0,0.54,741,B
CUST00702,56,Male,Married,High School,Salaried,25,87960.0,2825.0,5,28554,2436,2721,1,2,9466,0.09,68,0,1,1,209065,1771.0,0.66,0,0.24,755,B
CUST00703,55,Male,Single,Graduate,Salaried,1,81465.0,589.0,1,4690,839,2529,0,0,18297,0.07,102,2,1,1,151515,2483.0,0.9,0,0.37,772,B
CUST00704,39,Female,Married,High School,Business Owner,4,15000.0,1682.0,2,19000,2667,3401,0,2,5369,0.44,188,4,0,2,16828,142.0,0.49,0,0.11,644,C
CUST00705,40,Female,Married,Post-Graduate,Business Owner,23,62121.0,2050.0,4,34851,2315,2588,0,1,18935,0.45,681,0,0,1,201334,2188.0,0.98,0,0.42,724,F
CUST00706,38,Male,Married,Graduate,Salaried,27,113076.0,3972.0,1,9999,2909,47,1,1,11685,0.38,355,4,0,2,93510,,0.76,0,0.33,683,C
CUST00707,67,Male,Married,Graduate,Salaried,15,51692.0,3515.0,1,24920,4654,1802,1,4,8304,0.14,93,1,0,3,54053,465.0,0.39,0,0.11,705,B
CUST00708,61,Female,Single,Doctorate,Self-Employed,12,32932.0,3119.0,5,19973,5182,4408,0,1,13201,0.14,147,1,0,3,54345,724.0,0.37,0,0.26,691,C
CUST00709,69,Female,Married,Graduate,Self-Employed,25,44705.0,0.0,3,42026,4078,1750,0,2,9793,0.17,133,1,0,3,148503,1280.0,0.82,2,0.34,737,B
CUST00710,34,Male,Married,High School,Business Owner,17,112660.0,1983.0,2,21226,4218,2237,0,3,16546,,833,0,0,0,3641,33.0,0.88,0,0.0,720,B
CUST00711,35,Male,Divorced,Graduate,Salaried,12,90727.0,5383.0,5,28005,2861,0,0,0,10918,0.05,43,0,1,3,324512,3345.0,0.71,0,0.44,757,B
CUST00712,51,Male,Married,High School,Salaried,16,119643.0,9377.0,5,17494,2420,1230,0,0,52664,0.07,294,1,0,2,260538,7041.0,0.6,0,0.71,708,B
CUST00713,21,Female,Married,High School,Salaried,13,97863.0,9801.0,1,12230,4103,1634,0,4,28249,0.13,293,1,0,1,37058,1425.0,0.71,0,0.17,760,B
CUST00714,23,Male,Single,High School,Salaried,11,50938.0,10999.0,2,23398,4459,4806,0,3,15356,0.23,282,2,0,3,45362,630.0,0.72,2,0.15,722,B
CUST00715,36,Male,Single,Graduate,Salaried,15,131752.0,5789.0,5,11487,4439,2493,1,2,16407,0.38,498,3,0,3,37675,856.0,0.73,0,0.08,710,B
CUST00716,43,Female,Single,High School,Business Owner,29,58677.0,4833.0,4,35509,2787,2290,0,2,17335,0.44,610,2,0,2,105416,1424.0,0.87,0,0.29,705,B
CUST00717,31,Male,Married,Graduate,Self-Employed,16,52161.0,6902.0,4,37638,3125,2103,0,4,18689,0.41,612,2,0,4,3926,186.0,,0,0.04,696,C
CUST00718,32,Male,Single,Post-Graduate,Business Owner,6,84517.0,3925.0,5,21079,5906,927,1,1,12603,0.6,604,1,0,4,228510,2856.0,0.66,1,0.41,635,C
CUST00719,30,Male,Married,Graduate,Salaried,27,89416.0,7408.0,1,13380,0,3773,0,3,41221,0.4,1319,1,1,0,42389,465.0,0.4,0,0.06,674,C
CUST00720,52,Male,Single,Doctorate,Salaried,26,102008.0,4517.0,4,23414,4470,400,0,0,42163,0.47,1585,3,1,3,83425,1604.0,0.4,0,0.19,636,C
CUST00721,36,Male,Divorced,Graduate,Salaried,11,66777.0,5830.0,1,884,2489,2326,1,3,28096,0.16,359,0,1,2,3903,195.0,0.78,0,0.04,776,B
CUST00722,28,Male,Single,Graduate,Salaried,15,119168.0,2812.0,3,8644,2489,0,0,4,37491,0.11,329,2,1,2,111733,2725.0,0.8,0,0.27,763,B
CUST00723,58,Male,Divorced,Post-Graduate,Business Owner,5,57327.0,7893.0,3,3631,2571,1792,0,1,13389,0.19,203,0,0,1,8610,95.0,0.88,0,0.02,791,B
CUST00724,32,Female,Divorced,High School,Salaried,3,43990.0,2044.0,1,8868,222,0,1,5,15668,0.63,789,2,0,2,16871,344.0,0.48,0,0.09,624,C
CUST00725,44,Female,Married,High School,Salaried,26,18112.0,3091.0,5,10800,2685,1532,0,3,3443,0.26,71,1,0,2,69706,718.0,0.87,0,0.48,723,B
CUST00726,48,Female,Married,Post-Graduate,Salaried,2,69873.0,3991.0,3,713,4919,3577,1,1,10813,0.39,337,1,1,3,25151,322.0,0.93,1,0.06,743,B
CUST00727,28,Male,Married,Graduate,Salaried,1,101889.0,2490.0,3,16007,2559,733,2,3,32128,0.39,1002,1,0,2,320343,3444.0,0.64,1,0.41,667,C
CUST00728,48,Male,Married,Post-Graduate,Business Owner,15,98282.0,6699.0,4,17100,2765,1774,1,0,28644,0.37,847,0,2,0,253432,2612.0,0.69,0,0.32,703,B
CUST00729,56,Male,Single,Doctorate,Salaried,2,86072.0,5389.0,5,28591,1664,3550,0,2,13781,0.25,275,0,2,4,100759,1481.0,0.54,0,0.21,715,B
CUST00730,46,Male,Single,Graduate,Self-Employed,28,62383.0,2071.0,1,21583,3032,5099,1,3,19473,0.15,233,1,0,3,214730,4993.0,0.57,0,0.96,655,C
CUST00731,28,Male,Married,Graduate,Self-Employed,29,113901.0,3435.0,3,41183,0,2777,2,2,36287,0.33,957,0,2,4,216350,1949.0,0.77,0,0.21,729,B
CUST00732,48,Female,Married,Graduate,Salaried,20,78927.0,5420.0,5,28832,1810,1929,3,2,35407,0.31,878,2,1,3,93143,1164.0,0.69,0,0.18,699,C
CUST00733,48,Male,Married,Doctorate,Salaried,6,88274.0,5624.0,3,55128,3580,2119,0,2,35634,0.2,570,1,0,4,281657,4773.0,0.6,0,0.65,687,C
CUST00734,57,Male,Single,Post-Graduate,Business Owner,12,41289.0,2135.0,4,2750,1009,1655,1,4,7722,0.12,74,2,0,0,114923,1512.0,0.18,1,0.44,634,C
CUST00735,61,Male,Married,Doctorate,Self-Employed,21,20602.0,5049.0,5,34961,1143,2223,1,0,8800,0.07,49,1,0,4,6591,98.0,0.82,0,0.06,783,B
CUST00736,56,Female,Single,Graduate,Salaried,16,102321.0,6869.0,2,0,2299,6052,0,2,49892,0.38,1516,0,2,4,134886,2286.0,0.58,0,0.27,695,C
CUST00737,47,Male,Single,Post-Graduate,Salaried,14,152000.0,4090.0,4,35898,3746,3640,0,0,58770,0.14,658,0,0,2,404259,10365.0,0.86,0,0.82,736,B
CUST00738,37,Female,Single,Graduate,Salaried,4,89773.0,1922.0,1,25752,4516,3211,0,3,37237,0.16,476,0,0,1,91921,5407.0,0.59,0,0.72,694,C
CUST00739,29,Male,Single,Graduate,Salaried,8,102495.0,8996.0,5,16607,3001,2931,0,5,21172,0.51,863,2,0,1,252150,,0.95,1,0.3,704,B
CUST00740,53,Female,Single,Doctorate,Salaried,12,101849.0,6886.0,3,23155,2529,2632,0,0,50594,0.03,121,0,1,0,123179,1256.0,0.58,0,0.15,768,B
CUST00741,40,Female,Married,High School,Salaried,23,78691.0,3753.0,5,12636,3607,2652,0,1,13421,0.05,53,1,0,1,65285,1125.0,0.49,0,0.17,739,B
CUST00742,33,Male,Single,Doctorate,Salaried,14,29880.0,5286.0,1,11217,2665,4458,1,2,11962,0.29,277,2,0,0,42369,557.0,0.4,1,0.22,654,C
CUST00743,48,Male,Married,High School,Salaried,20,98522.0,3933.0,5,26563,4102,2672,0,3,25427,0.65,1322,1,0,0,142221,2188.0,0.82,0,0.27,674,C
CUST00744,68,Male,Single,Post-Graduate,Salaried,26,122361.0,2030.0,3,0,5227,2235,0,2,29702,0.61,1449,1,0,1,321087,12349.0,0.83,0,1.21,620,C
CUST00745,49,Male,Divorced,Graduate,Business Owner,13,92857.0,7048.0,4,24942,2763,1246,0,2,19877,0.05,79,0,1,4,219478,3657.0,0.58,0,0.47,735,B
CUST00746,33,Female,Married,Graduate,Self-Employed,29,70339.0,9997.0,4,18117,1290,2665,0,3,19443,0.25,388,1,0,4,122071,1695.0,0.55,2,0.29,690,C
CUST00747,66,Female,Single,Graduate,Unemployed,0,89896.0,7717.0,3,15096,2912,1776,0,3,37428,0.15,449,0,0,4,268681,13434.0,0.81,0,1.79,703,B
CUST00748,55,Female,Married,Graduate,Salaried,12,75443.0,5737.0,2,12617,6021,2293,0,4,35940,0.24,690,1,0,4,260487,2926.0,0.84,1,0.47,725,B
CUST00749,26,Female,Married,Graduate,Self-Employed,10,116866.0,4049.0,2,23543,3475,1348,0,4,31144,0.43,1071,1,0,1,38467,541.0,0.79,1,0.06,725,B
CUST00750,38,Male,Married,Post-Graduate,Salaried,21,84115.0,0.0,4,35477,1526,2576,0,4,30337,0.29,703,0,0,0,214573,2124.0,0.96,1,0.3,758,B
CUST00751,25,Male,Single,High School,Self-Employed,19,99463.0,9709.0,1,53423,3053,1710,1,0,41305,0.13,429,1,0,3,283515,3081.0,0.91,0,0.37,767,B
CUST00752,67,Female,Divorced,High School,Salaried,13,,3000.0,5,36802,2890,975,0,1,15642,0.28,350,1,0,0,196075,2063.0,0.75,0,0.22,736,B
CUST00753,45,Male,Married,High School,Salaried,9,99616.0,7500.0,3,32471,1753,4014,0,1,48235,0.68,2623,1,1,0,22622,,0.67,1,0.06,660,C
CUST00754,22,Female,Single,Graduate,Unemployed,0,79871.0,7824.0,1,8182,4892,757,0,0,14748,0.15,176,0,1,3,140231,2921.0,0.57,0,0.44,716,B
CUST00755,30,Male,Married,Post-Graduate,Self-Employed,5,32692.0,7739.0,5,11049,3926,1560,1,4,15235,0.23,280,0,0,2,114155,975.0,0.88,1,0.36,740,B
CUST00756,50,Male,Married,Post-Graduate,Unemployed,0,91208.0,803.0,4,19932,4739,2953,0,1,45115,0.28,1010,4,0,2,58851,717.0,0.59,1,0.09,694,C
CUST00757,65,Female,Married,Graduate,Salaried,13,105901.0,7948.0,3,26659,0,3700,1,4,14843,0.19,225,2,0,4,154380,3958.0,0.93,0,0.45,746,B
CUST00758,25,Male,Married,Graduate,Salaried,10,29891.0,3575.0,1,13209,3420,2465,2,3,13663,0.6,655,0,1,1,88821,,0.81,0,0.34,664,C
CUST00759,53,Female,Married,Post-Graduate,Salaried,18,90591.0,4731.0,5,37784,3117,2352,0,0,32283,0.32,826,1,0,2,317051,2856.0,0.66,1,0.38,694,C
CUST00760,21,Female,Single,Graduate,Self-Employed,29,78320.0,4640.0,4,9922,1525,925,0,4,33456,0.22,588,1,0,3,286384,20456.0,0.79,2,2.0,669,C
CUST00761,38,Female,Married,Graduate,Self-Employed,15,15000.0,3151.0,4,1108,3656,1672,0,0,2154,0.09,15,0,0,2,46677,1037.0,0.88,0,0.83,731,B
CUST00762,52,Female,Married,Graduate,Unemployed,0,88025.0,4104.0,5,35545,1552,468,1,2,38176,0.19,580,1,0,1,209283,2616.0,0.73,0,0.36,729,B
CUST00763,67,Female,Single,High School,Salaried,12,119489.0,5422.0,2,23542,590,2292,3,0,41870,0.42,1406,0,0,2,167017,1590.0,0.49,0,0.16,671,C
CUST00764,69,Female,Single,High School,Self-Employed,4,78884.0,2179.0,2,15695,4089,3076,0,0,24000,0.18,345,2,3,0,153773,1852.0,0.66,0,0.28,724,B
CUST00765,31,Male,Single,High School,Salaried,5,15693.0,100.0,5,0,2767,2965,1,4,5084,,40,0,0,0,515,8.0,0.89,0,0.01,799,B
CUST00766,41,Male,Divorced,Graduate,Salaried,8,88761.0,7681.0,5,34770,543,376,0,0,35307,0.17,480,2,0,0,124360,1516.0,0.83,0,0.2,760,B
CUST00767,46,Female,Single,High School,Self-Employed,5,110917.0,5866.0,5,55681,5154,3242,0,5,24296,0.2,388,2,0,0,321678,3614.0,0.46,2,0.39,674,C
CUST00768,45,Male,Married,High School,Self-Employed,1,52429.0,0.0,4,27421,3090,4046,0,5,25029,0.09,180,1,0,0,137446,1493.0,0.82,1,0.34,758,B
CUST00769,42,Male,Single,Graduate,Salaried,18,70793.0,6219.0,3,10467,1793,2047,0,2,15790,0.4,505,2,0,4,2335,89.0,0.53,0,0.02,687,C
CUST00770,47,Male,Married,High School,Salaried,19,66903.0,4454.0,4,23564,551,4391,0,3,30162,0.43,1037,3,0,4,146452,1786.0,0.53,0,0.32,647,C
CUST00771,69,Female,Married,High School,Salaried,19,80685.0,1093.0,4,28441,1343,1957,0,5,8459,0.18,121,0,0,4,2368,28.0,,0,0.0,797,B
CUST00772,33,Female,Divorced,Doctorate,Salaried,10,65972.0,3363.0,2,27472,549,641,1,1,30782,0.36,886,0,0,3,95872,1198.0,0.71,1,0.22,708,B
CUST00773,53,Male,Married,High School,Salaried,22,117552.0,6107.0,5,7804,5569,2320,0,3,51797,0.06,248,2,0,3,465801,4273.0,0.65,0,0.44,734,B
CUST00774,54,Female,Married,Post-Graduate,Salaried,9,116790.0,2022.0,4,12424,5999,2138,0,0,17480,0.18,251,1,1,4,191313,,0.59,0,0.19,734,B
CUST00775,61,Female,Married,Graduate,Salaried,26,58934.0,1947.0,4,8795,4839,3767,1,5,23265,,1042,2,0,2,210484,4385.0,0.71,1,0.89,596,D
CUST00776,55,Female,Single,Post-Graduate,Unemployed,0,117528.0,3299.0,5,25547,510,1303,2,2,29340,0.47,1103,1,0,1,7494,76.0,0.51,0,0.01,676,C
CUST00777,21,Female,Single,Graduate,Unemployed,0,27605.0,2166.0,3,19041,3811,2974,0,2,8058,0.26,167,3,0,0,79469,1690.0,0.46,0,0.73,625,C
CUST00778,41,Female,Married,Graduate,Salaried,25,52735.0,1693.0,2,37270,6500,434,1,3,6720,0.45,241,1,0,2,96376,1320.0,0.82,0,0.3,697,C
CUST00779,68,Male,Divorced,Post-Graduate,Unemployed,0,95772.0,1642.0,1,23706,1795,1843,0,4,17720,0.3,425,0,0,4,209517,1976.0,0.8,0,0.25,743,B
CUST00780,26,Female,Divorced,Graduate,Self-Employed,26,79724.0,6298.0,4,30684,2864,2044,0,1,38383,0.24,736,1,0,1,316569,10211.0,0.57,1,1.54,637,C
CUST00781,48,Male,Single,Post-Graduate,Salaried,3,81437.0,2279.0,3,15970,5693,1893,0,0,21758,0.3,522,4,0,4,99439,3207.0,0.68,0,0.47,673,C
CUST00782,37,Female,Single,Graduate,Salaried,13,88448.0,8246.0,1,0,3522,622,1,0,9765,0.03,23,0,0,4,304961,16942.0,0.66,1,2.0,692,C
CUST00783,25,Female,Single,Doctorate,Unemployed,0,62597.0,11469.0,5,40197,4002,1846,0,3,19156,0.42,643,0,0,3,229365,5594.0,0.74,1,1.07,636,C
CUST00784,51,Male,Divorced,Post-Graduate,Self-Employed,6,114709.0,4511.0,1,21880,1973,2535,1,2,57111,0.33,1507,2,0,2,136565,6207.0,0.66,2,0.65,653,C
CUST00785,25,Male,Divorced,Doctorate,Business Owner,29,97998.0,11051.0,5,26196,805,3776,0,2,22846,0.17,310,2,0,0,18615,,0.81,0,0.05,771,B
CUST00786,58,Female,Married,Graduate,Business Owner,18,74105.0,6627.0,3,32252,3722,1581,1,4,11596,0.36,333,0,0,2,233019,2080.0,0.76,0,0.34,710,B
CUST00787,23,Male,Married,Graduate,Salaried,5,105001.0,,1,23865,2257,1276,0,1,37529,0.16,480,0,0,3,392056,5158.0,0.62,0,0.59,712,B
CUST00788,43,Female,Married,Post-Graduate,Salaried,17,,4813.0,2,0,2016,5216,0,0,42536,0.39,1327,1,0,4,173665,1536.0,0.75,1,0.2,711,B
CUST00789,57,Male,Married,Post-Graduate,Salaried,29,69953.0,0.0,3,14723,1805,0,0,3,31035,0.11,273,1,0,3,244780,2074.0,0.79,0,0.36,755,B
CUST00790,57,Male,Single,Doctorate,Salaried,25,68671.0,3648.0,1,12778,4240,1583,1,4,24913,0.22,438,0,0,4,60637,518.0,0.83,0,0.09,768,B
CUST00791,30,Female,Married,Graduate,Salaried,25,42765.0,1625.0,4,13275,3718,1231,0,1,7426,0.09,53,3,0,3,129475,2942.0,0.79,0,0.83,698,C
CUST00792,30,Female,Single,Post-Graduate,Salaried,3,58881.0,7625.0,1,16900,5871,483,0,0,24361,0.24,467,0,0,2,165665,2807.0,0.54,1,0.57,676,C
CUST00793,39,Female,Single,Graduate,Salaried,5,71682.0,10139.0,1,20832,4735,2389,0,1,30772,0.48,1181,1,0,0,151230,4878.0,0.38,0,0.82,586,D
CUST00794,37,Male,Divorced,Graduate,Salaried,3,79762.0,5643.0,2,48947,3230,3809,1,0,35080,0.06,168,0,0,1,101795,885.0,0.78,0,0.13,787,B
CUST00795,41,Female,Married,High School,Salaried,23,49923.0,5755.0,3,27851,3156,3749,0,5,13058,0.4,417,0,0,4,50043,2274.0,0.73,0,0.55,682,C
CUST00796,34,Female,Married,Graduate,Salaried,13,78459.0,7887.0,4,30806,4589,3186,0,1,20677,0.21,347,2,1,4,225571,2929.0,0.81,0,0.45,726,B
CUST00797,29,Female,Married,Doctorate,Salaried,15,60984.0,5355.0,3,12985,3224,3928,1,1,9883,0.2,158,1,0,4,139292,1763.0,0.73,1,0.35,720,B
CUST00798,66,Female,Married,High School,Salaried,17,55853.0,8609.0,3,42312,4865,2213,0,5,22848,0.41,749,1,0,0,192861,1769.0,0.87,0,0.38,710,B
CUST00799,21,Female,Married,Graduate,Self-Employed,15,92786.0,12094.0,4,22012,3270,2502,0,3,36640,0.46,1348,0,0,3,304505,2694.0,0.86,0,0.35,714,B
CUST00800,65,Male,Married,Graduate,Unemployed,0,82415.0,9332.0,4,19773,4004,2791,0,4,11529,0.12,110,0,0,2,57949,1756.0,0.71,0,0.26,759,B
CUST00801,33,Male,Married,High School,Salaried,22,73213.0,,2,0,5259,4023,1,2,7910,0.51,322,3,0,0,62794,923.0,0.71,1,0.15,665,C
CUST00802,24,Female,Married,Graduate,Salaried,14,92556.0,7518.0,5,30620,663,2015,1,1,44490,0.38,1352,0,0,4,349468,6353.0,0.67,0,0.82,652,C
CUST00803,21,Male,Single,Graduate,Business Owner,11,38747.0,2996.0,2,33972,5114,3937,0,3,4142,0.35,115,4,0,2,58336,1356.0,0.84,1,0.42,683,C
CUST00804,69,Female,Single,High School,Self-Employed,28,41176.0,4337.0,4,33539,5211,4394,1,5,14470,0.18,208,0,0,1,90134,842.0,0.74,1,0.25,739,B
CUST00805,60,Male,Married,Post-Graduate,Business Owner,14,65093.0,9931.0,1,0,2659,2876,0,2,18320,0.56,820,1,0,0,110073,3335.0,0.36,0,0.61,586,D
CUST00806,52,Female,Single,Doctorate,Salaried,7,71899.0,2008.0,1,34092,3183,3472,1,4,29548,0.22,520,0,0,1,162254,10140.0,0.77,0,1.69,677,C
CUST00807,54,Female,Married,Graduate,Business Owner,3,97929.0,3810.0,3,15331,2547,1084,0,4,13229,0.05,52,0,0,3,264543,3306.0,0.55,0,0.41,736,B
CUST00808,48,Male,Single,High School,Unemployed,0,56167.0,8427.0,3,1147,2172,3183,1,1,20947,0.28,469,1,1,0,81835,2098.0,0.63,0,0.45,686,C
CUST00809,51,Male,Single,Graduate,Self-Employed,20,56803.0,2428.0,5,52364,4920,3179,1,5,19652,0.47,738,1,0,0,75387,3015.0,0.71,0,0.64,646,B
CUST00810,28,Male,Married,Post-Graduate,Salaried,10,107668.0,0.0,5,42692,908,2809,0,5,47528,0.14,532,1,0,3,363927,5274.0,0.72,0,0.59,723,B
CUST00811,59,Female,Divorced,Graduate,Business Owner,11,42502.0,525.0,5,29776,3239,3547,1,0,13065,0.4,418,1,0,2,105016,1810.0,0.34,1,0.51,609,C
CUST00812,46,Female,Single,High School,Business Owner,6,105475.0,3173.0,5,27861,1085,2698,1,4,41274,0.19,627,1,0,1,360106,22506.0,0.77,2,2.0,669,C
CUST00813,54,Male,Married,Graduate,Business Owner,5,75260.0,4883.0,1,43489,2241,2101,0,3,20699,0.16,264,2,0,4,261512,2724.0,0.66,0,0.43,713,B
CUST00814,23,Female,Married,Doctorate,Salaried,20,51655.0,4089.0,4,12687,1347,2360,0,1,25496,0.51,1040,1,1,3,33401,575.0,0.52,1,0.13,656,C
CUST00815,32,Male,Single,Graduate,Business Owner,22,42117.0,3464.0,5,57240,3166,2397,1,4,13635,0.37,403,1,0,0,134875,9633.0,0.98,0,2.0,671,C
CUST00816,21,Male,Married,Graduate,Salaried,13,69395.0,5230.0,2,20632,3824,2488,1,1,27856,0.28,623,0,0,0,249900,2872.0,0.59,0,0.5,684,C
CUST00817,64,Female,Married,Doctorate,Salaried,12,94578.0,3509.0,5,34934,4799,2059,0,0,12973,0.18,186,0,0,3,166034,2371.0,0.69,0,0.3,743,B
CUST00818,25,Male,Married,Post-Graduate,Self-Employed,19,74588.0,2911.0,1,28087,3006,2008,1,4,21265,0.31,527,0,0,0,150659,1394.0,0.55,1,0.22,694,C
CUST00819,50,Male,Divorced,Post-Graduate,Salaried,19,102519.0,5689.0,3,4908,5967,3266,0,1,12894,0.68,701,1,1,3,153914,5130.0,0.62,0,0.6,609,A
CUST00820,50,Male,Single,Graduate,Self-Employed,21,101657.0,5345.0,2,20300,2364,2557,0,3,15114,0.44,532,2,0,0,61259,532.0,0.66,1,0.06,695,C
CUST00821,37,Male,Single,Doctorate,Self-Employed,27,99160.0,8047.0,5,42261,4183,1108,1,4,29991,0.2,479,0,0,4,211667,11759.0,0.86,0,1.42,698,C
CUST00822,68,Male,Divorced,Post-Graduate,Salaried,5,100436.0,11057.0,1,8404,5098,3175,1,0,24197,0.19,367,4,0,0,159784,6947.0,0.71,0,0.83,663,A
CUST00823,67,Male,Married,Post-Graduate,Self-Employed,25,58995.0,0.0,3,40393,2513,1414,1,2,16750,0.13,174,2,1,0,194168,8825.0,0.99,1,1.8,705,B
CUST00824,43,Female,Married,Post-Graduate,Unemployed,0,98438.0,6557.0,5,29959,3899,4762,1,2,29379,0.47,1104,4,0,4,191177,2124.0,0.68,0,0.26,659,C
CUST00825,35,Male,Married,Post-Graduate,Salaried,21,138932.0,5477.0,1,351,0,1287,1,1,22770,0.21,382,0,0,0,531603,4746.0,0.71,1,0.41,727,B
CUST00826,57,Male,Single,Graduate,Self-Employed,28,104320.0,8834.0,1,19997,4726,4811,0,4,25697,,842,2,0,0,307402,9315.0,0.59,0,1.07,610,C
CUST00827,41,Male,Married,Graduate,Salaried,9,63368.0,3478.0,4,19254,1790,3047,2,4,28150,0.24,540,1,1,4,58997,1404.0,0.91,0,0.27,747,B
CUST00828,34,Male,Single,Post-Graduate,Salaried,4,57600.0,3868.0,1,4699,5354,1992,1,0,25496,0.01,20,2,0,2,92751,6625.0,0.87,1,1.38,708,B
CUST00829,22,Female,Single,Graduate,Salaried,29,78417.0,1125.0,5,24511,2964,1560,2,2,23230,0.06,111,3,3,1,192300,2403.0,0.61,0,0.37,712,B
CUST00830,31,Female,Single,Graduate,Salaried,15,98122.0,8075.0,1,0,4471,3209,0,5,39215,0.13,407,1,0,0,52856,1201.0,0.83,1,0.15,775,B
CUST00831,59,Male,Married,Graduate,Salaried,3,80359.0,5408.0,2,33164,2124,2062,1,3,32257,0.19,490,0,2,0,163449,1836.0,0.85,1,0.27,757,C
CUST00832,58,Female,Single,Post-Graduate,Unemployed,0,41784.0,8379.0,1,6676,7771,1621,0,5,4915,,231,4,0,1,145165,1687.0,0.78,1,0.48,625,C
CUST00833,54,Female,Married,High School,Self-Employed,7,97740.0,3707.0,1,15310,3300,1750,0,2,33657,0.31,834,1,0,4,68269,2202.0,0.72,1,0.27,715,B
CUST00834,58,Female,Divorced,Post-Graduate,Self-Employed,24,103146.0,2984.0,2,19957,6539,2469,1,4,43508,0.25,870,1,0,0,34859,,0.87,1,0.03,766,B
CUST00835,54,Male,Married,Graduate,Salaried,20,48666.0,7181.0,5,42744,3021,2588,0,3,16429,0.38,499,1,0,0,96734,2303.0,0.64,0,0.57,662,A
CUST00836,38,Male,Married,High School,Self-Employed,20,103824.0,3984.0,3,1018,2514,3952,0,3,32872,0.51,1341,3,0,1,370014,4066.0,0.77,2,0.47,649,C
CUST00837,50,Male,Married,Graduate,Salaried,14,78643.0,6893.0,4,12456,4036,2214,1,0,24574,0.41,806,0,1,1,221134,2632.0,0.77,1,0.4,693,C
CUST00838,35,Female,Single,Graduate,Salaried,14,89621.0,6532.0,3,22311,4850,3186,1,5,27171,,434,1,0,0,205954,3321.0,,0,0.44,719,B
CUST00839,47,Male,Married,Graduate,Salaried,9,90132.0,5320.0,5,19029,4398,1984,0,1,37073,0.1,296,4,0,4,63057,788.0,0.82,0,0.1,765,B
CUST00840,54,Female,Married,Graduate,Salaried,26,83641.0,3177.0,5,21645,3858,1400,0,1,29857,0.23,549,1,2,1,248520,2672.0,0.66,1,0.38,709,B
CUST00841,58,Male,Divorced,High School,Salaried,23,63025.0,6073.0,2,16929,3090,1644,1,0,11735,0.24,225,1,0,1,170007,1789.0,0.72,0,0.34,717,B
CUST00842,53,Male,Divorced,Doctorate,Self-Employed,3,89999.0,2723.0,3,24195,4308,0,0,4,24600,0.23,452,1,0,1,344848,3348.0,0.82,0,0.45,732,B
CUST00843,44,Female,Divorced,High School,Business Owner,29,76382.0,5293.0,1,0,3644,2529,0,4,23789,0.22,418,0,0,0,37809,402.0,0.9,0,0.06,787,B
CUST00844,35,Male,Divorced,Post-Graduate,Salaried,9,84884.0,10048.0,2,41243,2806,1983,0,1,22713,0.36,654,5,0,3,112121,4671.0,0.96,1,0.66,675,C
CUST00845,50,Male,Married,Graduate,Salaried,29,66815.0,8720.0,2,18938,2781,2227,0,2,13031,0.15,156,2,0,1,129200,1389.0,0.85,0,0.25,759,B
CUST00846,62,Female,Married,Graduate,Salaried,21,86853.0,3475.0,4,60408,5182,1834,1,0,13018,,260,2,0,1,222472,2392.0,0.79,0,0.33,722,B
CUST00847,37,Female,Divorced,Graduate,Unemployed,0,74985.0,5817.0,2,14937,1044,2554,0,2,11017,0.31,273,2,0,0,140931,5872.0,,0,0.94,626,C
CUST00848,25,Female,Married,Post-Graduate,Business Owner,17,44932.0,3390.0,3,35522,4335,4141,0,0,9818,0.39,306,0,0,0,69916,3178.0,0.57,0,0.85,632,C
CUST00849,49,Female,Divorced,Post-Graduate,Self-Employed,25,91107.0,5845.0,5,8810,4174,3282,0,0,23784,0.14,266,2,1,4,134688,8418.0,0.66,2,1.11,658,C
CUST00850,24,Female,Married,Post-Graduate,Unemployed,0,107410.0,2250.0,4,20639,6368,1450,0,1,40080,0.29,929,3,0,2,41188,371.0,,1,0.04,718,B
CUST00851,30,Female,Married,High School,Salaried,16,87320.0,3032.0,1,4947,0,4266,0,1,43133,0.42,1449,3,0,4,142886,1642.0,0.6,0,0.23,670,C
CUST00852,37,Male,Married,Post-Graduate,Unemployed,0,69883.0,10621.0,3,15214,698,5448,1,5,32072,0.11,282,4,0,2,70318,2343.0,0.86,0,0.4,734,B
CUST00853,30,Male,Divorced,Graduate,Salaried,18,87252.0,5398.0,1,9020,1677,2457,0,2,37123,0.57,1692,0,0,3,101699,1059.0,0.74,0,0.15,693,C
CUST00854,37,Male,Single,High School,Salaried,13,55203.0,3652.0,2,27447,2056,2380,3,4,23488,0.64,1202,2,1,0,727,9.0,0.61,0,0.0,641,C
CUST00855,40,Male,Married,Graduate,Self-Employed,7,99083.0,0.0,3,44791,4428,3495,2,3,33532,0.1,268,2,0,3,14311,196.0,0.88,0,0.02,787,B
CUST00856,44,Female,Married,Graduate,Salaried,3,101822.0,5502.0,4,26762,1012,3289,0,5,20476,0.2,327,1,0,4,115991,1073.0,0.66,1,0.13,739,B
CUST00857,25,Female,Single,Graduate,Self-Employed,6,74246.0,11557.0,4,63047,2572,1993,0,2,21440,0.34,583,4,1,0,56767,485.0,0.65,1,0.08,691,C
CUST00858,54,Female,Married,Post-Graduate,Salaried,24,79060.0,3288.0,1,30601,1971,1891,3,0,12414,0.03,29,1,1,3,176459,14704.0,0.37,1,2.0,630,C
CUST00859,26,Male,Married,Graduate,Self-Employed,3,44997.0,3846.0,5,6002,2569,1969,2,3,14694,0.52,611,2,1,3,92309,1073.0,0.77,0,0.29,664,C
CUST00860,22,Female,Married,Graduate,Salaried,29,,5143.0,4,56389,5099,4007,0,3,10138,0.22,178,2,1,3,317196,2711.0,0.82,1,0.35,731,B
CUST00861,33,Male,Single,High School,Salaried,28,68629.0,3100.0,1,33665,3863,2080,0,5,12064,0.43,415,0,1,3,16843,366.0,0.66,0,0.06,712,B
CUST00862,63,Female,Married,Post-Graduate,Unemployed,0,15000.0,11625.0,5,0,2083,2497,0,3,5773,0.31,143,1,0,0,41238,2577.0,0.78,1,2.0,648,C
CUST00863,63,Female,Married,Graduate,Business Owner,5,78931.0,7941.0,3,19682,928,3689,0,5,16635,0.3,399,3,1,1,287086,2870.0,0.95,0,0.44,724,B
CUST00864,68,Male,Married,Graduate,Unemployed,0,72243.0,7088.0,4,32054,3807,4019,0,3,19360,0.17,263,1,1,1,178880,2417.0,0.9,1,0.4,752,C
CUST00865,31,Male,Single,Post-Graduate,Self-Employed,17,45245.0,11342.0,4,28456,2021,1412,1,5,19583,0.5,783,0,0,2,153845,1788.0,0.52,0,0.47,634,C
CUST00866,67,Male,Divorced,Graduate,Self-Employed,10,104748.0,10116.0,1,32007,2598,1021,0,5,12341,,227,2,0,4,240411,2478.0,0.44,1,0.28,680,C
CUST00867,43,Female,Married,Graduate,Self-Employed,7,62602.0,5235.0,4,35265,2632,2905,1,3,6829,0.52,284,1,1,4,194711,11453.0,0.69,1,2.0,598,D
CUST00868,36,Female,Married,Graduate,Salaried,4,53666.0,4162.0,1,10986,4667,2617,0,2,10282,0.24,197,2,0,1,14360,124.0,0.68,0,0.03,735,F
CUST00869,51,Female,Married,Graduate,Salaried,10,108691.0,4132.0,4,27588,2478,3414,0,1,40626,0.1,325,1,0,0,72271,6022.0,0.61,0,0.66,708,B
CUST00870,31,Male,Married,Post-Graduate,Salaried,27,87694.0,3373.0,1,23208,2385,777,1,1,17051,0.29,395,1,0,4,31521,553.0,0.95,0,0.08,769,B
CUST00871,36,Male,Married,Graduate,Business Owner,7,46265.0,4342.0,4,16205,1631,2101,0,0,20610,0.28,461,2,0,2,168720,7030.0,0.77,1,1.82,648,C
CUST00872,28,Female,Married,High School,Salaried,23,75229.0,3465.0,3,32534,1862,2754,0,4,18110,0.17,246,2,0,2,171249,2594.0,1.0,1,0.41,759,B
CUST00873,24,Female,Married,High School,Unemployed,0,52070.0,1621.0,3,22960,4375,1327,0,2,11111,0.17,151,1,1,4,71202,,0.65,0,0.55,704,B
CUST00874,60,Male,Married,Graduate,Self-Employed,21,37880.0,0.0,1,36763,3011,3091,0,3,7317,0.3,175,2,0,0,80648,831.0,0.83,0,0.26,724,B
CUST00875,24,Male,Married,Post-Graduate,Self-Employed,8,35696.0,8136.0,3,24652,2707,3947,0,1,11764,0.24,225,1,0,0,1307,32.0,0.7,1,0.01,740,B
CUST00876,45,Female,Single,Graduate,Salaried,8,96118.0,0.0,1,15159,1013,1349,3,0,42534,,1122,0,1,0,266438,2537.0,0.74,0,0.32,707,B
CUST00877,23,Male,Married,High School,Salaried,5,51778.0,6064.0,1,22405,1448,3455,0,3,13587,0.48,521,0,0,1,54440,3888.0,0.91,0,0.9,663,C
CUST00878,52,Male,Single,Post-Graduate,Unemployed,0,46101.0,7906.0,2,30225,3804,2364,0,0,9266,0.04,29,1,0,4,45459,2525.0,0.84,0,0.66,745,B
CUST00879,23,Male,Single,Post-Graduate,Salaried,7,68818.0,6320.0,3,20585,2675,1766,1,3,18467,0.29,428,0,0,0,67156,645.0,0.92,0,0.11,767,B
CUST00880,47,Male,Divorced,Post-Graduate,Salaried,22,152613.0,4555.0,2,13363,2673,1951,0,5,70494,0.33,1861,0,2,3,189281,11134.0,0.68,2,0.88,660,C
CUST00881,49,Female,Married,Graduate,Salaried,4,89616.0,5649.0,2,22393,3535,3598,0,3,20953,,620,0,1,3,238019,4490.0,0.15,0,0.6,601,C
CUST00882,52,Female,Married,Post-Graduate,Salaried,2,100228.0,3695.0,4,41406,3967,1991,0,1,36312,0.07,203,2,0,2,249626,3419.0,0.97,1,0.41,776,B
CUST00883,39,Female,Married,High School,Salaried,24,47178.0,4721.0,1,30029,4041,2038,2,1,10940,0.6,525,0,1,3,112222,5343.0,0.84,0,1.36,611,C
CUST00884,41,Male,Divorced,High School,Self-Employed,19,88439.0,4055.0,5,25475,2576,3726,1,3,32713,0.43,1125,2,0,2,107420,2557.0,0.93,0,0.35,709,B
CUST00885,25,Male,Married,High School,Salaried,2,75460.0,2938.0,2,17167,2822,3455,0,1,34138,0.21,573,4,0,1,226190,11904.0,0.99,0,1.89,688,C
CUST00886,38,Male,Married,Post-Graduate,Self-Employed,16,54500.0,8567.0,4,23260,3790,1948,0,2,18498,0.25,369,0,0,1,214222,2644.0,0.82,1,0.58,715,B
CUST00887,48,Male,Married,High School,Salaried,12,69071.0,7613.0,3,5730,0,4726,1,3,33083,,846,1,0,3,173594,9644.0,0.88,0,1.68,668,C
CUST00888,62,Female,Divorced,Graduate,Business Owner,15,56324.0,4550.0,5,17325,3246,3557,0,1,19184,0.18,276,3,0,4,120405,1486.0,0.91,0,0.32,747,B
CUST00889,42,Male,Married,Graduate,Business Owner,10,79555.0,5142.0,1,27961,4068,4351,0,0,38978,,654,0,0,0,55459,1848.0,0.89,0,0.28,768,B
CUST00890,41,Male,Divorced,Graduate,Salaried,23,69102.0,2760.0,4,21664,1960,4627,0,0,26914,0.05,107,0,0,0,21819,574.0,0.94,0,0.1,819,A
CUST00891,26,Male,Single,Post-Graduate,Salaried,26,56397.0,6081.0,5,14443,1086,1817,1,0,20365,0.52,847,1,0,4,50918,661.0,0.77,0,0.14,691,C
CUST00892,21,Male,Single,High School,Salaried,6,68203.0,4688.0,1,1656,5142,1685,0,4,29459,0.32,754,1,0,2,132666,2211.0,0.56,0,0.39,680,C
CUST00893,25,Male,Single,Graduate,Business Owner,24,101591.0,4009.0,1,18153,1814,318,0,0,10609,0.27,229,0,0,2,116063,2036.0,0.63,1,0.24,720,B
CUST00894,61,Male,Single,Post-Graduate,Self-Employed,13,,5769.0,5,8935,2937,4270,0,5,8295,0.24,159,2,0,2,161024,1660.0,0.63,0,0.49,685,C
CUST00895,32,Female,Divorced,High School,Unemployed,0,59094.0,5254.0,4,19595,3466,529,0,0,11017,0.41,361,2,0,0,145920,2918.0,0.72,2,0.59,651,C
CUST00896,46,Male,Single,Post-Graduate,Salaried,23,85277.0,2460.0,5,24218,1635,2829,2,2,12310,0.21,206,2,2,3,115035,2447.0,0.68,2,0.34,697,C
CUST00897,66,Male,Single,Post-Graduate,Salaried,2,57351.0,7698.0,2,41669,637,1122,1,2,27248,0.34,741,2,0,4,169127,2684.0,0.57,1,0.56,644,C
CUST00898,54,Female,Single,Doctorate,Salaried,26,112979.0,7955.0,1,33951,3421,2360,2,4,17218,0.21,289,1,0,1,99548,1442.0,0.51,0,0.15,709,D
CUST00899,69,Female,Single,Post-Graduate,Salaried,14,109702.0,2957.0,3,23583,912,2481,0,2,22503,0.29,522,1,0,1,399434,3698.0,0.82,1,0.4,724,B
CUST00900,34,Female,Single,Graduate,Self-Employed,18,111295.0,14578.0,5,51384,4011,4656,0,1,26050,0.34,708,1,0,0,216941,2493.0,0.79,0,0.27,727,B
CUST00901,46,Female,Married,Graduate,Salaried,6,94684.0,2165.0,5,26088,2775,3271,0,0,33125,0.22,583,3,0,0,193940,4848.0,0.73,0,0.61,692,C
CUST00902,65,Male,Married,High School,Self-Employed,25,104309.0,6847.0,1,9272,6221,6023,0,1,42452,0.33,1120,1,0,0,94275,4713.0,0.31,1,0.54,627,C
CUST00903,47,Male,Single,Graduate,Self-Employed,19,75716.0,6687.0,1,16768,3214,2747,1,4,25885,0.13,269,1,0,4,5078,97.0,0.58,0,0.02,746,B
CUST00904,29,Male,Married,High School,Business Owner,27,58041.0,7160.0,5,58684,1928,2860,1,1,23192,0.35,649,1,0,4,230131,2348.0,0.59,0,0.49,664,C
CUST00905,46,Female,Married,Graduate,Salaried,26,59773.0,10127.0,3,9237,4184,1193,2,5,15591,0.56,698,2,0,4,179459,4850.0,0.68,0,0.97,584,D
CUST00906,67,Female,Single,Post-Graduate,Unemployed,0,28465.0,4178.0,1,15492,4613,1689,0,1,14184,0.39,442,1,0,4,89455,1208.0,0.65,0,0.51,665,C
CUST00907,42,Male,Married,Graduate,Unemployed,0,64518.0,5127.0,1,35000,982,772,1,1,10841,0.29,251,0,0,4,85244,2185.0,0.94,0,0.41,743,B
CUST00908,67,Male,Married,Graduate,Unemployed,0,66300.0,6274.0,2,6768,3647,2442,0,5,17231,0.69,951,2,0,2,158361,2474.0,0.94,0,0.45,657,C
CUST00909,50,Female,Married,Graduate,Business Owner,5,69886.0,0.0,4,35442,3516,1559,0,2,30251,0.31,750,1,1,1,107466,1294.0,0.53,1,0.22,688,C
CUST00910,63,Male,Married,Graduate,Business Owner,13,150672.0,5406.0,2,37468,4451,2018,0,0,29939,0.24,574,0,0,3,9252,107.0,0.82,0,0.01,785,B
CUST00911,68,Female,Single,Doctorate,Self-Employed,6,53235.0,6202.0,3,24331,1462,959,0,5,21311,0.14,238,0,0,2,169907,1975.0,0.86,0,0.45,758,B
CUST00912,37,Female,Divorced,Graduate,Salaried,22,68419.0,2874.0,4,44941,4081,1555,2,1,16811,0.32,430,2,0,1,2150,51.0,0.95,0,0.01,755,B
CUST00913,46,Female,Married,Graduate,Self-Employed,27,139637.0,11549.0,5,17523,3619,2529,0,3,23883,0.29,554,1,1,1,301143,3422.0,0.4,1,0.29,674,C
CUST00914,56,Female,Divorced,Graduate,Self-Employed,28,54357.0,5785.0,3,34103,2637,116,1,0,14205,0.26,295,2,1,2,113263,2097.0,0.49,0,0.46,660,C
CUST00915,21,Female,Single,High School,Unemployed,0,44117.0,2788.0,3,0,7009,4681,1,0,18260,0.43,628,1,0,3,62664,2320.0,0.57,0,0.63,632,C
CUST00916,28,Male,Divorced,Graduate,Self-Employed,27,69275.0,3284.0,2,30093,1218,4130,0,3,10029,0.06,48,2,0,4,4595,53.0,0.89,1,0.01,798,B
CUST00917,69,Female,Married,Post-Graduate,Salaried,29,54265.0,2627.0,4,40269,2636,5287,0,4,16629,,399,0,0,4,136551,1167.0,0.6,0,0.26,707,B
CUST00918,55,Female,Married,High School,Self-Employed,19,107770.0,2729.0,3,32099,1657,1319,1,4,42735,0.12,410,3,0,2,304798,2697.0,0.81,1,0.3,741,B
CUST00919,35,Male,Single,High School,Unemployed,0,79515.0,6013.0,4,14396,3507,1903,2,0,31856,0.24,611,1,0,1,3067,,0.73,0,0.01,745,B
CUST00920,67,Male,Married,High School,Salaried,27,42191.0,6285.0,5,0,5559,4980,0,2,10793,0.13,112,1,0,2,54830,1246.0,0.68,0,0.35,732,B
CUST00921,42,Male,Divorced,Post-Graduate,Salaried,16,84578.0,6352.0,4,37377,5148,4619,2,5,24237,,1066,0,0,0,180927,1644.0,0.64,0,0.23,664,C
CUST00922,34,Male,Married,Post-Graduate,Self-Employed,5,80817.0,7031.0,2,7578,0,1940,1,4,35778,0.37,1059,1,0,1,314908,10858.0,0.6,0,1.61,619,C
CUST00923,46,Female,Married,Graduate,Salaried,12,33803.0,6268.0,2,9568,5368,1101,0,4,6197,0.17,84,0,1,2,74637,1777.0,0.86,0,0.63,734,B
CUST00924,48,Female,Divorced,Graduate,Salaried,17,88381.0,11530.0,3,16076,2250,4731,0,1,43928,0.58,2038,1,0,4,292684,6968.0,0.78,0,0.95,618,B
CUST00925,43,Male,Married,Post-Graduate,Salaried,2,89981.0,7717.0,4,30078,1951,1644,1,1,24087,,867,0,0,2,157968,7180.0,0.55,0,0.96,609,C
CUST00926,34,Male,Married,Post-Graduate,Business Owner,10,34616.0,1897.0,2,38235,3224,3278,0,4,7275,0.44,256,1,1,2,4379,38.0,0.74,0,0.01,715,B
CUST00927,44,Female,Married,Post-Graduate,Salaried,15,38648.0,5103.0,1,50583,2571,3223,1,2,3904,0.11,34,0,0,1,50270,613.0,0.81,0,0.19,772,B
CUST00928,22,Male,Divorced,Post-Graduate,Salaried,19,64498.0,1614.0,2,22505,2493,2118,0,1,9675,0.18,139,0,0,0,112066,2733.0,0.65,0,0.51,715,B
CUST00929,65,Male,Single,Graduate,Business Owner,20,56337.0,5065.0,5,24984,1898,970,1,5,22681,0.29,526,1,0,2,114044,1226.0,0.83,0,0.26,731,B
CUST00930,46,Female,Married,Graduate,Unemployed,0,92892.0,778.0,1,27370,3481,3800,1,2,33412,0.47,1256,1,0,0,96520,854.0,0.93,1,0.11,727,B
CUST00931,34,Male,Married,Post-Graduate,Unemployed,0,62017.0,,4,13440,4826,893,1,5,12316,0.36,354,1,1,2,108750,3625.0,0.72,0,0.7,663,C
CUST00932,27,Male,Married,Doctorate,Salaried,17,69720.0,4676.0,3,31177,3218,699,1,5,32824,0.11,288,1,0,2,108965,1184.0,0.7,0,0.2,751,B
CUST00933,23,Male,Married,High School,Unemployed,0,43245.0,966.0,1,11877,2851,2558,0,0,18780,0.63,946,1,0,0,26139,706.0,0.49,0,0.2,628,C
CUST00934,67,Male,Divorced,High School,Salaried,19,,5047.0,2,37433,3928,863,0,5,21488,0.12,206,1,0,1,297005,9580.0,0.82,3,1.11,689,C
CUST00935,43,Female,Divorced,Doctorate,Self-Employed,13,52214.0,3880.0,3,6104,4901,2937,0,5,12115,0.1,96,3,0,4,69233,4945.0,0.85,0,1.14,691,C
CUST00936,66,Male,Single,Graduate,Self-Employed,13,44046.0,1718.0,3,34032,3191,4313,0,2,7659,0.17,104,1,0,4,55376,469.0,0.79,1,0.13,757,B
CUST00937,63,Male,Married,Post-Graduate,Salaried,16,76551.0,7768.0,3,34277,2759,3756,1,1,27330,0.46,1005,0,1,0,23393,278.0,0.89,0,0.04,739,B
CUST00938,67,Female,Single,Graduate,Self-Employed,22,107209.0,3957.0,3,0,3949,4553,1,5,40788,0.32,1044,3,0,4,396091,12002.0,0.8,0,1.34,646,A
CUST00939,65,Female,Single,High School,Salaried,21,88589.0,8377.0,4,25940,1969,3454,1,3,22887,0.28,512,2,1,2,236735,5260.0,0.66,0,0.71,663,C
CUST00940,38,Male,Married,High School,Business Owner,3,58062.0,5615.0,4,44364,0,2133,2,2,22926,0.47,862,0,0,4,172432,1581.0,0.87,0,0.33,701,B
CUST00941,58,Male,Divorced,High School,Salaried,4,62846.0,3827.0,4,24419,3917,907,0,4,31210,0.15,374,2,1,4,176163,1874.0,0.54,0,0.36,702,B
CUST00942,55,Female,Married,Graduate,Self-Employed,27,34517.0,2098.0,2,22067,2372,1106,1,5,11900,0.22,209,2,2,2,21975,194.0,0.96,0,0.07,770,B
CUST00943,35,Male,Single,Graduate,Salaried,7,132743.0,1479.0,4,13602,2206,3346,0,5,47749,0.05,190,2,0,1,68595,1055.0,0.92,0,0.1,809,A
CUST00944,45,Male,Single,Post-Graduate,Salaried,3,121551.0,5561.0,3,28741,146,3387,1,2,30331,0.46,1116,0,0,3,459717,6861.0,0.89,0,0.68,687,C
CUST00945,57,Female,Married,Doctorate,Unemployed,0,83651.0,6093.0,1,15867,1878,1653,1,2,8719,0.26,181,1,0,2,5253,70.0,0.67,1,0.01,733,B
CUST00946,48,Female,Married,Graduate,Business Owner,8,74636.0,2480.0,1,28292,2470,2266,0,2,35942,0.08,230,0,1,2,263990,17599.0,0.52,0,2.0,670,C
CUST00947,30,Female,Single,Graduate,Unemployed,0,41216.0,1374.0,1,32458,5160,3304,1,4,16854,0.36,485,0,0,4,151291,10806.0,0.76,0,2.0,647,C
CUST00948,59,Female,Divorced,Graduate,Salaried,18,70624.0,7097.0,1,25339,5630,1960,0,5,26711,0.44,940,2,1,3,156440,1548.0,,0,0.26,718,B
CUST00949,37,Female,Divorced,Graduate,Salaried,21,101735.0,7231.0,1,37925,2728,4659,0,2,11386,0.2,182,0,1,3,151856,11681.0,0.85,0,1.38,702,B
CUST00950,59,Male,Married,Graduate,Self-Employed,14,96879.0,2519.0,5,27227,3822,2859,0,3,39100,0.34,1063,1,0,1,230146,3900.0,0.68,0,0.48,690,C
CUST00951,42,Female,Divorced,High School,Salaried,20,61482.0,4445.0,1,15697,1278,3392,0,4,22627,,343,1,0,4,133546,4451.0,0.71,0,0.87,682,C
CUST00952,46,Male,Married,High School,Salaried,28,99022.0,6550.0,1,0,3187,2404,0,3,32435,0.57,1479,0,0,4,386684,6041.0,0.64,0,0.73,628,C
CUST00953,64,Male,Married,High School,Self-Employed,29,109712.0,1693.0,1,14221,2383,3004,0,3,38337,0.36,1104,1,0,3,153987,1587.0,0.53,0,0.17,693,C
CUST00954,45,Female,Married,High School,Salaried,5,76037.0,2369.0,2,18730,632,686,1,3,35535,0.15,426,1,0,3,180989,10646.0,0.62,0,1.68,661,C
CUST00955,37,Female,Single,Post-Graduate,Salaried,3,104456.0,7454.0,5,29633,4697,2458,1,4,10725,0.06,51,1,3,1,219163,1889.0,0.69,0,0.22,761,B
CUST00956,33,Male,Divorced,Graduate,Salaried,10,124509.0,2326.0,1,0,3298,1578,3,1,20268,0.34,551,1,0,4,84978,1976.0,0.78,0,0.19,719,B
CUST00957,40,Female,Married,Post-Graduate,Self-Employed,11,132458.0,5206.0,4,0,4039,5514,1,4,60652,,436,0,1,1,463509,9459.0,0.78,1,0.86,717,B
CUST00958,45,Male,Married,Doctorate,Self-Employed,17,56987.0,5294.0,2,0,2413,2698,0,2,5885,0.38,178,2,2,2,47219,2951.0,0.83,0,0.62,680,C
CUST00959,24,Male,Married,Doctorate,Salaried,8,88301.0,1407.0,5,19909,0,2278,0,5,40746,0.02,65,1,0,1,213740,2298.0,0.2,0,0.31,690,C
CUST00960,30,Male,Single,Doctorate,Self-Employed,9,96101.0,7946.0,4,1345,860,2972,1,3,10749,0.26,223,0,0,2,136679,1209.0,0.82,1,0.15,752,B
CUST00961,23,Female,Single,Graduate,Salaried,8,74432.0,324.0,4,27846,4370,2886,1,2,30646,0.37,907,2,0,0,252204,4003.0,0.78,1,0.65,664,C
CUST00962,61,Female,Married,Graduate,Unemployed,0,112309.0,5834.0,2,15317,2632,2502,3,3,51254,0.28,1148,0,3,1,381177,8286.0,0.8,2,0.89,666,C
CUST00963,65,Male,Married,High School,Unemployed,0,76675.0,3621.0,4,0,3914,3304,0,3,26453,0.62,1312,3,0,4,43567,382.0,0.82,0,0.06,681,C
CUST00964,38,Female,Single,Post-Graduate,Self-Employed,2,70415.0,5309.0,3,36640,2362,3196,0,5,25108,0.39,783,0,0,4,268361,2255.0,0.92,0,0.38,730,B
CUST00965,67,Male,Married,Post-Graduate,Salaried,4,35566.0,4295.0,2,20867,3139,2598,0,2,4275,0.47,160,1,1,3,20679,181.0,0.49,0,0.06,668,C
CUST00966,56,Female,Married,Post-Graduate,Self-Employed,16,24298.0,1604.0,2,37259,3000,4319,1,0,4479,0.16,57,1,0,0,44177,679.0,0.96,1,0.34,758,B
CUST00967,67,Male,Married,Graduate,Self-Employed,9,64495.0,4101.0,3,21744,1615,591,0,3,29654,0.1,237,0,1,3,180151,2859.0,0.59,0,0.53,718,B
CUST00968,42,Male,Married,Post-Graduate,Unemployed,0,15000.0,6432.0,2,44369,3390,1988,0,5,6442,0.55,283,0,0,3,24365,256.0,0.89,0,0.2,706,B
CUST00969,54,Female,Divorced,High School,Unemployed,0,112334.0,4271.0,4,30739,5314,2025,0,0,13909,0.27,300,2,0,4,249211,9230.0,0.95,0,0.99,691,C
CUST00970,67,Male,Married,High School,Business Owner,21,101659.0,3570.0,4,653,2261,2466,0,4,43224,0.14,484,1,0,1,405128,16205.0,0.61,4,1.91,649,C
CUST00971,28,Male,Married,Post-Graduate,Salaried,5,95694.0,0.0,4,13292,507,2158,0,3,25779,0.37,763,1,0,2,98784,866.0,0.95,1,0.11,753,B
CUST00972,60,Female,Single,Graduate,Unemployed,0,108385.0,2333.0,3,11428,4079,1852,0,3,35148,0.4,1124,2,0,0,330451,2898.0,0.68,0,0.32,687,C
CUST00973,69,Female,Single,Doctorate,Self-Employed,3,66735.0,2776.0,4,0,943,3987,1,5,9567,0.69,528,1,0,3,175895,1776.0,0.77,0,0.32,646,C
CUST00974,64,Male,Single,High School,Business Owner,14,81637.0,7514.0,3,34637,1523,1307,0,4,21181,0.3,508,2,0,2,309318,16279.0,0.71,0,2.0,645,C
CUST00975,39,Male,Married,Post-Graduate,Salaried,15,63864.0,3836.0,3,27848,2589,3064,0,2,17496,0.15,209,3,0,3,25641,474.0,0.95,0,0.09,780,B
CUST00976,62,Male,Single,Graduate,Salaried,6,108273.0,6521.0,3,43026,3946,1873,1,2,39822,0.22,700,0,2,0,116141,992.0,0.57,0,0.11,732,B
CUST00977,61,Male,Single,Post-Graduate,Salaried,16,15000.0,2668.0,2,0,3727,2956,1,0,5445,0.08,34,2,1,0,45968,473.0,0.55,0,0.38,703,B
CUST00978,57,Male,Married,Post-Graduate,Salaried,23,108265.0,0.0,5,4211,2519,4077,0,4,34596,0.16,442,1,0,3,354299,7702.0,0.66,0,0.85,687,C
CUST00979,26,Female,Single,Doctorate,Salaried,28,20370.0,7950.0,3,6594,1022,0,1,3,2293,0.37,67,1,0,2,58339,720.0,0.43,1,0.42,633,C
CUST00980,46,Female,Single,Graduate,Business Owner,10,68817.0,2687.0,4,43690,7023,1505,0,0,11327,0.46,416,3,1,3,41794,542.0,0.72,0,0.09,691,C
CUST00981,54,Male,Single,Doctorate,Salaried,14,43512.0,7799.0,3,42635,3275,1509,0,2,7140,0.43,245,2,0,2,57514,756.0,,0,0.21,691,C
CUST00982,65,Male,Married,High School,Salaried,12,70916.0,4345.0,1,1721,4230,2308,0,3,32273,0.44,1136,1,2,3,63741,708.0,0.89,2,0.12,722,B
CUST00983,26,Male,Single,High School,Salaried,9,58416.0,9140.0,2,26930,3725,3599,0,5,26911,0.5,1076,1,0,4,178739,4468.0,0.55,0,0.92,597,C
CUST00984,57,Male,Married,Graduate,Salaried,23,63457.0,14549.0,4,30823,5256,4710,0,2,26816,0.15,321,3,0,2,226847,,0.53,0,2.0,635,C
CUST00985,53,Female,Married,Post-Graduate,Unemployed,0,91419.0,6330.0,2,19304,1407,3579,0,0,15536,0.29,360,1,0,1,224094,1883.0,0.89,0,0.25,750,B
CUST00986,42,Male,Married,Graduate,Salaried,12,81742.0,,2,51138,3547,2328,0,2,35644,0.13,370,2,0,1,51093,774.0,0.62,0,0.11,742,B
CUST00987,41,Male,Married,Post-Graduate,Salaried,13,104975.0,6649.0,1,0,2519,1881,1,5,18374,0.18,264,0,1,0,364634,8102.0,0.69,0,0.93,683,C
CUST00988,26,Female,Married,Post-Graduate,Unemployed,0,87550.0,6126.0,3,0,1373,4319,1,2,28178,0.27,608,0,0,1,152633,2278.0,0.87,1,0.31,742,B
CUST00989,26,Male,Single,Graduate,Business Owner,13,27325.0,1296.0,4,22851,4953,714,2,4,10753,0.12,103,3,1,2,19087,219.0,0.93,0,0.1,767,B
CUST00990,68,Female,Single,Doctorate,Salaried,17,145546.0,3020.0,5,3007,1584,2974,0,5,17556,0.14,196,1,1,2,361247,,0.79,1,0.8,714,B
CUST00991,24,Male,Single,High School,Business Owner,2,15428.0,3678.0,2,34697,3724,3937,0,0,5232,0.17,71,4,1,1,5169,87.0,0.89,0,0.07,756,A
CUST00992,50,Female,Single,Post-Graduate,Self-Employed,20,84436.0,6061.0,5,0,5529,2140,0,3,16925,0.12,162,1,1,0,202379,2772.0,0.64,0,0.39,730,B
CUST00993,31,Female,Single,Graduate,Business Owner,23,97076.0,2252.0,5,30573,5497,2878,0,2,29039,0.41,952,0,1,0,377256,13008.0,0.95,0,1.61,678,C
CUST00994,50,Female,Single,Graduate,Salaried,9,,1883.0,3,20825,1616,889,1,2,21243,0.24,407,1,1,1,198908,10468.0,0.88,1,1.5,679,C
CUST00995,51,Female,Married,Graduate,Unemployed,0,68998.0,1481.0,5,48440,4461,3095,0,1,25848,0.28,578,0,0,4,236493,3814.0,0.73,0,0.66,696,C
CUST00996,44,Male,Married,High School,Salaried,8,119596.0,0.0,4,8742,3885,2577,0,0,35361,0.29,820,1,0,4,413905,3630.0,0.49,0,0.36,684,C
CUST00997,29,Male,Married,Graduate,Salaried,7,108696.0,6884.0,3,45204,1230,3152,0,0,23983,,383,0,0,3,72548,614.0,0.99,2,0.07,797,B
CUST00998,23,Female,Married,High School,Salaried,5,74362.0,5248.0,5,32684,216,1965,0,3,34514,0.31,855,1,2,1,199340,1764.0,0.54,0,0.28,689,C
CUST00999,51,Female,Single,Graduate,Salaried,29,61528.0,7368.0,3,6380,3009,1165,0,4,29756,0.09,214,2,0,4,131441,1142.0,0.8,0,0.22,764,B
CUST01000,60,Male,Single,High School,Unemployed,0,50478.0,2856.0,4,6926,4813,3823,2,3,21239,0.02,33,0,0,2,9273,463.0,0.75,0,0.11,783,B
CUST01001,57,Male,Married,Graduate,Self-Employed,3,52872.0,2762.0,2,37367,7364,3851,2,5,17569,0.17,238,1,0,4,39201,784.0,0.56,0,0.18,714,E
CUST01002,56,Male,Single,Post-Graduate,Salaried,13,,6027.0,1,22969,2091,3178,2,0,33216,0.11,292,1,0,1,49812,939.0,0.88,0,0.15,778,B
CUST01003,44,Male,Single,Graduate,Salaried,6,25326.0,7668.0,3,18635,3273,2973,0,2,8627,0.3,207,0,0,2,62810,587.0,0.89,0,0.28,745,B
CUST01004,51,Male,Married,Post-Graduate,Salaried,26,74799.0,7954.0,1,47126,1440,0,0,4,11932,0.08,76,4,0,3,47162,554.0,0.69,1,0.09,743,B
CUST01005,26,Female,Divorced,Graduate,Unemployed,0,99096.0,1652.0,2,32675,5380,3947,0,4,10600,0.59,500,2,0,3,120652,2567.0,0.47,0,0.31,621,C
CUST01006,22,Male,Married,Post-Graduate,Self-Employed,4,58109.0,7838.0,4,8030,3482,3067,2,0,22683,0.17,308,2,0,2,25114,353.0,0.86,0,0.07,762,B
CUST01007,40,Male,Single,Post-Graduate,Self-Employed,3,74315.0,9512.0,2,12333,3659,4019,0,0,29799,0.27,643,0,0,1,18206,520.0,0.83,0,0.08,766,B
CUST01008,48,Female,Married,Graduate,Self-Employed,4,84222.0,6265.0,1,27000,3194,1079,1,3,39612,0.46,1457,1,1,2,335968,5894.0,0.72,1,0.84,630,C
CUST01009,31,Female,Married,Post-Graduate,Business Owner,3,89533.0,8473.0,4,24034,1746,3287,0,1,38471,0.3,923,1,0,1,141866,7466.0,0.86,1,1.0,671,C
CUST01010,24,Female,Married,High School,Self-Employed,13,68996.0,6570.0,5,31381,4366,3211,0,0,24551,0.05,98,3,0,2,138463,1384.0,0.36,0,0.24,697,C
CUST01011,35,Female,Married,Post-Graduate,Salaried,15,127820.0,1635.0,5,32951,4542,0,0,0,22511,0.56,1008,2,0,0,18629,184.0,0.86,0,0.02,715,B
CUST01012,26,Male,Married,Post-Graduate,Business Owner,12,,7802.0,3,43756,4922,2382,0,3,25355,0.56,1135,0,0,3,48136,553.0,0.96,1,0.09,727,B
CUST01013,69,Female,Single,Graduate,Self-Employed,15,35117.0,6164.0,5,14238,4588,2493,0,0,9617,0.03,23,1,1,4,84124,2273.0,0.58,2,0.78,686,C
CUST01014,50,Male,Married,Post-Graduate,Self-Employed,26,63434.0,1939.0,1,56159,1570,1337,0,5,12232,0.23,225,1,0,2,101563,2207.0,0.91,0,0.42,745,B
CUST01015,58,Male,Married,High School,Unemployed,0,113944.0,3296.0,5,34269,2706,3069,1,3,47816,0.37,1415,1,0,3,279020,5073.0,0.66,0,0.53,674,C
CUST01016,22,Female,Married,Graduate,Business Owner,11,111591.0,6237.0,3,24375,3648,2773,0,5,17834,0.16,228,1,0,3,138413,2306.0,0.87,0,0.25,773,B
CUST01017,35,Female,Married,High School,Business Owner,13,23406.0,12191.0,4,17929,2057,1721,0,0,8242,0.26,171,2,0,2,46022,1314.0,0.79,0,0.67,687,C
CUST01018,31,Male,Divorced,Post-Graduate,Unemployed,0,66070.0,10399.0,5,26017,1285,1861,0,2,22748,0.72,1310,0,0,4,240636,3538.0,0.71,1,0.64,610,C
CUST01019,28,Male,Divorced,Post-Graduate,Salaried,6,,0.0,3,0,2578,498,0,0,13103,0.22,230,2,2,4,145998,5407.0,0.88,2,1.1,672,C
CUST01020,46,Male,Divorced,Post-Graduate,Salaried,29,98373.0,5002.0,5,18578,3229,3032,0,1,26727,0.16,342,1,0,2,280184,5388.0,0.61,0,0.66,696,C
CUST01021,65,Male,Married,High School,Self-Employed,23,40857.0,9465.0,5,39953,8014,2877,0,4,5990,0.42,201,1,1,2,151217,2749.0,0.82,1,0.81,655,C
CUST01022,64,Male,Divorced,Graduate,Salaried,20,121799.0,3789.0,1,14037,4943,2347,0,3,13423,0.42,451,2,0,0,348600,3084.0,0.46,1,0.3,649,C
CUST01023,25,Female,Single,Post-Graduate,Business Owner,19,30903.0,3484.0,3,0,1926,2165,0,1,3251,0.39,101,2,0,3,80006,4706.0,0.59,1,1.83,600,C
CUST01024,26,Male,Single,High School,Business Owner,19,70795.0,3383.0,3,282,1905,3391,0,5,12015,0.28,269,1,0,1,241690,4739.0,0.58,0,0.8,654,C
CUST01025,46,Female,Married,Graduate,Self-Employed,27,38857.0,7534.0,2,15433,1396,2681,3,3,17360,0.26,361,0,1,1,107684,944.0,0.83,0,0.29,729,C
CUST01026,24,Female,Married,High School,Unemployed,0,94705.0,6153.0,2,25048,4132,3486,0,1,29267,0.36,842,4,0,4,228136,2453.0,0.7,1,0.31,677,C
CUST01027,39,Female,Married,High School,Salaried,16,15000.0,6599.0,3,7480,2427,2748,0,3,2202,0.53,93,2,0,1,14398,129.0,0.65,0,0.1,668,C
CUST01028,40,Female,Married,Graduate,Self-Employed,9,69857.0,4410.0,1,0,2797,3609,2,5,32287,0.24,619,1,0,2,7299,304.0,0.54,0,0.05,712,B
CUST01029,53,Male,Single,Post-Graduate,Self-Employed,27,69267.0,10247.0,5,9105,2282,3528,1,3,22688,0.54,980,1,0,1,116594,1069.0,0.59,0,0.19,658,C
CUST01030,40,Male,Single,High School,Salaried,27,48119.0,4059.0,4,48996,6441,3645,1,5,5348,0.06,25,0,0,4,157750,,0.95,0,0.62,764,B
CUST01031,69,Female,Married,High School,Salaried,14,111558.0,7639.0,5,59549,4954,1772,1,4,45191,0.48,1735,2,0,4,233413,2047.0,0.35,0,0.22,628,C
CUST01032,32,Female,Single,Graduate,Business Owner,28,126111.0,0.0,4,27933,1506,3313,0,0,36493,,2247,0,0,3,42314,1282.0,0.77,0,0.12,669,C
CUST01033,67,Female,Married,Graduate,Self-Employed,3,62913.0,4885.0,1,24075,1287,2503,0,3,19700,0.05,78,1,0,0,110868,6159.0,0.86,1,1.17,713,B
CUST01034,21,Male,Single,Graduate,Business Owner,3,78880.0,3590.0,2,36907,4812,2345,0,3,27236,0.25,544,1,0,0,190812,6579.0,0.56,0,1.0,639,C
CUST01035,46,Female,Single,Graduate,Self-Employed,24,56481.0,5309.0,3,0,1570,1930,1,5,7781,0.13,80,0,0,2,53574,558.0,0.72,0,0.12,763,B
CUST01036,34,Male,Married,Post-Graduate,Salaried,20,37108.0,128.0,1,11713,4972,2903,0,4,17778,,398,1,0,4,12474,122.0,0.71,1,0.04,732,B
CUST01037,58,Female,Married,Graduate,Salaried,7,41469.0,9905.0,4,0,4091,165,0,5,8383,0.29,194,1,0,1,92541,4870.0,0.65,0,1.41,641,C
CUST01038,57,Female,Married,Post-Graduate,Salaried,19,42262.0,5500.0,3,27011,1619,2912,1,5,14738,0.23,271,1,0,3,14851,243.0,0.64,0,0.07,729,B
CUST01039,31,Male,Single,Post-Graduate,Unemployed,0,112472.0,11748.0,4,19342,3980,2908,1,3,49737,,1432,0,2,1,5329,123.0,0.88,1,0.01,758,B
CUST01040,56,Female,Married,High School,Salaried,3,87901.0,7352.0,5,8181,3611,3782,0,3,20460,0.28,458,3,1,3,260337,16271.0,0.77,0,2.0,651,C
CUST01041,33,Male,Married,High School,Unemployed,0,46406.0,5794.0,5,49172,628,2660,1,2,16289,0.26,338,2,0,4,85074,3402.0,0.84,0,0.88,673,C
CUST01042,63,Male,Married,Post-Graduate,Unemployed,0,49086.0,5048.0,5,38629,3008,4149,0,2,24324,0.16,311,3,0,0,8155,135.0,0.81,1,0.03,756,B
CUST01043,23,Male,Married,High School,Unemployed,0,45088.0,6993.0,3,19526,2466,2029,2,5,19871,0.28,445,2,0,1,107689,8283.0,0.97,0,2.0,673,C
CUST01044,53,Female,Single,High School,Salaried,21,18644.0,7274.0,2,8048,3551,1886,1,2,7675,0.32,196,3,0,0,987,19.0,0.93,0,0.01,743,B
CUST01045,26,Female,Divorced,High School,Unemployed,0,90574.0,6513.0,2,24664,2751,4416,1,4,24973,0.29,579,1,0,4,118267,3379.0,0.46,0,0.45,663,C
CUST01046,30,Female,Married,Graduate,Salaried,7,71182.0,11789.0,4,21577,3563,1811,1,5,19967,0.37,591,1,1,4,48757,2031.0,0.78,1,0.34,699,C
CUST01047,25,Male,Married,Graduate,Salaried,2,126292.0,8472.0,2,12320,2073,0,0,3,37157,0.48,1426,3,0,1,199761,2059.0,0.8,0,0.2,696,C
CUST01048,43,Female,Single,Doctorate,Salaried,18,15000.0,3101.0,2,5339,2822,4435,0,4,5642,,58,0,0,4,863,39.0,0.34,0,0.03,714,B
CUST01049,30,Female,Divorced,Post-Graduate,Unemployed,0,100446.0,2618.0,4,23637,1019,4532,0,5,15843,0.56,709,0,0,2,390358,3365.0,0.71,0,0.4,670,C
CUST01050,64,Male,Married,Graduate,Salaried,15,103108.0,6328.0,4,23382,2396,2310,0,4,45822,0.31,1136,2,0,1,61090,2036.0,0.87,0,0.24,738,B
CUST01051,22,Female,Single,Graduate,Self-Employed,15,107051.0,5559.0,4,3824,2367,2425,1,1,11479,0.31,284,2,0,0,410264,7459.0,0.77,0,0.84,665,C
CUST01052,33,Male,Single,Graduate,Salaried,10,82369.0,5835.0,3,0,843,1899,0,0,13837,0.14,154,3,1,2,166776,1588.0,0.96,0,0.23,773,B
CUST01053,60,Female,Married,High School,Salaried,17,102682.0,133.0,4,14878,3091,4752,1,1,30057,0.45,1082,0,0,3,27766,1851.0,0.84,0,0.22,721,B
CUST01054,22,Male,Married,High School,Salaried,18,84172.0,7674.0,3,0,5429,4345,0,5,16905,0.11,148,3,0,0,296234,4628.0,0.97,1,0.66,737,B
CUST01055,40,Male,Married,High School,Business Owner,18,52543.0,3879.0,3,8056,1935,1848,0,5,12937,0.22,227,2,0,2,87024,2231.0,0.7,2,0.51,689,C
CUST01056,21,Male,Married,High School,Self-Employed,29,62963.0,11678.0,3,11728,4748,2673,0,5,14672,0.75,880,1,0,3,37003,430.0,0.68,0,0.08,648,C
CUST01057,57,Female,Married,Graduate,Unemployed,0,62162.0,5705.0,4,26802,3426,4658,0,0,12903,0.25,258,2,0,2,67278,1269.0,0.72,1,0.24,717,B
CUST01058,29,Male,Married,Graduate,Self-Employed,26,109914.0,4669.0,2,11571,57,4974,0,1,27710,0.44,975,0,1,0,129026,2150.0,0.89,0,0.23,735,B
CUST01059,37,Male,Single,Doctorate,Unemployed,0,113382.0,6476.0,2,24102,6700,3007,0,3,34254,0.22,602,1,1,2,275972,3493.0,0.59,0,0.37,710,B
CUST01060,29,Female,Married,Graduate,Self-Employed,6,99436.0,3029.0,4,6455,1628,3192,1,4,28890,0.38,878,0,0,1,386559,,0.87,0,1.73,667,C
CUST01061,31,Female,Divorced,Doctorate,Self-Employed,9,76839.0,10028.0,2,24937,3033,2568,0,1,32638,0.81,2114,0,0,2,57175,1545.0,0.78,1,0.24,642,C
CUST01062,35,Male,Single,Graduate,Self-Employed,11,15000.0,12124.0,4,15139,3575,1928,0,1,3348,0.18,48,2,0,4,12768,123.0,0.75,0,0.1,746,B
CUST01063,44,Male,Married,Graduate,Salaried,15,99708.0,7195.0,3,24373,2949,3372,0,3,21214,0.19,322,3,0,4,386584,9204.0,0.69,1,1.11,652,C
CUST01064,58,Male,Married,Graduate,Business Owner,23,98449.0,7001.0,5,39491,4227,4577,2,4,29709,0.48,1140,2,2,1,86566,1311.0,0.61,1,0.16,661,C
CUST01065,55,Male,Married,High School,Self-Employed,3,83545.0,3236.0,1,17175,4839,1601,0,0,9956,0.21,167,2,0,3,76883,4271.0,0.69,0,0.61,694,F
CUST01066,50,Female,Married,High School,Business Owner,19,89380.0,4973.0,4,17706,1645,2913,1,1,12935,0.17,175,0,0,4,354512,13130.0,0.81,0,1.76,695,C
CUST01067,51,Female,Married,Doctorate,Business Owner,1,50648.0,6632.0,3,26677,2665,2860,2,0,21334,0.02,34,2,0,4,132657,2248.0,0.81,1,0.53,734,B
CUST01068,69,Female,Single,Doctorate,Salaried,24,64699.0,1554.0,5,27857,1990,1059,1,2,19246,0.21,323,3,1,1,79546,1152.0,0.92,0,0.21,749,B
CUST01069,25,Male,Divorced,High School,Self-Employed,17,50381.0,9733.0,3,0,1980,2708,3,5,6378,0.37,188,0,0,3,48790,478.0,0.71,0,0.11,709,B
CUST01070,64,Female,Married,High School,Salaried,11,70339.0,396.0,1,2812,3167,2472,1,1,19424,0.53,823,2,1,0,134515,2745.0,0.68,1,0.47,636,C
CUST01071,34,Female,Divorced,Graduate,Self-Employed,18,101311.0,0.0,2,23569,4492,2153,0,4,26270,0.14,294,1,0,4,129871,5411.0,0.59,0,0.64,698,C
CUST01072,31,Female,Married,High School,Self-Employed,11,88161.0,10229.0,2,44627,574,4349,0,2,17495,0.13,181,2,0,4,3223,33.0,0.61,2,0.0,742,E
CUST01073,29,Female,Divorced,Graduate,Unemployed,0,43669.0,7336.0,3,0,2772,2182,0,2,10866,0.23,199,3,0,4,12194,187.0,0.65,0,0.05,722,B
CUST01074,54,Female,Single,High School,Salaried,7,129961.0,2169.0,1,11421,1730,1592,0,1,22787,0.53,966,1,0,0,280435,4314.0,0.55,1,0.4,642,C
CUST01075,32,Female,Single,Graduate,Salaried,1,80191.0,5467.0,3,23658,3944,3498,1,1,22423,0.37,663,0,0,3,84271,1755.0,0.75,1,0.26,710,B
CUST01076,55,Male,Divorced,Graduate,Salaried,12,54778.0,5708.0,2,5433,3803,3020,0,5,14429,0.05,57,2,0,0,206407,2752.0,0.87,1,0.6,742,B
CUST01077,55,Female,Single,Graduate,Salaried,4,65967.0,5309.0,3,28124,4471,2774,0,2,22626,0.26,470,2,0,2,183455,5395.0,0.57,0,0.98,631,C
CUST01078,21,Male,Single,High School,Business Owner,25,58354.0,1900.0,5,30760,1118,3522,1,1,27825,0.44,979,3,0,0,228234,,0.73,2,0.5,643,C
CUST01079,60,Female,Married,Graduate,Business Owner,8,81784.0,5947.0,1,26590,3518,2522,0,5,14245,0.35,398,1,0,0,263374,4180.0,0.89,1,0.61,701,B
CUST01080,42,Male,Married,Doctorate,Self-Employed,15,35316.0,,2,23016,2882,2302,0,4,9428,0.44,331,1,0,3,44294,2605.0,0.69,1,0.89,624,C
CUST01081,49,Female,Single,Graduate,Business Owner,11,83830.0,0.0,3,4750,507,1765,0,4,27235,0.23,501,2,1,1,249666,10855.0,0.83,0,1.55,676,C
CUST01082,28,Female,Divorced,Post-Graduate,Salaried,29,100202.0,3547.0,1,15566,723,3698,0,2,31944,0.22,562,3,0,0,186241,8465.0,0.91,0,1.01,684,C
CUST01083,31,Male,Married,Post-Graduate,Salaried,8,94790.0,1518.0,3,39046,2313,4383,0,1,34554,0.28,774,0,1,4,194746,3416.0,0.56,0,0.43,694,C
CUST01084,61,Male,Married,Doctorate,Salaried,12,82945.0,2709.0,2,25452,3002,5470,0,5,17183,0.32,439,2,2,2,175771,7642.0,0.69,0,1.11,639,C
CUST01085,57,Female,Married,Post-Graduate,Business Owner,3,92269.0,6135.0,1,0,4815,3483,1,5,32646,0.11,287,0,0,2,252568,3042.0,0.96,0,0.4,782,B
CUST01086,34,Female,Married,Post-Graduate,Self-Employed,21,86770.0,1111.0,2,32295,2546,4799,0,2,15659,0.37,463,1,0,4,125363,5698.0,0.78,1,0.79,665,C
CUST01087,50,Male,Single,Post-Graduate,Self-Employed,4,106399.0,10209.0,5,26121,3548,1900,1,4,15979,0.28,357,2,1,3,333743,15892.0,0.78,0,1.79,657,C
CUST01088,55,Male,Single,High School,Salaried,27,67814.0,5208.0,5,14851,3131,1610,1,1,29340,0.17,399,0,0,0,47115,1177.0,0.36,0,0.21,696,C
CUST01089,41,Female,Married,Graduate,Salaried,12,47593.0,3839.0,4,16875,1607,1244,1,5,13777,0.02,22,0,0,3,68038,755.0,0.76,0,0.19,782,B
CUST01090,57,Male,Married,Doctorate,Unemployed,0,,0.0,1,10798,2282,2684,0,4,22258,0.17,302,1,0,3,232440,2132.0,0.51,0,0.3,710,B
CUST01091,25,Male,Married,Post-Graduate,Salaried,27,107513.0,5425.0,5,21100,3037,2260,0,5,50682,0.07,283,3,1,0,363742,4786.0,0.58,0,0.53,705,B
CUST01092,39,Male,Married,Doctorate,Business Owner,23,63282.0,5165.0,4,20069,1140,4695,0,1,24294,0.22,427,1,0,4,216729,4334.0,0.55,0,0.82,657,C
CUST01093,34,Male,Married,Post-Graduate,Salaried,23,122927.0,1026.0,1,16297,3863,2186,2,3,45587,0.59,2151,2,0,0,165352,9726.0,,0,0.95,575,D
CUST01094,46,Male,Married,Post-Graduate,Salaried,10,86447.0,2023.0,2,23947,5168,2285,1,4,15361,0.16,196,0,0,1,145693,2601.0,0.73,1,0.36,737,B
CUST01095,24,Male,Single,Post-Graduate,Self-Employed,26,102850.0,10163.0,3,18113,5402,3664,1,0,18893,0.56,846,2,0,3,107839,1711.0,0.75,2,0.2,664,C
CUST01096,45,Male,Single,Post-Graduate,Salaried,23,40149.0,3830.0,3,35041,4035,3996,0,5,11773,0.47,442,1,2,3,99651,958.0,0.81,2,0.29,686,C
CUST01097,65,Male,Divorced,Graduate,Self-Employed,1,98727.0,5131.0,2,32516,3507,3306,0,5,35632,0.41,1168,0,0,3,147767,1448.0,,2,0.18,727,B
CUST01098,62,Male,Single,Doctorate,Self-Employed,13,89038.0,6658.0,5,0,213,3595,1,1,22981,0.16,294,2,0,2,330322,7340.0,0.88,1,0.99,688,C
CUST01099,45,Male,Single,Post-Graduate,Self-Employed,7,138358.0,4537.0,3,25588,1477,3615,1,3,17388,0.12,166,2,0,4,193951,3402.0,0.82,1,0.3,754,B
CUST01100,38,Male,Married,Post-Graduate,Business Owner,20,90479.0,9059.0,2,15829,934,5037,1,3,33767,0.55,1485,0,0,4,245085,3604.0,0.75,0,0.48,664,C
CUST01101,60,Female,Married,Post-Graduate,Self-Employed,28,94615.0,2804.0,4,5454,2285,436,1,3,38744,0.2,619,2,0,3,252243,10510.0,0.85,1,1.33,676,C
CUST01102,28,Male,Divorced,Graduate,Salaried,3,50397.0,3723.0,4,24962,4149,1905,0,4,24075,0.23,442,0,0,2,99584,1991.0,0.72,1,0.47,713,B
CUST01103,59,Male,Single,High School,Self-Employed,29,84521.0,3765.0,2,26078,3395,4518,2,5,22271,0.13,231,2,0,3,7152,246.0,0.6,0,0.03,737,B
CUST01104,60,Male,Single,Doctorate,Self-Employed,16,109373.0,2618.0,1,61408,3560,2574,0,0,22226,0.47,835,1,1,3,128181,5127.0,0.58,0,0.56,646,C
CUST01105,34,Male,Single,Graduate,Salaried,12,64600.0,2366.0,5,0,3708,3552,0,3,30382,0.06,145,3,0,0,182609,5706.0,0.83,0,1.06,697,C
CUST01106,52,Female,Married,Graduate,Unemployed,0,53643.0,5088.0,5,12959,1879,0,0,5,20709,0.28,463,1,0,3,88100,2048.0,0.87,1,0.46,720,B
CUST01107,58,Female,Married,High School,Self-Employed,5,135263.0,9049.0,2,57654,2661,1752,0,2,16988,0.14,190,2,1,0,37588,894.0,0.92,0,0.08,795,B
CUST01108,53,Female,Married,Post-Graduate,Business Owner,18,66671.0,1465.0,3,8707,3318,418,2,1,22135,0.15,265,0,0,3,239448,5094.0,0.88,0,0.92,708,B
CUST01109,43,Female,Divorced,Post-Graduate,Business Owner,8,102150.0,4435.0,5,25460,4670,1791,2,1,11380,0.69,628,2,2,0,239249,2300.0,0.74,1,0.27,633,C
CUST01110,35,Female,Divorced,Post-Graduate,Salaried,12,60664.0,7290.0,5,23052,2803,2189,0,5,11563,0.13,120,0,0,2,20045,572.0,0.66,2,0.11,751,B
CUST01111,53,Male,Single,Graduate,Self-Employed,28,61862.0,10937.0,4,21288,2649,2946,0,0,7941,0.34,215,1,1,0,11449,286.0,0.88,0,0.06,753,B
CUST01112,45,Male,Married,Graduate,Salaried,25,71315.0,7817.0,4,11532,924,4167,0,5,12976,0.22,228,0,1,1,27259,1298.0,0.73,0,0.22,747,B
CUST01113,37,Male,Married,Graduate,Salaried,21,92191.0,4381.0,4,12722,1779,3458,0,0,27285,0.35,763,0,1,2,368366,3318.0,0.67,1,0.43,693,C
CUST01114,53,Male,Divorced,High School,Business Owner,3,110043.0,3317.0,5,24769,3341,3342,1,4,24159,0.32,618,1,0,4,124200,1592.0,0.73,1,0.17,720,B
CUST01115,67,Male,Divorced,Post-Graduate,Business Owner,16,58175.0,8387.0,5,17159,2745,2028,2,2,7865,0.08,50,1,0,0,163541,1651.0,0.73,0,0.34,742,B
CUST01116,22,Female,Single,High School,Salaried,10,108618.0,7648.0,5,24582,799,1152,0,1,31805,0.53,1348,0,0,0,72681,1038.0,0.55,2,0.11,668,C
CUST01117,34,Male,Married,Graduate,Self-Employed,23,79150.0,5048.0,3,27176,770,2405,0,3,30345,0.18,436,0,0,0,82432,736.0,0.77,1,0.11,766,B
CUST01118,60,Female,Married,Graduate,Unemployed,0,69720.0,,3,34764,1392,1564,2,3,8453,0.08,54,3,2,4,1984,60.0,0.86,0,0.01,777,B
CUST01119,60,Female,Single,Graduate,Self-Employed,10,91784.0,11051.0,3,35958,2577,1444,1,1,41574,0.34,1130,1,1,4,314387,,0.52,0,0.46,662,C
CUST01120,59,Male,Single,Doctorate,Business Owner,3,117873.0,10591.0,1,22573,4461,833,0,2,42579,0.26,885,2,0,3,467601,35969.0,0.66,2,2.0,639,C
CUST01121,26,Male,Married,High School,Business Owner,25,90466.0,6175.0,5,3231,3390,2617,1,2,27843,0.23,512,1,0,2,136726,1409.0,0.84,1,0.19,749,B
CUST01122,26,Male,Married,Post-Graduate,Salaried,2,53203.0,,5,39104,1559,2731,1,5,13754,0.3,330,0,0,1,45261,,0.87,2,0.29,730,B
CUST01123,23,Male,Single,High School,Salaried,27,79385.0,1553.0,2,25237,1934,4012,2,3,20426,0.13,212,2,0,3,51843,1787.0,0.85,0,0.27,752,B
CUST01124,27,Male,Married,High School,Self-Employed,14,91865.0,5134.0,2,32715,3725,4058,0,1,21516,0.36,619,1,0,3,95933,3308.0,0.69,0,0.43,692,C
CUST01125,28,Male,Single,Graduate,Salaried,9,57201.0,8624.0,1,27248,3508,3307,1,3,8368,0.26,174,0,0,2,87692,1370.0,0.85,0,0.29,744,B
CUST01126,62,Male,Married,High School,Self-Employed,27,83427.0,0.0,2,17037,1969,5945,0,4,10987,0.56,492,2,0,0,241090,3257.0,0.97,0,0.47,685,C
CUST01127,35,Male,Single,Post-Graduate,Self-Employed,17,53450.0,6806.0,3,15354,0,1804,1,1,11947,0.03,28,2,1,4,151795,1367.0,0.83,0,0.31,765,B
CUST01128,67,Female,Single,Graduate,Business Owner,4,94026.0,7064.0,1,44386,3459,2128,1,2,34491,0.25,689,1,0,3,193250,1840.0,0.4,1,0.23,676,C
CUST01129,49,Female,Married,High School,Salaried,28,118936.0,7072.0,1,21885,2488,2286,0,3,25613,0.07,143,1,0,3,188150,1679.0,,0,0.17,778,B
CUST01130,53,Female,Single,High School,Salaried,26,72572.0,3040.0,1,19826,5598,2221,1,0,30836,0.26,641,1,0,2,148188,2245.0,0.73,0,0.37,714,B
CUST01131,50,Male,Married,Graduate,Salaried,29,97362.0,4033.0,4,8461,2486,585,1,0,24546,0.29,569,0,0,3,219316,16870.0,0.8,0,2.0,672,C
CUST01132,59,Male,Single,Post-Graduate,Self-Employed,22,105749.0,3138.0,2,16410,2963,1827,0,4,37274,0.33,984,0,0,4,260042,2766.0,0.82,0,0.31,736,B
CUST01133,47,Female,Married,Graduate,Salaried,15,62129.0,10967.0,5,35125,2680,3041,1,0,16946,0.04,54,3,0,3,161958,3445.0,0.64,0,0.67,696,C
CUST01134,56,Male,Single,Graduate,Self-Employed,13,87699.0,9673.0,4,21515,3656,3889,0,4,26233,0.25,524,1,0,3,226392,2003.0,0.86,0,0.27,751,B
CUST01135,49,Male,Married,Post-Graduate,Salaried,23,109154.0,6118.0,3,40263,3594,1012,0,4,21837,0.5,873,3,0,1,91828,3826.0,0.91,2,0.42,677,C
CUST01136,58,Female,Married,Graduate,Self-Employed,19,124104.0,5099.0,4,25843,1322,1139,0,2,37919,0.39,1183,1,0,4,238955,9190.0,0.53,2,0.89,615,B
CUST01137,53,Female,Single,Graduate,Salaried,9,66651.0,4976.0,3,22325,1004,1386,0,2,9615,0.36,276,3,0,4,89503,1420.0,0.82,0,0.26,708,D
CUST01138,57,Male,Married,Graduate,Self-Employed,4,41187.0,4060.0,5,14030,4654,3120,0,1,10490,0.1,83,2,1,1,98044,,,0,0.28,731,B
CUST01139,47,Male,Single,Graduate,Salaried,21,92509.0,0.0,5,21610,2296,1434,0,3,25839,0.53,1095,1,0,1,184409,5268.0,0.6,1,0.68,620,C
CUST01140,53,Male,Married,Post-Graduate,Salaried,8,81864.0,5120.0,2,7975,3820,904,0,5,31239,0.18,449,0,0,0,65538,1489.0,0.64,2,0.22,732,B
CUST01141,24,Male,Single,Graduate,Unemployed,0,75910.0,11082.0,4,30180,2484,873,1,0,19743,0.19,300,0,1,2,206463,2646.0,0.61,0,0.42,712,B
CUST01142,42,Male,Married,Doctorate,Salaried,15,59419.0,5880.0,5,19948,198,2261,3,3,21757,0.11,191,0,2,4,4616,39.0,0.77,0,0.01,775,B
CUST01143,22,Male,Married,High School,Self-Employed,14,101524.0,3145.0,3,17110,5094,2559,0,3,17243,0.11,151,1,1,4,127288,2495.0,0.26,0,0.29,686,C
CUST01144,30,Male,Divorced,Doctorate,Unemployed,0,57340.0,5777.0,5,16818,4184,3541,1,4,6312,0.49,247,2,2,1,179966,1606.0,0.75,0,0.34,668,C
CUST01145,25,Female,Married,Graduate,Self-Employed,24,,4338.0,2,31013,3816,3386,1,0,16552,0.46,609,1,0,3,167903,8395.0,0.76,0,1.84,623,B
CUST01146,30,Female,Married,Post-Graduate,Business Owner,27,71031.0,2012.0,3,11293,1572,3852,1,2,20566,0.35,575,2,0,0,269807,10377.0,0.22,0,1.75,556,D
CUST01147,53,Female,Married,High School,Salaried,17,102866.0,1641.0,1,36012,4069,2540,0,3,37844,0.06,181,3,0,4,241487,2414.0,0.67,0,0.28,742,B
CUST01148,58,Male,Divorced,Graduate,Salaried,8,34308.0,,2,14214,3411,1535,0,4,7733,0.69,426,1,0,1,65775,888.0,0.49,0,0.31,606,C
CUST01149,33,Male,Married,Post-Graduate,Salaried,14,44554.0,616.0,2,30100,1929,2901,0,2,4987,0.26,103,0,0,0,118839,1015.0,0.85,0,0.27,750,B
CUST01150,51,Male,Single,Post-Graduate,Salaried,13,50412.0,5050.0,1,13610,2594,988,1,4,19631,0.32,502,1,0,4,170388,2839.0,0.71,0,0.68,669,C
CUST01151,67,Male,Married,High School,Salaried,15,134497.0,4744.0,5,11915,2892,3139,3,3,64139,0.11,564,2,0,3,322611,6452.0,0.73,0,0.58,712,B
CUST01152,56,Male,Married,Graduate,Salaried,11,83475.0,7160.0,2,42792,2117,3024,0,5,21511,0.03,51,1,0,2,248452,4871.0,0.94,0,0.7,763,B
CUST01153,65,Female,Married,High School,Self-Employed,27,43716.0,4518.0,1,30571,3470,4035,1,3,15058,0.22,265,0,0,2,54830,1305.0,0.3,0,0.36,661,C
CUST01154,44,Female,Married,Doctorate,Unemployed,0,71071.0,1844.0,1,21888,4294,3718,0,3,22591,0.63,1138,1,0,3,92957,3319.0,0.71,0,0.56,632,C
CUST01155,35,Male,Single,Post-Graduate,Salaried,12,98195.0,5462.0,2,0,2308,3204,3,0,32050,0.12,307,1,0,2,27723,274.0,0.72,0,0.03,761,B
CUST01156,49,Male,Married,High School,Salaried,26,134998.0,8133.0,4,26571,2839,486,0,0,60337,0.24,1158,1,0,4,145450,2968.0,0.72,0,0.26,738,B
CUST01157,28,Female,Single,Post-Graduate,Salaried,24,28848.0,3414.0,2,35530,2832,2033,0,5,11381,0.32,291,1,0,2,56667,960.0,0.79,0,0.4,709,B
CUST01158,25,Male,Single,Doctorate,Salaried,22,42760.0,9819.0,4,23046,4245,3324,0,3,17442,0.4,558,1,1,2,113582,1071.0,0.6,1,0.3,671,C
CUST01159,49,Male,Single,Graduate,Business Owner,21,64850.0,5345.0,5,20528,3275,4327,0,0,8820,0.04,28,1,1,1,142041,2448.0,0.97,0,0.45,786,B
CUST01160,67,Male,Married,Post-Graduate,Salaried,9,,3927.0,1,23066,4545,3384,0,4,10458,0.56,468,1,0,4,189693,3387.0,0.56,1,0.62,611,C
CUST01161,24,Female,Single,Graduate,Salaried,22,65426.0,3122.0,3,26723,2016,963,1,4,23901,0.06,114,2,1,4,118748,4567.0,0.67,0,0.84,690,C
CUST01162,32,Female,Single,Post-Graduate,Self-Employed,15,71632.0,5587.0,2,11480,2983,4569,1,5,22648,,289,2,2,3,146991,1792.0,0.84,0,0.3,747,B
CUST01163,65,Male,Married,Graduate,Business Owner,1,135861.0,4720.0,3,19889,3864,2672,0,5,55663,0.07,311,1,1,2,254114,4537.0,0.76,0,0.4,762,B
CUST01164,22,Female,Single,Graduate,Self-Employed,12,37028.0,1142.0,5,22073,4055,3183,3,1,5081,0.21,85,1,0,0,89104,2874.0,0.5,0,0.93,623,F
CUST01165,47,Female,Single,Graduate,Self-Employed,6,79794.0,9775.0,2,34429,2434,3285,2,2,26060,0.42,875,0,0,4,108233,1443.0,0.71,0,0.22,699,C
CUST01166,51,Male,Single,High School,Salaried,1,91829.0,3990.0,3,0,2949,1793,0,4,27037,0.04,86,3,1,4,225273,2650.0,0.57,0,0.35,723,B
CUST01167,56,Male,Married,Post-Graduate,Salaried,22,31450.0,9749.0,5,34839,1768,1572,0,2,13896,0.6,667,3,1,0,51156,3197.0,0.59,1,1.22,555,D
CUST01168,56,Male,Married,Graduate,Salaried,19,118026.0,1725.0,4,0,103,2870,0,1,20637,,676,2,1,4,282861,3108.0,0.84,0,0.32,711,B
CUST01169,46,Female,Single,Graduate,Salaried,22,70295.0,,5,10295,2530,1589,0,1,16834,0.31,417,2,0,3,96362,1505.0,0.85,0,0.26,730,B
CUST01170,63,Male,Divorced,Post-Graduate,Unemployed,0,42489.0,9066.0,2,20038,2537,1909,0,5,6806,0.4,217,0,0,2,27657,1382.0,0.47,0,0.39,656,C
CUST01171,47,Female,Married,Graduate,Self-Employed,6,121403.0,8817.0,2,30926,2370,2179,0,2,34076,0.25,681,2,0,3,94654,1604.0,0.69,0,0.16,732,B
CUST01172,25,Male,Single,Graduate,Salaried,17,95438.0,6200.0,2,36654,1378,375,0,3,43191,0.19,656,0,1,2,55262,1315.0,0.82,0,0.17,773,B
CUST01173,40,Female,Single,Doctorate,Salaried,13,58720.0,7989.0,5,10058,3845,3377,0,2,21616,0.32,553,0,0,3,37299,316.0,0.65,0,0.06,729,B
CUST01174,31,Male,Married,Post-Graduate,Salaried,9,96750.0,6405.0,2,29142,4035,4019,0,4,38479,0.28,861,0,1,3,239759,3073.0,,0,0.38,711,B
CUST01175,30,Female,Married,High School,Self-Employed,8,86631.0,1908.0,5,7317,2903,3231,0,2,11897,0.44,418,1,1,2,304420,5637.0,0.6,0,0.78,631,C
CUST01176,60,Female,Single,Graduate,Salaried,15,28905.0,6239.0,1,3072,1782,172,0,4,8116,0.13,84,0,0,1,101939,1820.0,0.56,0,0.76,683,C
CUST01177,58,Female,Single,Doctorate,Salaried,18,31837.0,1727.0,1,43563,2133,3052,0,4,13863,0.35,388,0,0,4,92818,7734.0,0.62,1,2.0,627,C
CUST01178,26,Female,Divorced,Graduate,Self-Employed,2,85102.0,1324.0,1,42876,2956,3899,0,4,37018,0.08,236,2,0,4,185046,5001.0,0.83,0,0.71,729,B
CUST01179,28,Male,Single,Graduate,Salaried,21,21856.0,5839.0,3,15423,4276,2013,1,3,10823,0.33,285,0,0,2,40454,1064.0,0.61,0,0.58,665,C
CUST01180,43,Female,Married,High School,Salaried,26,105163.0,3227.0,1,0,1009,2933,1,3,32644,0.27,705,3,0,0,53422,1335.0,0.53,0,0.15,691,C
CUST01181,67,Male,Divorced,High School,Salaried,2,33573.0,9768.0,1,3281,2167,3236,0,1,3385,0.21,56,1,0,1,26699,468.0,0.94,0,0.17,772,B
CUST01182,46,Male,Married,Post-Graduate,Salaried,11,102619.0,10053.0,5,36686,3222,1559,1,0,47166,0.21,792,1,1,4,386211,3609.0,,0,0.42,705,B
CUST01183,66,Male,Single,Post-Graduate,Salaried,1,117705.0,13214.0,5,26289,4133,1517,0,3,56790,0.15,681,2,0,4,150937,1465.0,0.69,1,0.15,745,B
CUST01184,63,Male,Married,Doctorate,Salaried,18,89689.0,907.0,2,4019,1019,168,1,3,42252,0.16,540,2,1,4,211238,5152.0,0.61,0,0.69,679,C
CUST01185,32,Male,Single,Post-Graduate,Business Owner,21,15000.0,1609.0,2,22733,1894,1872,0,1,6131,0.15,73,0,0,4,37012,1000.0,0.75,1,0.8,698,C
CUST01186,46,Female,Married,Graduate,Self-Employed,27,108609.0,7606.0,2,8398,0,1479,0,1,20067,0.16,256,0,0,1,94428,973.0,0.76,0,0.11,776,B
CUST01187,33,Male,Married,High School,Self-Employed,26,61903.0,4051.0,5,0,4964,2219,0,1,9633,0.36,277,0,0,3,187994,1898.0,0.64,1,0.37,688,C
CUST01188,60,Female,Married,Doctorate,Business Owner,7,73272.0,2830.0,5,4211,1338,3630,1,2,27869,0.24,535,1,0,2,28208,762.0,0.81,1,0.12,747,B
CUST01189,38,Male,Divorced,Graduate,Salaried,21,52701.0,3850.0,1,36181,3744,3484,0,4,8230,0.49,322,2,0,3,56683,691.0,0.37,0,0.16,632,C
CUST01190,45,Male,Divorced,Graduate,Business Owner,17,125463.0,4782.0,4,0,5143,1132,0,3,60388,0.36,1739,1,0,2,279662,4993.0,0.8,0,0.48,708,B
CUST01191,53,Male,Divorced,Doctorate,Salaried,16,80322.0,6986.0,5,17970,5106,2143,0,5,22356,0.22,393,1,0,0,156098,2053.0,0.77,1,0.31,733,B
CUST01192,67,Female,Married,Graduate,Salaried,7,62816.0,0.0,4,3486,293,2658,1,4,7055,0.19,107,5,0,3,184177,3611.0,0.82,0,0.69,680,C
CUST01193,60,Female,Married,Graduate,Salaried,22,115182.0,6224.0,5,37778,4522,0,1,0,18456,0.27,398,1,0,1,441665,4506.0,0.8,0,0.47,718,E
CUST01194,63,Female,Married,Post-Graduate,Salaried,7,101385.0,4424.0,5,17156,4222,2436,0,1,21918,0.04,70,1,0,0,100157,1300.0,0.52,0,0.15,750,B
CUST01195,32,Female,Married,Doctorate,Unemployed,0,41027.0,2622.0,3,35367,4441,2216,0,0,15651,0.33,413,0,0,0,5782,109.0,0.79,0,0.03,749,B
CUST01196,64,Male,Divorced,High School,Salaried,5,85020.0,9165.0,4,9127,0,2219,1,5,33575,0.32,859,1,0,4,112237,5101.0,0.6,1,0.72,648,C
CUST01197,56,Male,Single,Post-Graduate,Salaried,14,81608.0,3711.0,3,23177,2109,2896,1,5,15114,0.12,145,1,0,4,268888,3279.0,0.64,0,0.48,716,B
CUST01198,68,Female,Divorced,Graduate,Salaried,8,30837.0,3970.0,1,10074,451,1147,0,5,11083,0.16,141,2,1,4,90973,1399.0,0.83,0,0.54,724,B
CUST01199,24,Male,Married,Graduate,Salaried,29,99813.0,4161.0,3,0,2282,3097,1,1,11252,0.1,90,0,0,2,204942,8197.0,0.34,0,0.99,639,C
CUST01200,25,Male,Divorced,Doctorate,Salaried,12,74128.0,9683.0,3,7273,4211,2724,0,1,10462,0.65,544,0,0,4,133869,1809.0,0.79,0,0.29,672,C
CUST01201,57,Male,Divorced,Doctorate,Salaried,7,139534.0,5326.0,1,13603,5931,4298,0,0,43814,0.18,630,0,2,3,212063,2409.0,0.76,0,0.21,768,B
CUST01202,28,Female,Single,Graduate,Salaried,6,117293.0,4791.0,4,497,4279,2514,1,4,44750,0.36,1288,2,0,0,99897,8324.0,0.81,0,0.85,662,C
CUST01203,62,Female,Single,Graduate,Business Owner,13,81663.0,,2,31890,3603,4195,2,5,38034,0.16,486,2,1,3,111399,960.0,0.7,0,0.14,736,B
CUST01204,69,Male,Single,High School,Salaried,22,72378.0,0.0,5,7240,2231,4315,0,0,19911,0.08,127,5,0,2,55868,1470.0,0.98,1,0.24,765,B
CUST01205,48,Male,Single,Graduate,Salaried,12,15000.0,5608.0,4,35639,2169,2951,0,2,2219,0.59,104,0,0,2,3921,54.0,0.56,2,0.04,654,C
CUST01206,51,Female,Married,High School,Self-Employed,17,100270.0,5653.0,1,8598,3630,2396,0,3,47286,0.21,794,3,0,4,356149,4566.0,0.55,0,0.55,673,C
CUST01207,29,Female,Married,Graduate,Unemployed,0,72948.0,7481.0,3,14612,2829,1677,1,3,20058,0.12,192,0,0,0,71073,634.0,0.76,3,0.1,760,B
CUST01208,49,Male,Divorced,High School,Salaried,1,60977.0,5880.0,2,7677,3861,2854,1,4,18231,0.32,466,2,0,2,23663,231.0,0.77,0,0.05,729,B
CUST01209,34,Female,Married,Graduate,Salaried,7,75645.0,1611.0,3,19769,2799,4664,1,4,33417,0.52,1390,1,0,1,151571,1318.0,0.46,0,0.21,641,C
CUST01210,60,Male,Single,High School,Unemployed,0,121586.0,23.0,5,7914,5189,2871,0,4,40647,0.09,292,3,2,0,121786,4871.0,0.73,1,0.48,725,B
CUST01211,61,Male,Single,Post-Graduate,Salaried,6,115939.0,6913.0,1,6557,4499,2942,0,0,25573,0.42,859,1,0,2,187202,4680.0,0.9,0,0.48,711,B
CUST01212,42,Female,Single,Graduate,Self-Employed,28,115856.0,3525.0,2,42314,1726,4362,0,0,36646,0.47,1377,2,0,2,446466,14402.0,0.58,0,1.49,599,D
CUST01213,31,Female,Married,Graduate,Salaried,21,43853.0,4014.0,4,37764,4146,4711,1,5,15346,0.07,85,1,0,3,32826,683.0,0.86,1,0.19,775,B
CUST01214,43,Male,Married,Post-Graduate,Unemployed,0,122389.0,2427.0,4,49497,3385,2506,0,0,55799,0.32,1428,3,0,4,150988,2903.0,0.84,0,0.28,723,B
CUST01215,21,Female,Single,Post-Graduate,Unemployed,0,60296.0,5041.0,1,18184,1915,3019,0,1,11693,0.38,355,0,0,1,123873,1331.0,0.82,2,0.26,716,B
CUST01216,66,Female,Single,Graduate,Business Owner,3,97387.0,4782.0,1,0,6105,1479,1,0,31529,0.54,1362,0,0,3,165680,5020.0,0.63,0,0.62,636,C
CUST01217,57,Female,Single,High School,Salaried,8,93824.0,1335.0,3,18944,3456,2786,0,3,43928,0.04,140,1,0,4,37037,903.0,0.74,0,0.12,785,B
CUST01218,41,Female,Married,Post-Graduate,Salaried,14,70771.0,7312.0,2,8655,3528,3156,0,3,8364,0.43,287,1,0,0,210851,3194.0,0.53,1,0.54,637,C
CUST01219,46,Female,Married,Graduate,Salaried,23,81426.0,2858.0,5,12977,4185,2509,1,1,14479,,208,5,0,1,153209,2220.0,0.81,0,0.33,715,B
CUST01220,66,Male,Married,Post-Graduate,Business Owner,9,25703.0,,1,19376,3853,1750,0,0,6130,0.35,171,1,0,2,26610,1156.0,0.52,0,0.54,650,C
CUST01221,56,Male,Married,Graduate,Unemployed,0,76769.0,5634.0,2,45796,4471,1550,2,0,28511,0.22,501,0,1,1,236468,2169.0,0.66,0,0.34,716,B
CUST01222,43,Male,Divorced,Graduate,Salaried,28,67937.0,4738.0,1,21505,1162,3639,0,2,29670,0.36,854,1,0,0,103918,1506.0,0.67,0,0.27,700,B
CUST01223,21,Male,Single,Graduate,Self-Employed,15,140892.0,473.0,1,50975,5106,3037,2,2,25313,0.64,1296,1,0,2,179387,4848.0,0.81,1,0.41,652,C
CUST01224,60,Female,Married,Post-Graduate,Salaried,17,75867.0,6620.0,4,9871,3590,2602,0,3,15073,0.16,192,1,0,1,228519,2058.0,0.71,0,0.33,738,B
CUST01225,35,Male,Married,Doctorate,Salaried,27,53561.0,4880.0,2,42207,3368,910,1,4,22994,0.18,331,1,0,3,23707,213.0,0.89,0,0.05,778,B
CUST01226,41,Male,Married,High School,Self-Employed,10,,5513.0,4,22524,1881,2458,0,5,12500,0.4,400,0,0,1,285174,9833.0,,1,1.5,593,D
CUST01227,67,Male,Divorced,Graduate,Salaried,27,54844.0,8950.0,4,0,1646,2095,1,3,11213,0.06,53,0,0,2,10298,143.0,0.85,0,0.03,803,A
CUST01228,29,Male,Married,High School,Salaried,8,32433.0,7609.0,2,22672,1611,833,2,5,12748,0.27,275,1,0,3,18152,252.0,0.28,1,0.09,654,C
CUST01229,29,Male,Married,Graduate,Salaried,18,87360.0,8344.0,4,30548,2276,3706,0,1,14542,0.21,244,2,0,3,81104,,0.77,0,0.31,733,B
CUST01230,30,Female,Single,Post-Graduate,Business Owner,6,75230.0,0.0,3,0,3088,3405,0,0,32440,0.12,311,3,0,3,203254,2540.0,0.59,0,0.41,704,B
CUST01231,46,Male,Married,Graduate,Business Owner,17,104795.0,4372.0,5,15829,972,2730,2,2,31040,0.51,1266,2,0,0,288000,,0.68,0,0.32,657,C
CUST01232,61,Female,Single,Doctorate,Unemployed,0,118680.0,224.0,5,12258,5648,689,0,5,33115,0.14,370,2,0,1,472442,9842.0,0.76,1,1.0,681,F
CUST01233,55,Female,Single,Graduate,Self-Employed,4,131679.0,,3,34519,3753,3581,0,3,20292,0.31,503,2,0,0,288096,3311.0,0.57,1,0.3,687,C
CUST01234,45,Male,Married,Doctorate,Self-Employed,21,81891.0,0.0,1,13430,1422,2752,0,5,30452,0.2,487,1,0,4,271359,5427.0,0.68,0,0.8,684,C
CUST01235,46,Male,Married,Post-Graduate,Salaried,15,95746.0,8160.0,4,14226,4466,2691,0,1,43430,0.05,173,1,0,3,173014,5242.0,0.84,0,0.66,750,B
CUST01236,31,Male,Single,High School,Unemployed,0,83446.0,9709.0,5,6904,2237,2727,1,4,31446,0.34,855,1,0,2,214409,2493.0,0.82,1,0.36,710,B
CUST01237,58,Female,Married,Graduate,Self-Employed,23,15000.0,4448.0,2,5712,1840,1606,2,3,3401,0.37,100,0,2,3,3653,173.0,0.66,0,0.14,699,C
CUST01238,22,Female,Married,Graduate,Self-Employed,13,112079.0,6026.0,1,5276,4944,2534,2,0,42536,0.26,884,0,0,2,368519,3319.0,0.86,0,0.36,741,B
CUST01239,27,Male,Single,High School,Self-Employed,22,91374.0,9656.0,5,2092,2015,3840,0,0,27775,0.35,777,1,0,4,238067,4858.0,0.65,0,0.64,668,C
CUST01240,38,Male,Married,Graduate,Business Owner,1,91777.0,11265.0,4,1278,3076,676,1,2,40518,0.37,1199,2,0,1,230856,3078.0,0.67,0,0.4,677,C
CUST01241,47,Female,Married,Graduate,Salaried,25,59622.0,10058.0,5,42405,4364,3696,0,1,16924,0.29,392,3,1,4,52552,565.0,0.86,1,0.11,734,B
CUST01242,54,Male,Married,Doctorate,Salaried,22,55711.0,6616.0,4,40904,4771,2971,1,4,10859,0.17,147,1,0,2,90191,1670.0,,0,0.36,726,B
CUST01243,47,Male,Married,Graduate,Self-Employed,22,72960.0,9841.0,1,37212,3383,3227,0,4,10251,0.34,278,1,0,0,66878,562.0,0.61,0,0.09,711,B
CUST01244,37,Female,Single,Post-Graduate,Business Owner,9,91737.0,,3,21098,407,2299,0,1,19487,0.32,498,1,0,3,258474,3916.0,0.79,0,0.51,706,B
CUST01245,63,Female,Married,Doctorate,Self-Employed,28,16430.0,2947.0,4,13616,1399,2317,0,2,5346,0.16,68,3,1,2,65422,2973.0,0.31,0,2.0,595,D
CUST01246,64,Female,Divorced,Post-Graduate,Salaried,26,81065.0,7807.0,4,27803,5171,938,2,0,13620,0.44,479,1,1,0,62611,2318.0,0.9,0,0.34,705,B
CUST01247,44,Female,Married,Graduate,Salaried,5,125654.0,5081.0,1,42080,4294,2089,1,4,14563,0.1,116,1,2,4,62294,1730.0,0.74,1,0.17,763,B
CUST01248,45,Female,Single,Graduate,Self-Employed,11,71059.0,7024.0,1,23394,3984,2882,0,1,19863,0.33,524,3,0,2,95907,1453.0,0.43,0,0.25,657,C
CUST01249,27,Male,Married,Graduate,Self-Employed,22,15613.0,7746.0,2,14102,1914,4296,1,2,3731,0.79,235,3,0,4,31537,404.0,0.83,0,0.31,616,C
CUST01250,26,Female,Divorced,Graduate,Self-Employed,22,69339.0,7792.0,1,28838,1490,2812,2,0,18593,0.3,446,0,0,3,194791,2529.0,0.48,1,0.44,660,C
CUST01251,44,Female,Single,Graduate,Salaried,23,83845.0,0.0,5,70301,872,883,0,1,23615,0.44,831,0,1,3,166392,,0.65,1,0.63,655,C
CUST01252,53,Female,Divorced,Post-Graduate,Unemployed,0,86282.0,7043.0,4,8142,2207,2452,1,2,35067,0.46,1290,1,0,0,340105,5966.0,0.91,1,0.83,660,C
CUST01253,69,Male,Divorced,Graduate,Self-Employed,21,79642.0,3104.0,3,4380,3567,1799,0,3,38576,0.42,1296,1,0,0,235930,10724.0,0.69,0,1.62,628,C
CUST01254,49,Male,Single,Graduate,Business Owner,21,133085.0,5766.0,1,38371,5177,2424,0,1,27270,0.22,479,0,0,3,99413,,0.77,1,0.11,765,B
CUST01255,63,Male,Divorced,Doctorate,Salaried,4,79226.0,3665.0,4,35549,2844,2623,1,4,37787,0.52,1571,1,0,1,93083,2386.0,0.61,0,0.36,650,C
CUST01256,42,Male,Married,High School,Salaried,26,80757.0,3731.0,3,4378,2961,4877,0,1,15452,0.32,395,3,0,3,259388,3325.0,0.74,0,0.49,684,C
CUST01257,46,Male,Married,Graduate,Business Owner,20,57926.0,3139.0,2,24641,4403,2959,3,0,23284,0.36,670,2,1,2,203480,3699.0,0.81,0,0.77,652,C
CUST01258,48,Female,Married,Post-Graduate,Salaried,16,103329.0,7278.0,5,14877,2273,2947,0,1,38494,0.35,1077,2,1,4,219539,2439.0,0.53,1,0.28,672,C
CUST01259,41,Female,Married,High School,Self-Employed,28,125912.0,4496.0,2,1322,2779,3059,1,5,15221,0.44,535,1,0,3,226927,2801.0,0.59,0,0.27,676,C
CUST01260,69,Male,Married,Graduate,Salaried,24,56156.0,4252.0,1,2118,3124,1789,0,0,21899,0.19,332,0,0,2,34301,519.0,0.67,1,0.11,746,B
CUST01261,27,Female,Married,Graduate,Business Owner,29,71740.0,,5,11398,2220,4321,0,2,33032,0.11,290,1,0,2,70675,,0.83,0,0.13,782,B
CUST01262,37,Male,Single,Post-Graduate,Salaried,18,15000.0,6762.0,2,22387,3732,2962,0,3,7081,0.11,62,0,0,2,42227,380.0,0.72,1,0.3,746,B
CUST01263,40,Male,Married,Graduate,Salaried,26,49901.0,2436.0,4,30563,3189,2214,1,0,18666,0.29,433,0,3,4,9785,349.0,0.43,0,0.08,694,C
CUST01264,61,Male,Single,Graduate,Unemployed,0,134079.0,9769.0,1,14046,3290,3224,1,2,55593,0.58,2579,1,1,2,324689,,0.74,0,0.28,673,C
CUST01265,69,Male,Single,Graduate,Self-Employed,2,,3034.0,2,15956,1515,4186,0,2,8499,0.17,115,0,1,4,59893,1174.0,0.72,0,0.21,754,B
CUST01266,40,Male,Single,High School,Salaried,17,81809.0,3686.0,5,28685,4224,2916,1,3,13457,0.2,215,1,0,0,72644,896.0,0.8,0,0.13,758,B
CUST01267,42,Male,Married,Graduate,Salaried,10,53141.0,5063.0,5,15424,5525,2514,0,4,10893,0.16,139,1,0,0,89490,,0.89,0,0.34,761,B
CUST01268,48,Male,Single,Graduate,Unemployed,0,88434.0,6421.0,3,16080,4110,2564,0,4,27638,0.34,751,1,0,3,160012,1860.0,0.71,2,0.25,704,F
CUST01269,60,Female,Single,Graduate,Salaried,15,69763.0,4448.0,5,37519,1872,3395,0,1,17754,0.13,184,1,0,4,181121,3773.0,0.98,2,0.65,744,B
CUST01270,69,Male,Single,Graduate,Self-Employed,9,87327.0,4295.0,5,14333,650,3072,1,4,31686,0.36,912,2,1,0,52273,816.0,0.35,1,0.11,651,C
CUST01271,27,Female,Single,Graduate,Salaried,27,78138.0,8247.0,1,10780,2817,2795,3,1,21743,0.33,574,0,1,2,107448,1294.0,,1,0.2,688,C
CUST01272,21,Female,Married,Graduate,Business Owner,8,118300.0,0.0,5,10968,3887,2304,2,0,48504,0.37,1435,2,0,0,76419,830.0,0.68,0,0.08,705,B
CUST01273,52,Female,Divorced,Post-Graduate,Business Owner,6,80055.0,3271.0,3,17461,1978,2872,0,5,30856,0.06,148,2,0,1,169823,2234.0,,0,0.33,723,B
CUST01274,33,Female,Single,Graduate,Self-Employed,4,49970.0,2524.0,5,39076,2519,825,1,5,19933,0.5,797,0,0,2,38443,3203.0,0.69,0,0.77,633,C
CUST01275,50,Male,Divorced,High School,Salaried,18,55913.0,,3,26502,4683,4031,0,5,24128,0.39,752,1,0,4,196810,3936.0,0.94,1,0.84,677,C
CUST01276,43,Male,Married,Post-Graduate,Business Owner,24,18942.0,9178.0,4,18125,618,2605,1,5,8214,0.33,216,1,0,1,4267,,0.92,0,0.07,750,B
CUST01277,39,Female,Married,Post-Graduate,Salaried,3,78762.0,2952.0,3,18369,3476,1238,0,0,32435,0.18,467,0,0,0,178664,1880.0,0.56,0,0.29,723,D
CUST01278,52,Male,Married,Graduate,Unemployed,0,,4717.0,1,31576,1406,2141,1,1,9236,0.15,110,2,0,4,206748,3828.0,0.84,0,0.63,719,B
CUST01279,50,Female,Married,Graduate,Salaried,4,120399.0,6643.0,2,18300,4274,3462,0,3,42053,0.36,1211,0,0,0,432009,12706.0,0.58,0,1.27,635,C
CUST01280,49,Female,Single,Graduate,Self-Employed,21,39814.0,2648.0,2,18080,4146,4365,0,3,4296,0.41,140,2,0,2,39149,328.0,0.79,2,0.1,703,B
CUST01281,69,Female,Married,Graduate,Salaried,13,54071.0,0.0,4,24996,2940,3134,1,4,21493,0.32,550,3,0,0,146631,1232.0,0.69,0,0.27,688,C
CUST01282,65,Female,Married,Post-Graduate,Self-Employed,20,54385.0,0.0,1,9263,3439,3302,0,0,6766,0.21,113,1,0,0,154382,3675.0,0.73,0,0.81,686,C
CUST01283,49,Female,Married,High School,Salaried,11,67392.0,8996.0,4,49344,1634,2071,0,0,33243,0.08,212,1,0,4,155054,1582.0,0.91,0,0.28,785,B
CUST01284,50,Female,Married,Post-Graduate,Salaried,8,37171.0,6360.0,4,48330,4262,4826,0,5,12847,0.18,184,3,0,3,126561,1582.0,0.87,0,0.51,722,B
CUST01285,36,Male,Single,High School,Salaried,25,66644.0,4016.0,5,21301,3598,2303,1,3,11516,0.31,285,3,0,2,121876,1934.0,0.67,0,0.35,682,C
CUST01286,60,Female,Married,Graduate,Salaried,14,75561.0,3973.0,5,18218,2925,2601,1,2,21709,0.23,399,1,0,0,216000,3272.0,0.51,0,0.52,673,C
CUST01287,39,Male,Married,Post-Graduate,Salaried,14,76463.0,2449.0,1,6732,1830,2624,0,3,32930,0.35,922,0,1,4,56304,3312.0,0.95,0,0.52,730,B
CUST01288,38,Male,Married,Graduate,Salaried,16,113201.0,5483.0,2,21153,3142,4453,0,3,19470,0.28,436,0,1,2,439183,7572.0,0.88,0,0.8,711,B
CUST01289,21,Female,Single,High School,Business Owner,14,74108.0,7169.0,3,5128,2438,2949,0,2,23322,0.32,597,3,0,3,182355,1642.0,0.57,1,0.27,673,A
CUST01290,34,Male,Married,Doctorate,Salaried,1,73393.0,2313.0,5,17724,4188,3533,1,4,7444,0.26,154,1,1,1,215713,7704.0,0.51,0,1.26,624,C
CUST01291,67,Male,Divorced,Post-Graduate,Self-Employed,2,109354.0,5775.0,1,31158,5463,1886,0,1,45422,0.23,835,2,0,2,131610,2269.0,,2,0.25,708,B
CUST01292,22,Male,Married,Post-Graduate,Salaried,28,74932.0,2409.0,1,35552,3992,3057,0,4,13326,0.09,95,1,0,1,127358,1900.0,0.83,0,0.3,771,B
CUST01293,48,Female,Married,Graduate,Self-Employed,20,38525.0,4725.0,2,41864,2469,1914,2,5,9818,0.12,94,1,0,1,27264,470.0,0.83,0,0.15,764,B
CUST01294,69,Male,Married,High School,Salaried,1,42674.0,3316.0,1,26933,5181,1836,0,2,13318,0.19,202,1,0,2,162298,3381.0,0.49,1,0.95,634,C
CUST01295,50,Female,Single,Doctorate,Unemployed,0,42960.0,7727.0,1,6815,2397,3311,0,2,6785,0.75,407,3,0,4,155642,1525.0,0.6,0,0.43,587,D
CUST01296,58,Male,Single,Graduate,Business Owner,6,38438.0,5022.0,2,42089,3429,2165,0,4,18091,0.08,115,1,0,3,23283,273.0,0.77,1,0.09,773,B
CUST01297,24,Female,Single,Post-Graduate,Salaried,15,,1546.0,5,34423,2376,1755,0,5,38800,0.26,807,2,0,1,132367,3394.0,0.68,1,0.3,713,B
CUST01298,21,Female,Married,Graduate,Business Owner,12,42834.0,4751.0,2,13919,3033,4008,0,5,8254,,46,1,0,4,91153,1752.0,0.74,2,0.49,730,B
CUST01299,28,Male,Single,Graduate,Salaried,5,73749.0,7961.0,4,5078,400,1557,0,1,29061,0.31,720,2,0,0,35184,525.0,0.28,2,0.09,650,C
CUST01300,49,Male,Married,Doctorate,Self-Employed,29,,1376.0,5,22940,1198,4819,0,4,35081,0.05,140,0,0,3,179204,2327.0,0.58,1,0.36,738,B
CUST01301,59,Male,Married,Graduate,Salaried,23,69695.0,4174.0,4,39600,2906,3777,0,0,32412,0.2,518,0,0,2,74069,903.0,0.77,0,0.16,761,B
CUST01302,23,Female,Single,High School,Salaried,12,51607.0,,1,13622,3439,4577,0,0,14060,0.35,393,1,0,2,132339,6965.0,0.82,2,1.62,647,F
CUST01303,52,Female,Single,Graduate,Salaried,22,88656.0,5629.0,4,22328,2793,1680,0,0,21612,0.16,276,1,1,0,27888,593.0,0.83,1,0.08,775,B
CUST01304,30,Female,Single,Graduate,Self-Employed,14,29281.0,,2,28954,4301,3342,0,1,13811,0.19,209,2,0,3,19124,434.0,0.92,0,0.18,764,B
CUST01305,30,Male,Married,High School,Salaried,14,43025.0,6098.0,2,0,0,2768,2,1,5211,0.3,125,0,0,1,90792,1194.0,0.41,1,0.33,656,C
CUST01306,39,Female,Single,Graduate,Business Owner,19,108655.0,2851.0,3,10750,3712,3625,1,2,43485,0.2,695,2,0,0,302063,7191.0,0.89,0,0.79,707,B
CUST01307,66,Female,Single,Graduate,Self-Employed,5,42076.0,4480.0,1,44366,4988,1842,0,3,7195,0.32,184,1,0,3,98250,1129.0,0.58,0,0.32,686,C
CUST01308,54,Female,Divorced,Post-Graduate,Salaried,3,113926.0,,2,0,4164,3820,0,1,32605,0.12,313,0,1,2,142567,2227.0,0.94,1,0.23,795,B
CUST01309,53,Female,Married,Graduate,Self-Employed,25,116488.0,10371.0,5,38068,3994,3252,0,5,56086,0.26,1166,0,0,1,271255,2739.0,0.98,2,0.28,767,B
CUST01310,43,Male,Single,Doctorate,Business Owner,18,117082.0,5938.0,2,37889,4492,2313,0,3,38924,0.26,809,0,0,2,128457,1411.0,0.53,0,0.14,722,B
CUST01311,48,Male,Married,High School,Unemployed,0,100316.0,7533.0,5,26400,1186,689,0,0,31035,0.11,273,2,1,1,384823,4182.0,0.85,0,0.5,748,B
CUST01312,52,Female,Married,Graduate,Self-Employed,9,33619.0,10523.0,1,22176,1179,3711,0,0,4192,0.02,6,2,0,3,21658,349.0,0.94,1,0.12,798,B
CUST01313,27,Female,Married,High School,Business Owner,26,28853.0,5755.0,3,0,2529,2347,0,3,6086,0.39,189,1,0,0,70436,3201.0,0.7,0,1.33,629,C
CUST01314,49,Female,Married,Post-Graduate,Business Owner,7,41409.0,4312.0,3,27327,2845,1530,0,4,4191,0.49,164,1,0,1,76212,1656.0,0.5,1,0.48,624,C
CUST01315,28,Male,Single,Doctorate,Salaried,21,46428.0,,4,13546,3277,1953,0,2,20892,0.32,534,2,1,3,63975,1777.0,0.81,0,0.46,701,B
CUST01316,21,Male,Married,Post-Graduate,Salaried,18,35996.0,1300.0,2,38179,1192,3267,0,2,12884,0.21,216,2,1,0,71259,641.0,0.89,0,0.21,754,B
CUST01317,23,Male,Married,Graduate,Salaried,2,54483.0,0.0,1,25056,2607,2323,1,4,8020,0.45,288,0,0,2,25990,412.0,0.38,0,0.09,657,C
CUST01318,44,Male,Single,Graduate,Salaried,20,,7654.0,4,0,4444,2688,0,5,24069,0.14,269,0,0,4,168555,2133.0,0.81,0,0.26,773,B
CUST01319,43,Female,Married,Post-Graduate,Salaried,10,94528.0,6372.0,1,8492,2464,2837,2,3,40133,0.08,256,0,0,3,339917,3862.0,0.69,0,0.49,734,B
CUST01320,28,Female,Married,Doctorate,Unemployed,0,83870.0,4301.0,1,0,603,1319,0,3,13093,0.31,324,1,0,0,51270,,0.42,3,0.07,676,C
CUST01321,67,Male,Single,Doctorate,Salaried,2,68556.0,4225.0,4,11,634,3206,0,1,13170,0.31,326,2,1,3,153869,3077.0,0.64,1,0.54,668,C
CUST01322,57,Male,Single,Graduate,Self-Employed,28,72951.0,1998.0,1,32942,4490,3268,0,0,23093,0.29,535,0,0,3,227875,2884.0,0.83,0,0.47,727,B
CUST01323,23,Male,Married,Doctorate,Self-Employed,13,84032.0,6486.0,4,16341,5216,5044,1,0,13275,,95,1,0,4,275506,4174.0,0.41,1,0.6,672,C
CUST01324,53,Male,Single,High School,Salaried,29,60802.0,3194.0,2,9145,1837,3300,1,3,15387,0.58,713,0,1,4,42097,568.0,0.64,0,0.11,672,C
CUST01325,48,Female,Married,Graduate,Salaried,8,104320.0,4210.0,4,19579,4286,2917,1,1,51414,0.29,1192,1,0,4,308708,20580.0,0.59,0,2.0,634,C
CUST01326,67,Female,Single,High School,Self-Employed,26,35559.0,1669.0,2,14267,3944,529,1,5,11291,0.13,117,2,0,4,108383,5704.0,0.93,1,1.92,693,C
CUST01327,28,Male,Single,Graduate,Self-Employed,23,51694.0,2193.0,3,22352,861,3306,0,5,19675,0.24,377,2,0,2,113055,1949.0,0.67,0,0.45,696,C
CUST01328,54,Female,Married,Post-Graduate,Unemployed,0,47231.0,7794.0,4,51900,3752,4722,0,1,17254,0.56,772,2,0,4,79978,1126.0,0.69,0,0.29,655,C
CUST01329,55,Female,Married,Post-Graduate,Salaried,3,88728.0,8337.0,3,19726,4041,1859,0,2,16386,0.32,419,0,1,4,21861,326.0,0.33,0,0.04,687,C
CUST01330,52,Female,Married,Post-Graduate,Business Owner,23,38992.0,1288.0,4,36803,2566,720,1,2,17095,0.34,464,2,1,0,1312,65.0,0.81,0,0.02,731,B
CUST01331,44,Male,Married,Graduate,Salaried,8,47487.0,6783.0,1,0,2392,1654,1,3,7067,0.47,265,3,0,1,110692,930.0,0.66,0,0.24,659,C
CUST01332,34,Female,Single,Graduate,Self-Employed,21,87731.0,2780.0,3,14339,3344,3408,1,5,41114,0.17,559,1,0,0,126772,1424.0,0.68,0,0.19,740,B
CUST01333,52,Male,Married,Post-Graduate,Self-Employed,1,48934.0,3504.0,5,1255,1828,2032,0,2,9122,0.39,284,3,0,2,54864,694.0,0.7,1,0.17,686,C
CUST01334,66,Male,Married,Graduate,Salaried,15,100146.0,8602.0,5,23584,4754,1599,3,1,48260,0.24,926,2,1,2,45782,974.0,0.67,0,0.12,717,B
CUST01335,63,Male,Single,Post-Graduate,Salaried,1,99440.0,4141.0,5,31563,2977,2851,0,4,41683,0.5,1667,5,0,4,371029,3786.0,0.72,1,0.46,634,C
CUST01336,36,Male,Divorced,Post-Graduate,Salaried,12,58864.0,4116.0,3,33147,2350,2770,0,0,9912,0.48,380,0,0,4,42975,877.0,0.75,0,0.18,705,B
CUST01337,24,Male,Single,Post-Graduate,Salaried,11,,75.0,2,18003,2782,4173,0,3,12940,0.38,393,0,0,3,208623,6729.0,0.98,0,1.02,686,C
CUST01338,57,Male,Divorced,Graduate,Self-Employed,16,136780.0,3986.0,4,38204,4499,1990,0,5,18302,0.42,614,0,1,3,21260,202.0,0.72,1,0.02,730,B
CUST01339,41,Male,Divorced,Post-Graduate,Salaried,4,101162.0,3123.0,1,24778,2780,2631,0,2,20125,0.21,338,3,0,0,266143,2510.0,0.92,0,0.3,751,B
CUST01340,34,Female,Married,Graduate,Self-Employed,2,89824.0,6377.0,1,28574,2323,0,1,2,32663,,574,1,0,0,234763,3848.0,0.6,0,0.51,691,C
CUST01341,51,Female,Divorced,Graduate,Salaried,23,121555.0,3373.0,3,12897,619,1858,0,1,37453,0.06,179,4,1,2,440582,33890.0,0.48,1,2.0,639,C
CUST01342,68,Male,Married,Post-Graduate,Business Owner,29,46089.0,8671.0,5,12030,3257,2850,0,2,15916,0.24,305,2,0,3,109198,1199.0,0.64,0,0.31,703,B
CUST01343,38,Female,Single,Graduate,Business Owner,3,112675.0,6188.0,1,15435,2573,2188,0,0,12671,0.53,537,1,0,3,11421,519.0,0.7,0,0.06,698,C
CUST01344,27,Female,Married,Post-Graduate,Business Owner,28,85668.0,5591.0,1,39303,1207,0,0,3,11307,0.11,99,0,0,4,328497,3457.0,0.49,2,0.48,699,C
CUST01345,30,Female,Single,Graduate,Self-Employed,4,118714.0,7107.0,2,12904,3650,3243,1,2,44730,0.77,2755,2,0,1,46766,2750.0,0.75,0,0.28,631,C
CUST01346,27,Male,Married,Graduate,Salaried,25,59335.0,5601.0,1,0,1364,3129,0,4,26057,0.18,375,0,1,2,56862,503.0,0.3,0,0.1,699,C
CUST01347,53,Female,Married,Post-Graduate,Business Owner,18,116774.0,7181.0,1,16942,2034,1405,2,4,28465,0.2,455,0,0,3,347238,3438.0,0.81,1,0.35,741,B
CUST01348,43,Female,Married,Graduate,Salaried,12,22731.0,4558.0,4,11072,3702,3344,2,5,3786,0.16,48,0,1,3,63860,658.0,0.56,0,0.35,704,B
CUST01349,41,Female,Single,Graduate,Salaried,24,63723.0,4735.0,1,35688,3694,963,0,5,14232,0.24,273,3,0,1,183963,7075.0,0.58,0,1.33,627,C
CUST01350,39,Male,Married,Graduate,Salaried,1,83177.0,2585.0,4,22390,3118,1626,0,3,22026,0.53,933,3,1,4,139599,8724.0,0.75,0,1.26,603,C
CUST01351,68,Male,Divorced,Graduate,Self-Employed,3,94704.0,2858.0,5,26908,2593,4175,1,4,33340,0.19,506,1,0,0,144531,2535.0,,0,0.32,696,C
CUST01352,39,Female,Single,Post-Graduate,Self-Employed,4,15000.0,8901.0,2,36268,2284,4059,1,4,3956,,110,1,0,0,35317,441.0,0.66,0,0.35,682,C
CUST01353,56,Male,Married,High School,Self-Employed,6,37629.0,6399.0,1,24679,1687,3320,0,5,17264,0.41,566,0,0,4,41020,820.0,0.61,0,0.26,687,C
CUST01354,49,Male,Single,Post-Graduate,Salaried,17,42491.0,382.0,2,5395,2570,1763,0,2,11068,0.37,327,4,0,4,33606,501.0,0.71,0,0.14,690,C
CUST01355,38,Male,Married,Post-Graduate,Salaried,8,46930.0,8172.0,2,25830,4589,3039,1,4,8097,0.36,233,4,1,1,29850,1571.0,0.94,0,0.4,699,C
CUST01356,22,Female,Single,High School,Unemployed,0,52485.0,5376.0,2,38150,1340,3105,0,2,10462,0.29,242,1,0,1,80865,4043.0,0.95,2,0.92,684,C
CUST01357,21,Female,Married,Post-Graduate,Self-Employed,16,79941.0,2621.0,3,20016,0,410,0,0,22868,0.41,750,0,1,4,286906,4098.0,0.94,0,0.62,709,B
CUST01358,67,Male,Single,Graduate,Salaried,21,119287.0,10356.0,4,21203,1882,1234,2,1,49263,0.21,827,2,1,2,441209,11313.0,0.51,0,1.14,626,C
CUST01359,25,Female,Single,High School,Self-Employed,6,63741.0,8775.0,2,12306,5288,3800,0,5,28540,0.52,1187,1,1,2,227542,3447.0,0.78,2,0.65,643,C
CUST01360,40,Male,Divorced,Graduate,Salaried,24,121374.0,7266.0,5,23100,2400,0,0,2,21133,0.29,490,0,1,2,99094,1000.0,0.78,0,0.1,758,B
CUST01361,31,Female,Single,Graduate,Salaried,19,77545.0,5476.0,1,26944,3021,2599,1,1,7862,0.52,327,1,0,2,184212,2024.0,0.97,0,0.31,709,B
CUST01362,62,Female,Married,Post-Graduate,Salaried,28,68574.0,6020.0,2,37525,3117,2442,0,2,30704,0.37,908,1,1,1,178487,2478.0,0.67,1,0.43,679,C
CUST01363,22,Female,Single,Graduate,Salaried,25,106355.0,0.0,2,46256,1973,1545,0,2,20343,0.25,406,0,1,3,196326,3849.0,0.82,0,0.43,740,D
CUST01364,23,Female,Married,Graduate,Salaried,28,70316.0,,1,27701,5025,2509,1,3,30142,0.19,458,1,0,4,160459,2168.0,0.87,0,0.37,747,B
CUST01365,43,Male,Married,Post-Graduate,Business Owner,21,51538.0,5543.0,5,42741,2643,2494,0,2,16507,0.23,303,2,0,3,25815,832.0,0.96,0,0.19,765,B
CUST01366,32,Female,Single,Post-Graduate,Self-Employed,8,114782.0,5726.0,2,25164,4612,2671,1,4,30032,0.22,528,0,0,0,412760,4744.0,0.75,1,0.5,720,F
CUST01367,40,Male,Single,Graduate,Salaried,4,73851.0,5663.0,2,29296,3076,2335,0,4,11720,,178,0,0,0,39819,632.0,0.8,0,0.1,774,B
CUST01368,25,Female,Married,Post-Graduate,Self-Employed,28,128732.0,3594.0,5,58716,3137,3170,0,2,47478,0.45,1709,1,0,2,429808,6512.0,0.38,1,0.61,612,C
CUST01369,57,Female,Married,Graduate,Unemployed,0,,2151.0,2,18710,1450,3385,0,5,27495,0.22,483,1,0,2,13415,154.0,0.57,0,0.03,731,B
CUST01370,58,Female,Married,Post-Graduate,Salaried,8,35057.0,5278.0,5,3298,4531,1471,0,5,9971,0.14,111,1,0,1,56370,1483.0,,0,0.51,724,B
CUST01371,50,Male,Married,Graduate,Business Owner,21,,999.0,2,53257,2724,3693,0,5,14460,0.26,300,1,0,3,40492,899.0,0.8,0,0.21,741,B
CUST01372,29,Female,Married,Post-Graduate,Self-Employed,19,54878.0,5845.0,1,30207,3206,2288,0,0,22067,0.22,388,1,1,0,34916,943.0,0.79,0,0.21,747,B
CUST01373,54,Male,Single,Graduate,Salaried,1,72130.0,1915.0,5,2657,5548,35,1,4,21642,0.23,398,1,0,2,194486,2946.0,0.28,1,0.49,636,C
CUST01374,64,Male,Single,Graduate,Salaried,21,51172.0,7898.0,1,17835,3411,1958,0,1,21197,0.08,135,1,1,3,181816,1567.0,0.87,0,0.37,769,B
CUST01375,55,Female,Single,Graduate,Salaried,21,37411.0,720.0,1,26980,3267,2433,2,0,4550,0.55,200,0,0,1,118254,1046.0,0.78,0,0.34,670,C
CUST01376,42,Male,Single,Graduate,Self-Employed,4,65311.0,4868.0,2,8956,4472,755,0,1,28936,,92,0,0,2,76011,1809.0,0.58,0,0.33,746,F
CUST01377,64,Female,Single,Post-Graduate,Salaried,10,77744.0,5224.0,5,1596,3998,2354,1,2,15924,0.06,76,1,0,2,188909,1816.0,0.62,0,0.28,742,B
CUST01378,44,Male,Married,Graduate,Self-Employed,26,87351.0,8658.0,3,32353,2308,2106,0,2,14646,0.42,492,2,0,3,102935,1372.0,0.47,0,0.19,661,C
CUST01379,37,Male,Married,Post-Graduate,Self-Employed,8,74495.0,5766.0,1,0,2136,2901,0,2,8411,0.12,80,2,0,2,26999,964.0,0.71,0,0.16,752,B
CUST01380,30,Female,Divorced,Post-Graduate,Salaried,3,115985.0,2559.0,1,12255,3667,1975,0,4,50294,0.14,563,3,1,2,54090,932.0,0.84,0,0.1,771,B
CUST01381,50,Male,Single,Post-Graduate,Business Owner,12,76842.0,2324.0,1,11885,2172,2342,1,5,9531,0.1,76,0,0,3,53245,605.0,0.83,0,0.09,791,B
CUST01382,66,Male,Married,Graduate,Business Owner,26,15000.0,9340.0,2,5111,3067,3661,0,0,7226,0.24,138,0,0,1,39648,528.0,0.7,0,0.42,714,B
CUST01383,43,Female,Married,Doctorate,Salaried,9,82515.0,4888.0,2,14770,1118,2863,0,1,26894,0.26,559,3,0,1,44237,1105.0,0.96,0,0.16,758,B
CUST01384,52,Male,Married,Post-Graduate,Unemployed,0,75222.0,4417.0,1,17027,5527,2843,0,3,28544,0.6,1370,0,0,4,173238,5973.0,0.56,1,0.95,582,D
CUST01385,37,Female,Single,Post-Graduate,Salaried,4,97057.0,2915.0,2,0,2053,2095,0,5,37864,0.18,545,0,1,0,494,4.0,0.8,1,0.0,782,B
CUST01386,37,Male,Single,Graduate,Salaried,6,41418.0,1361.0,2,24153,3895,1314,0,0,8990,0.32,230,0,1,3,121201,6060.0,0.68,0,1.76,647,C
CUST01387,34,Female,Single,Graduate,Salaried,9,106843.0,10701.0,2,32353,3946,3171,0,1,45150,0.46,1661,2,0,2,110384,3679.0,0.72,1,0.41,669,C
CUST01388,29,Female,Single,High School,Self-Employed,26,83007.0,5190.0,4,42037,5613,1268,1,3,39718,0.14,444,1,2,2,188954,2699.0,0.8,0,0.39,745,B
CUST01389,60,Female,Married,Graduate,Self-Employed,2,79068.0,1697.0,5,19237,3478,4396,0,0,19604,0.17,266,0,0,2,109721,1044.0,0.96,0,0.16,796,B
CUST01390,22,Male,Single,High School,Salaried,2,103154.0,7227.0,2,0,2408,1226,1,0,44783,0.29,1038,2,0,0,220389,13774.0,0.78,0,1.6,655,C
CUST01391,65,Female,Single,Graduate,Salaried,18,109787.0,6792.0,4,32556,2942,2223,1,5,44882,0.3,1077,1,0,0,85152,4481.0,0.68,0,0.49,693,C
CUST01392,45,Female,Married,Graduate,Salaried,21,106861.0,1252.0,4,21085,1697,3690,0,2,35888,0.5,1435,0,0,1,264625,3077.0,0.32,2,0.35,617,C
CUST01393,59,Female,Married,Graduate,Business Owner,22,15000.0,3246.0,2,31298,4983,2409,1,5,3705,0.24,71,1,0,3,52927,867.0,0.92,1,0.69,705,B
CUST01394,29,Male,Married,Graduate,Business Owner,3,32326.0,6375.0,4,21639,2524,2967,0,0,8601,0.1,68,1,0,1,74828,1025.0,0.93,0,0.38,771,B
CUST01395,42,Female,Married,Post-Graduate,Self-Employed,3,61806.0,7176.0,3,28301,5637,2681,0,5,13785,0.23,253,0,0,0,109311,5465.0,0.51,0,1.06,640,C
CUST01396,63,Female,Married,High School,Self-Employed,18,39334.0,2713.0,4,6401,2016,725,0,5,10640,0.35,297,2,0,3,74516,730.0,0.31,1,0.22,636,C
CUST01397,66,Male,Single,Post-Graduate,Self-Employed,27,,0.0,5,2726,6862,1335,0,5,26845,0.18,386,3,1,3,87594,3649.0,0.78,0,0.81,684,C
CUST01398,24,Male,Married,High School,Salaried,6,73463.0,5738.0,4,18077,1976,2186,1,1,18025,0.14,201,1,0,1,69210,1330.0,0.86,0,0.22,768,B
CUST01399,46,Female,Married,High School,Salaried,1,60899.0,7569.0,2,19453,1898,2379,0,2,22301,0.24,428,0,0,4,92552,2804.0,0.78,0,0.55,719,B
CUST01400,49,Male,Divorced,High School,Self-Employed,25,74277.0,4825.0,1,7938,2040,3373,2,0,16923,0.11,148,0,0,4,125271,5694.0,0.83,1,0.92,704,B
CUST01401,65,Female,Single,Post-Graduate,Self-Employed,15,115791.0,4081.0,3,8174,1998,2593,0,2,33192,0.34,902,3,0,0,319048,10634.0,0.54,0,1.1,609,C
CUST01402,54,Female,Married,Graduate,Salaried,11,128421.0,9759.0,4,7627,3556,2330,0,3,17145,0.1,137,1,0,4,163561,1652.0,0.59,0,0.15,753,B
CUST01403,43,Female,Single,Post-Graduate,Unemployed,0,86199.0,0.0,3,37480,1765,2029,2,1,34935,0.18,503,0,0,4,129886,2061.0,0.48,0,0.29,702,B
CUST01404,57,Male,Married,Graduate,Business Owner,4,115050.0,7170.0,5,5607,1276,3479,1,3,41925,0.08,268,0,1,2,286702,2756.0,0.92,0,0.29,794,B
CUST01405,31,Male,Single,High School,Salaried,14,63033.0,7350.0,4,27694,1639,1695,0,1,15064,0.34,409,3,0,4,199087,5530.0,0.92,0,1.05,660,C
CUST01406,26,Female,Single,Post-Graduate,Self-Employed,2,56256.0,2685.0,4,8119,6038,1127,0,4,17435,0.34,474,0,2,2,189425,4735.0,0.63,1,1.01,633,C
CUST01407,38,Male,Married,High School,Unemployed,0,72747.0,0.0,3,26838,1305,2297,1,3,32655,0.5,1306,1,0,4,174039,2384.0,0.94,0,0.39,700,B
CUST01408,41,Female,Married,Post-Graduate,Salaried,16,65627.0,7273.0,4,40463,3281,3505,0,4,7729,0.22,136,0,0,3,120250,6328.0,0.99,1,1.16,710,B
CUST01409,62,Male,Married,High School,Self-Employed,12,95269.0,5965.0,4,36660,1624,1788,1,5,44975,0.25,899,0,0,4,251961,2863.0,0.68,3,0.36,704,B
CUST01410,56,Male,Single,Graduate,Salaried,22,75433.0,9263.0,1,15585,3690,2757,0,2,21748,0.21,365,2,0,2,9319,166.0,0.71,0,0.03,748,B
CUST01411,61,Male,Single,Post-Graduate,Salaried,5,120277.0,3305.0,3,24081,3237,1377,1,3,53386,0.23,982,1,2,4,269807,12847.0,0.55,0,1.28,641,C
CUST01412,58,Male,Married,Doctorate,Business Owner,19,78587.0,5523.0,2,13362,5494,1598,1,0,34939,0.08,223,1,0,4,96771,3870.0,0.56,0,0.59,701,B
CUST01413,54,Female,Married,Graduate,Salaried,29,53788.0,0.0,2,34115,2338,4230,0,5,6642,0.27,143,1,0,0,111663,1595.0,0.82,1,0.36,724,B
CUST01414,37,Male,Divorced,Post-Graduate,Salaried,3,60813.0,7169.0,5,18863,3639,12,0,1,25093,0.26,521,0,1,3,70572,2016.0,0.89,1,0.4,741,B
CUST01415,57,Male,Married,High School,Salaried,21,57178.0,405.0,1,40427,4567,1607,0,0,22479,0.02,35,3,0,0,41421,1534.0,0.79,0,0.32,758,B
CUST01416,45,Male,Married,Post-Graduate,Salaried,20,96932.0,4889.0,3,5653,2446,414,1,0,11367,0.19,172,3,0,0,94113,797.0,0.96,0,0.1,773,B
CUST01417,58,Male,Married,Post-Graduate,Salaried,21,71845.0,,3,8021,3316,1549,1,5,34213,0.7,1915,2,0,4,213577,2483.0,0.84,1,0.41,635,C
CUST01418,32,Male,Married,High School,Self-Employed,2,78548.0,6013.0,1,29547,743,3475,0,2,27791,0.27,600,3,0,2,117909,1932.0,0.5,0,0.3,674,C
CUST01419,43,Female,Married,Graduate,Salaried,27,87552.0,4434.0,1,26540,3668,4302,1,2,14622,,386,0,1,3,253860,6191.0,0.88,0,0.85,690,C
CUST01420,62,Male,Single,High School,Self-Employed,17,91175.0,4315.0,5,47382,3272,998,0,0,13606,0.12,130,2,1,3,274093,4350.0,0.6,1,0.57,696,C
CUST01421,42,Male,Married,Graduate,Self-Employed,21,,4813.0,2,16149,1860,3360,0,5,34666,0.38,1053,0,0,0,8391,645.0,0.99,0,0.07,775,E
CUST01422,41,Male,Married,Graduate,Salaried,11,85078.0,5096.0,3,11696,1147,909,2,0,10510,0.05,42,1,2,4,319659,7103.0,0.62,0,1.0,675,C
CUST01423,47,Female,Married,Graduate,Self-Employed,1,46218.0,9217.0,1,11384,2587,1710,0,0,7661,0.21,128,1,2,4,18504,160.0,0.88,0,0.04,776,B
CUST01424,51,Male,Married,Doctorate,Self-Employed,19,60410.0,6416.0,3,15705,1215,2815,1,1,28959,0.13,301,0,1,2,113940,,0.81,2,0.19,761,B
CUST01425,26,Male,Single,High School,Salaried,8,60380.0,2948.0,2,25431,3147,370,2,2,24024,0.16,307,2,0,2,229532,8828.0,0.68,1,1.75,648,C
CUST01426,47,Female,Married,Graduate,Salaried,11,53166.0,3185.0,3,0,3929,1677,1,3,18363,0.35,514,1,0,3,33654,716.0,0.56,1,0.16,683,C
CUST01427,60,Female,Married,Graduate,Self-Employed,8,106138.0,8041.0,3,1503,368,2398,0,2,19479,0.84,1308,0,1,3,81576,3399.0,0.79,1,0.38,629,C
CUST01428,54,Male,Single,Doctorate,Unemployed,0,70547.0,1787.0,1,23393,1739,5,0,0,13220,0.24,253,1,0,2,66059,4128.0,0.91,0,0.7,719,C
CUST01429,32,Male,Single,Graduate,Salaried,17,80354.0,5036.0,1,25569,5411,1504,2,3,22365,0.42,751,2,0,2,266861,5801.0,0.72,0,0.87,627,C
CUST01430,65,Female,Single,Graduate,Salaried,20,85027.0,0.0,1,15152,3915,1879,1,5,34148,0.22,601,1,0,4,286109,5298.0,0.83,0,0.75,703,B
CUST01431,27,Male,Married,Graduate,Salaried,6,81272.0,4648.0,2,26830,873,1619,0,5,8254,0.37,244,0,0,1,292767,2788.0,0.7,0,0.41,699,C
CUST01432,30,Female,Married,Graduate,Salaried,7,84299.0,1690.0,4,0,2263,1863,0,3,9922,0.37,293,0,0,2,170360,,0.88,0,0.25,741,B
CUST01433,65,Female,Married,High School,Self-Employed,21,147239.0,3052.0,2,8833,286,2885,1,3,65969,0.58,3060,0,0,4,531355,27966.0,,1,2.0,582,D
CUST01434,37,Male,Single,Graduate,Salaried,13,95292.0,5567.0,1,8504,4715,2743,0,2,40558,0.05,162,3,0,3,102616,5700.0,0.36,1,0.72,652,C
CUST01435,46,Male,Divorced,High School,Salaried,7,47380.0,,5,6834,2976,4018,3,0,17903,0.02,28,2,2,2,115645,1329.0,0.5,0,0.34,704,B
CUST01436,41,Male,Single,Graduate,Salaried,11,84491.0,2855.0,3,32475,3196,2191,2,5,25331,0.28,567,0,1,3,144757,2412.0,0.87,0,0.34,738,B
CUST01437,48,Female,Single,Graduate,Salaried,10,78172.0,8366.0,3,34260,4789,676,2,5,12355,0.44,434,1,0,0,90005,3461.0,0.66,0,0.53,652,C
CUST01438,66,Male,Married,Graduate,Salaried,8,33333.0,1446.0,3,0,2654,0,0,5,4696,0.31,116,0,0,0,101671,1392.0,0.63,0,0.5,685,C
CUST01439,22,Male,Married,High School,Salaried,10,15000.0,7348.0,3,0,3410,4098,0,0,6932,0.22,122,0,2,1,44132,1471.0,0.75,0,1.18,672,C
CUST01440,63,Female,Single,Doctorate,Salaried,22,79251.0,3747.0,5,21910,4633,2425,1,4,20051,0.14,224,1,0,3,237424,4748.0,0.88,0,0.72,727,B
CUST01441,21,Female,Single,Post-Graduate,Business Owner,11,66599.0,7866.0,1,11048,1773,2859,1,1,25193,0.05,100,1,0,4,159416,13284.0,0.86,0,2.0,713,B
CUST01442,56,Male,Single,High School,Unemployed,0,40532.0,3743.0,4,17980,1129,3479,1,2,11449,0.28,256,1,0,0,54651,520.0,0.68,0,0.15,718,B
CUST01443,46,Female,Married,Graduate,Salaried,17,58773.0,2914.0,3,24826,5690,2742,0,5,23060,0.23,424,3,0,4,157946,1349.0,0.64,0,0.28,702,B
CUST01444,49,Male,Married,Graduate,Self-Employed,11,67220.0,6828.0,4,46633,1891,3947,0,4,11919,0.26,247,0,0,4,54083,1931.0,0.79,0,0.34,737,B
CUST01445,41,Male,Married,High School,Salaried,16,57512.0,6323.0,2,18887,0,3391,0,4,16898,,202,2,0,0,57170,1633.0,0.84,1,0.34,743,B
CUST01446,31,Male,Married,Graduate,Salaried,5,83150.0,3375.0,2,32856,1918,3684,0,5,20849,0.11,183,0,0,4,318448,2843.0,0.54,0,0.41,722,B
CUST01447,60,Male,Married,Graduate,Salaried,10,80263.0,6625.0,3,13493,1985,1515,0,4,15893,0.51,648,2,1,4,174659,4366.0,0.93,2,0.65,662,C
CUST01448,31,Male,Single,Doctorate,Salaried,26,98962.0,4603.0,1,26855,6029,3424,0,2,33556,0.4,1073,0,0,3,283460,5451.0,0.47,0,0.66,639,C
CUST01449,56,Male,Divorced,Post-Graduate,Self-Employed,26,109713.0,5441.0,5,30619,3825,3011,1,1,34536,0.7,1934,0,0,4,199877,2738.0,0.8,1,0.3,658,C
CUST01450,69,Female,Married,Graduate,Salaried,20,94325.0,6011.0,3,12263,2681,1342,2,3,28134,0.3,675,1,2,2,640,6.0,0.89,0,0.0,761,B
CUST01451,59,Female,Single,Graduate,Salaried,5,54540.0,782.0,2,9839,1965,4407,0,1,18349,0.49,719,0,0,2,111376,943.0,0.68,0,0.21,689,C
CUST01452,60,Female,Single,Doctorate,Business Owner,20,80050.0,5008.0,2,12836,4024,2376,1,1,12568,0.24,241,1,1,4,172761,1677.0,0.68,0,0.25,721,B
CUST01453,55,Male,Single,Doctorate,Self-Employed,9,26846.0,612.0,4,33043,4577,387,0,5,6663,0.2,106,2,1,2,10414,473.0,0.94,0,0.21,762,B
CUST01454,54,Male,Single,Doctorate,Salaried,3,60750.0,1853.0,5,30894,3745,3362,0,5,13964,0.22,245,0,1,0,51462,447.0,0.96,2,0.09,781,B
CUST01455,67,Male,Married,High School,Salaried,3,,4672.0,3,0,4381,3096,0,0,6115,0.17,83,1,0,3,7519,469.0,0.8,0,0.38,737,B
CUST01456,44,Female,Married,High School,Salaried,10,64420.0,7932.0,1,13679,5325,2165,0,4,7362,0.19,111,0,1,4,227374,3989.0,0.44,0,0.74,661,C
CUST01457,42,Female,Married,Post-Graduate,Salaried,7,58939.0,4299.0,4,26457,3140,3190,0,4,12540,0.43,431,1,0,3,7116,237.0,0.82,0,0.05,729,B
CUST01458,25,Male,Married,Graduate,Salaried,2,95732.0,3936.0,5,43356,2238,1498,0,3,44737,0.4,1431,1,0,1,290943,2486.0,0.83,0,0.31,717,B
CUST01459,53,Male,Married,High School,Salaried,25,45984.0,3644.0,4,18500,2355,3064,0,0,10122,0.45,364,2,1,1,79294,769.0,0.73,0,0.2,689,C
CUST01460,56,Male,Married,High School,Self-Employed,8,80128.0,6176.0,1,25617,4879,3403,1,3,12881,0.22,226,1,0,0,827,12.0,0.83,0,0.0,770,B
CUST01461,67,Male,Single,Post-Graduate,Self-Employed,12,63647.0,1642.0,2,21531,4094,2914,0,5,25645,0.24,492,3,0,1,114324,2041.0,0.67,2,0.38,686,C
CUST01462,40,Male,Single,Post-Graduate,Self-Employed,22,62247.0,784.0,3,12158,3223,2521,0,2,7415,0.18,106,0,1,1,243400,3428.0,0.86,0,0.66,733,B
CUST01463,39,Female,Married,Graduate,Salaried,29,51935.0,9057.0,3,0,2188,2315,1,0,14049,0.27,303,3,0,1,93470,907.0,0.66,1,0.21,693,C
CUST01464,55,Female,Single,Post-Graduate,Salaried,9,84008.0,6242.0,1,1215,1787,4210,0,4,37143,0.19,564,2,1,3,91692,5094.0,0.94,1,0.73,719,B
CUST01465,63,Male,Single,Graduate,Salaried,11,70169.0,2894.0,3,31808,3000,1843,0,3,33796,0.29,784,0,0,3,258237,4303.0,0.85,1,0.74,700,B
CUST01466,37,Male,Divorced,Post-Graduate,Self-Employed,19,46276.0,3073.0,3,21806,1502,2620,0,0,9237,0.39,288,0,1,1,14895,286.0,0.77,0,0.07,732,B
CUST01467,65,Female,Married,Graduate,Salaried,20,,3332.0,4,8939,2658,2379,2,0,17250,0.22,303,0,0,3,239022,5085.0,0.85,2,0.77,696,C
CUST01468,63,Male,Single,High School,Business Owner,23,84190.0,1083.0,1,0,4789,2907,0,1,27521,0.22,484,1,0,1,83189,1223.0,0.65,0,0.17,733,B
CUST01469,54,Male,Married,Graduate,Self-Employed,17,120832.0,4060.0,4,31600,2803,4010,0,0,23033,0.31,571,3,0,4,342219,9005.0,0.52,0,0.89,622,C
CUST01470,29,Male,Married,Graduate,Business Owner,13,57565.0,5067.0,3,5077,2643,3961,1,0,9227,0.1,73,0,1,3,31944,329.0,0.81,0,0.07,787,B
CUST01471,46,Male,Single,Graduate,Self-Employed,1,63369.0,9066.0,5,30141,3213,3296,1,4,17134,0.08,109,3,0,1,12206,141.0,0.61,0,0.03,742,B
CUST01472,22,Male,Single,High School,Unemployed,0,36264.0,5317.0,5,18036,4449,2802,0,2,4674,0.18,67,1,1,1,98709,1701.0,0.23,0,0.56,636,C
CUST01473,29,Female,Divorced,Doctorate,Self-Employed,28,61574.0,7226.0,4,19361,5704,2989,0,3,28181,0.28,631,1,1,3,92963,1430.0,0.72,2,0.28,710,B
CUST01474,29,Male,Single,Graduate,Unemployed,0,43188.0,4125.0,2,46257,1264,4202,0,2,10092,,185,3,0,3,170919,2010.0,0.5,1,0.56,649,C
CUST01475,60,Male,Single,High School,Salaried,13,108121.0,3623.0,2,0,4804,1191,0,0,25355,0.31,628,2,0,4,242808,4760.0,0.76,0,0.53,697,C
CUST01476,37,Female,Married,Graduate,Salaried,6,,4981.0,1,6822,4202,2139,0,4,37666,0.14,421,1,0,2,19700,562.0,0.77,0,0.07,775,B
CUST01477,21,Male,Married,Graduate,Self-Employed,3,42697.0,7568.0,5,43984,1148,1677,0,4,10102,0.24,193,4,0,1,24109,344.0,0.77,0,0.1,726,B
CUST01478,45,Female,Single,Graduate,Unemployed,0,45687.0,3203.0,5,34022,1534,3306,0,4,18474,0.57,842,1,0,1,164244,3421.0,0.96,0,0.9,646,C
CUST01479,63,Female,Single,Post-Graduate,Salaried,10,,,4,16381,4435,2219,0,4,10079,0.71,572,1,1,0,16532,166.0,0.53,2,0.03,626,C
CUST01480,60,Male,Single,Graduate,Salaried,7,113948.0,5585.0,3,48005,3831,591,1,1,35505,0.09,255,2,0,0,245722,2275.0,0.54,1,0.24,720,B
CUST01481,62,Female,Divorced,Graduate,Self-Employed,22,56694.0,4926.0,1,35056,399,1756,0,0,23097,0.09,166,0,0,0,3941,164.0,0.61,0,0.03,767,B
CUST01482,45,Male,Single,Post-Graduate,Self-Employed,21,69742.0,7588.0,4,12156,1753,2688,0,1,19524,0.48,749,0,0,3,200303,1788.0,0.61,0,0.31,673,C
CUST01483,59,Female,Married,High School,Salaried,3,120997.0,5126.0,2,3903,3799,3062,1,1,15575,0.1,124,0,0,2,67909,828.0,,1,0.08,796,B
CUST01484,55,Male,Divorced,Graduate,Self-Employed,14,87461.0,4577.0,3,40988,4392,2302,0,0,34526,0.25,690,1,0,1,62940,2030.0,0.7,1,0.28,721,B
CUST01485,23,Female,Single,Post-Graduate,Unemployed,0,31562.0,,1,7799,3597,1367,0,4,9393,0.64,480,0,0,0,35688,964.0,0.69,0,0.37,647,C
CUST01486,57,Female,Divorced,High School,Business Owner,4,20066.0,0.0,3,23746,0,4215,0,3,4546,0.22,80,2,0,1,239,2.0,0.51,0,0.0,712,B
CUST01487,64,Male,Divorced,Graduate,Salaried,29,77824.0,4523.0,2,42452,1919,3114,0,4,38687,0.15,464,1,2,2,163213,1648.0,0.87,0,0.25,771,B
CUST01488,64,Male,Divorced,Doctorate,Salaried,13,144039.0,1804.0,4,22707,1532,3031,0,4,64879,0.15,778,0,2,3,559336,5378.0,0.84,1,0.45,759,D
CUST01489,50,Female,Single,Graduate,Salaried,27,115672.0,4379.0,4,20154,4038,2833,0,1,13317,0.46,490,0,0,1,321543,3183.0,0.93,0,0.33,729,B
CUST01490,58,Female,Married,Graduate,Salaried,27,86301.0,4928.0,5,0,2300,1158,1,2,29123,0.24,559,2,0,1,328822,4907.0,0.65,0,0.68,671,C
CUST01491,54,Male,Married,Doctorate,Salaried,1,98553.0,6375.0,4,34958,3801,2641,0,4,23832,0.29,552,1,0,3,51415,480.0,0.81,0,0.06,756,B
CUST01492,32,Female,Divorced,High School,Business Owner,25,100815.0,11041.0,5,0,3257,0,0,0,11589,0.11,101,0,0,3,97203,1905.0,0.7,0,0.23,765,B
CUST01493,39,Male,Single,High School,Salaried,5,25933.0,9034.0,4,40290,1246,2990,0,0,2710,0.42,91,0,0,3,36047,538.0,0.51,1,0.25,664,C
CUST01494,57,Male,Married,Post-Graduate,Business Owner,18,81230.0,4968.0,1,0,4323,0,0,0,27090,0.14,303,0,0,4,241270,2098.0,0.61,2,0.31,726,B
CUST01495,64,Male,Single,Post-Graduate,Unemployed,0,114399.0,6675.0,2,7571,4747,1578,1,1,26088,0.38,793,1,0,2,455747,6329.0,0.67,2,0.66,652,C
CUST01496,69,Male,Single,Graduate,Salaried,11,137741.0,,3,37525,4400,2546,0,3,52524,0.11,462,0,0,1,471854,16851.0,0.65,1,1.47,687,C
CUST01497,37,Female,Married,Graduate,Unemployed,0,90174.0,5574.0,2,41710,3324,2812,1,3,25408,0.13,264,2,0,1,211400,3063.0,0.42,0,0.41,681,C
CUST01498,30,Male,Married,Post-Graduate,Self-Employed,28,34235.0,5641.0,2,21418,2859,979,0,3,13919,0.15,167,2,0,4,80075,1067.0,0.57,0,0.37,702,A
CUST01499,69,Female,Married,Post-Graduate,Self-Employed,7,92135.0,2058.0,5,14580,2083,1686,0,4,39178,0.37,1159,1,0,4,283877,6451.0,0.3,0,0.84,594,D
CUST01500,67,Male,Married,Graduate,Salaried,14,91641.0,3617.0,5,22298,4898,962,0,4,33255,0.21,558,1,0,0,69092,1031.0,0.65,0,0.14,739,B
CUST01501,32,Male,Divorced,High School,Self-Employed,24,101074.0,0.0,1,0,5427,3888,1,2,27005,0.17,367,1,0,4,332659,3024.0,0.78,0,0.36,742,B
CUST01502,36,Male,Married,Graduate,Salaried,29,87190.0,4473.0,3,36379,2011,1652,0,2,43193,0.42,1451,4,0,2,257562,2259.0,0.56,0,0.31,649,C
CUST01503,44,Male,Married,Post-Graduate,Self-Employed,3,,4892.0,4,10694,1367,2421,0,2,29127,0.31,722,1,0,0,35758,674.0,0.62,2,0.06,718,B
CUST01504,39,Male,Married,Post-Graduate,Salaried,16,80705.0,4781.0,4,16187,1436,2755,0,1,24682,0.14,276,1,1,4,13420,319.0,0.76,0,0.05,774,B
CUST01505,28,Male,Married,Doctorate,Self-Employed,7,76780.0,1995.0,2,21275,1555,3302,1,3,23660,0.16,302,1,1,1,47424,817.0,0.69,1,0.13,743,F
CUST01506,51,Female,Married,Post-Graduate,Salaried,27,67133.0,4760.0,1,24162,3493,3107,2,4,18215,0.1,145,2,0,1,175450,5659.0,0.28,2,1.01,595,D
CUST01507,41,Male,Divorced,Graduate,Salaried,1,77922.0,5486.0,3,26697,1024,3202,0,2,11576,0.18,166,3,1,4,297322,5505.0,0.56,0,0.85,650,C
CUST01508,37,Male,Married,Graduate,Self-Employed,6,83384.0,6384.0,4,38382,2159,1094,0,1,20143,0.14,225,0,0,2,37224,315.0,0.62,1,0.05,756,B
CUST01509,43,Male,Married,Post-Graduate,Self-Employed,26,78670.0,5805.0,2,39056,2201,2996,0,5,14638,0.4,468,2,0,0,191608,7096.0,0.55,0,1.08,603,C
CUST01510,57,Female,Single,Post-Graduate,Salaried,6,98479.0,4061.0,1,19545,3260,841,2,2,45294,0.22,797,1,0,2,234292,2892.0,0.51,1,0.35,683,C
CUST01511,36,Female,Single,Graduate,Salaried,27,15000.0,4574.0,3,31024,2692,2979,0,4,5432,0.19,82,1,0,0,10200,443.0,0.93,0,0.35,756,B
CUST01512,26,Male,Married,High School,Business Owner,10,70916.0,5767.0,2,33051,3671,4012,2,2,15255,0.34,414,1,0,0,74637,654.0,0.36,0,0.11,662,C
CUST01513,28,Male,Single,Doctorate,Self-Employed,12,90527.0,3726.0,2,0,2826,1184,0,1,29538,0.5,1181,2,0,4,195274,6974.0,0.52,0,0.92,589,D
CUST01514,45,Male,Single,Graduate,Salaried,22,83453.0,2440.0,1,13432,3300,788,1,5,36826,0.26,765,3,0,1,112056,1474.0,0.66,0,0.21,704,B
CUST01515,38,Female,Married,Graduate,Self-Employed,19,36784.0,3865.0,1,6404,5898,4493,0,5,17427,0.2,278,2,1,2,23272,318.0,0.76,0,0.1,746,B
CUST01516,45,Male,Single,Graduate,Salaried,6,90907.0,6160.0,1,20393,3204,1795,0,1,11819,0.66,624,1,1,2,156231,1882.0,0.56,0,0.25,634,C
CUST01517,32,Male,Single,Post-Graduate,Salaried,14,76482.0,7164.0,1,38834,3402,3192,0,2,31721,0.25,634,1,0,2,27438,,0.36,2,0.05,684,C
CUST01518,35,Male,Married,Graduate,Self-Employed,3,97932.0,7796.0,3,31683,6632,558,0,4,47646,0.36,1372,1,1,4,227330,3247.0,0.67,0,0.4,692,C
CUST01519,46,Male,Married,Post-Graduate,Business Owner,10,92291.0,2455.0,1,32298,2774,3597,0,1,26478,0.28,593,1,0,3,53297,627.0,0.82,0,0.08,757,B
CUST01520,61,Male,Divorced,Graduate,Self-Employed,9,84739.0,10775.0,1,14079,5202,3780,2,3,42218,0.22,743,3,1,1,247044,2495.0,0.58,0,0.35,682,C
CUST01521,65,Female,Married,High School,Salaried,23,75106.0,2879.0,1,14127,4844,4399,0,1,36263,0.77,2233,0,0,0,164359,1627.0,0.89,0,0.26,668,C
CUST01522,46,Male,Married,Graduate,Business Owner,29,83583.0,4318.0,3,10949,1592,4638,0,0,30320,,1018,0,1,0,26301,1878.0,0.71,0,0.27,705,B
CUST01523,67,Female,Divorced,Post-Graduate,Salaried,20,83643.0,8569.0,4,6560,3222,1394,1,2,36723,0.53,1557,1,0,4,74539,683.0,0.92,0,0.1,719,B
CUST01524,52,Male,Married,Doctorate,Unemployed,0,114823.0,0.0,2,28644,3959,3986,2,3,25103,0.65,1305,1,0,3,197130,4380.0,0.83,1,0.46,645,C
CUST01525,30,Male,Single,Post-Graduate,Salaried,22,164709.0,5391.0,5,11767,4411,3105,0,4,76916,0.16,984,0,0,1,259894,2651.0,0.44,0,0.19,728,B
CUST01526,36,Female,Single,Doctorate,Salaried,15,42776.0,4135.0,2,492,1816,2435,1,3,14405,0.11,126,0,0,3,141262,1284.0,0.66,0,0.36,735,B
CUST01527,27,Male,Married,High School,Self-Employed,9,15000.0,814.0,3,24312,1811,2792,2,5,4557,0.56,204,0,1,1,37665,1448.0,0.88,1,1.16,616,C
CUST01528,37,Female,Married,High School,Salaried,19,59166.0,859.0,1,21010,4334,4977,1,5,25693,0.14,287,1,0,2,209860,2761.0,0.4,0,0.56,667,D
CUST01529,43,Male,Married,Graduate,Business Owner,8,46765.0,8366.0,3,24456,1483,1408,1,1,21315,0.12,204,1,0,4,103131,1586.0,0.69,0,0.41,726,B
CUST01530,46,Male,Married,Graduate,Self-Employed,22,100233.0,6548.0,4,41701,2512,2716,0,1,38138,0.55,1678,2,1,3,126151,1682.0,0.55,1,0.2,646,C
CUST01531,41,Female,Married,Post-Graduate,Salaried,4,,7845.0,5,20360,861,3888,2,0,13175,0.27,284,1,0,0,15231,761.0,0.81,0,0.08,751,B
CUST01532,42,Male,Divorced,Post-Graduate,Self-Employed,5,99463.0,1880.0,4,10364,1753,2879,0,5,33706,0.14,377,0,0,2,84021,1333.0,0.72,1,0.16,763,B
CUST01533,27,Female,Married,Doctorate,Salaried,19,65579.0,5863.0,1,10257,2633,923,0,3,28111,0.59,1326,3,0,1,67504,803.0,0.72,0,0.15,662,C
CUST01534,34,Male,Single,Graduate,Salaried,14,96969.0,11772.0,3,5579,2789,2615,1,1,30846,0.5,1233,2,0,4,35338,330.0,,0,0.04,642,C
CUST01535,35,Female,Married,Graduate,Unemployed,0,111446.0,4288.0,3,8515,3214,428,4,4,52819,0.02,84,2,0,2,236282,4004.0,0.74,0,0.43,735,B
CUST01536,27,Male,Single,Graduate,Business Owner,25,94963.0,5151.0,1,1244,2802,2016,0,4,43581,0.37,1289,0,1,2,242288,8076.0,0.73,0,1.02,652,C
CUST01537,29,Male,Married,Graduate,Salaried,29,91544.0,5033.0,1,21780,4361,1015,2,5,28549,0.16,365,2,0,2,18464,181.0,0.48,0,0.02,715,B
CUST01538,68,Female,Divorced,Graduate,Self-Employed,19,71549.0,4671.0,5,9858,4868,1742,0,3,18712,0.47,703,0,0,2,98798,1474.0,0.93,1,0.25,724,B
CUST01539,28,Female,Married,Graduate,Salaried,6,38448.0,2661.0,4,21925,1953,3711,0,3,4691,0.52,195,1,0,4,4215,41.0,0.67,0,0.01,691,C
CUST01540,43,Female,Married,Graduate,Business Owner,5,107897.0,5131.0,1,14552,488,1874,0,0,38091,0.24,731,1,0,4,314522,3657.0,0.61,1,0.41,700,B
CUST01541,49,Female,Married,Graduate,Unemployed,0,125833.0,9883.0,1,18412,3628,2428,1,3,25970,0.27,560,2,0,3,251237,,0.67,0,0.21,716,B
CUST01542,38,Female,Married,High School,Salaried,11,33670.0,4848.0,4,46297,4532,4451,0,4,12369,0.38,376,1,0,4,93203,913.0,0.9,0,0.33,721,B
CUST01543,51,Male,Married,Graduate,Business Owner,24,97980.0,8663.0,1,37165,1835,2850,0,3,41103,0.42,1381,1,0,4,242598,2501.0,0.71,0,0.31,695,C
CUST01544,50,Male,Married,Graduate,Salaried,5,50938.0,13568.0,5,0,2540,2431,1,1,13421,0.47,504,1,0,0,174040,1955.0,0.77,0,0.46,671,C
CUST01545,59,Male,Married,High School,Salaried,27,88997.0,2559.0,5,10855,4454,2137,0,1,9454,0.05,37,2,0,0,312514,9470.0,0.94,0,1.28,726,B
CUST01546,55,Male,Married,Graduate,Unemployed,0,33017.0,6620.0,4,0,4662,2939,0,5,14728,0.37,435,0,0,1,73884,4346.0,0.84,0,1.58,661,C
CUST01547,38,Male,Single,Graduate,Self-Employed,27,98420.0,1506.0,2,13967,3704,4089,2,5,31455,0.29,729,2,0,3,181948,1801.0,0.62,0,0.22,696,C
CUST01548,62,Male,Married,Graduate,Salaried,5,87825.0,4578.0,5,24984,3056,1351,0,3,19841,0.29,460,0,0,3,348172,2925.0,0.85,0,0.4,738,B
CUST01549,59,Male,Married,High School,Self-Employed,11,99812.0,12485.0,3,36096,2272,2950,0,2,35285,0.34,959,0,0,1,77056,987.0,0.79,2,0.12,736,B
CUST01550,37,Female,Married,Graduate,Salaried,26,94421.0,6940.0,3,35347,3333,969,0,3,34912,0.17,474,0,0,0,241492,18576.0,0.42,0,2.0,642,C
CUST01551,34,Male,Married,Post-Graduate,Salaried,13,80599.0,5919.0,2,24768,3129,301,0,0,12814,0.54,553,1,0,4,199894,1768.0,0.99,0,0.26,718,B
CUST01552,51,Male,Married,Graduate,Unemployed,0,98648.0,1451.0,5,6009,3995,2867,1,4,35371,0.23,650,2,0,3,377587,8208.0,0.86,0,1.0,677,C
CUST01553,44,Male,Married,Post-Graduate,Self-Employed,5,61628.0,3184.0,1,32668,3605,2687,2,4,13229,0.29,306,0,0,1,23242,234.0,0.95,0,0.05,771,B
CUST01554,55,Female,Married,Graduate,Business Owner,18,92268.0,2493.0,2,20732,927,211,0,3,38886,0.52,1617,0,0,4,349769,3569.0,0.75,1,0.46,672,D
CUST01555,64,Female,Divorced,Graduate,Salaried,26,58419.0,1910.0,1,22846,2786,1420,1,2,27842,0.21,467,2,0,3,178558,2052.0,0.65,0,0.42,697,C
CUST01556,65,Female,Single,Post-Graduate,Self-Employed,10,93750.0,7486.0,3,49287,4959,1824,1,4,13225,0.29,306,2,1,4,48411,3227.0,0.73,1,0.41,695,C
CUST01557,54,Male,Divorced,Graduate,Unemployed,0,69261.0,7069.0,2,5837,0,3015,1,2,32340,0.64,1655,2,1,0,54103,515.0,0.63,0,0.09,647,C
CUST01558,23,Male,Single,Post-Graduate,Salaried,22,89668.0,4505.0,5,51113,981,4222,0,4,41370,0.28,926,2,1,1,98788,1135.0,0.99,0,0.15,768,B
CUST01559,57,Male,Single,Graduate,Salaried,14,66391.0,3360.0,3,46975,1493,952,0,1,15745,0.26,327,2,0,0,179813,1696.0,0.67,1,0.31,702,B
CUST01560,63,Male,Divorced,Graduate,Self-Employed,23,66970.0,7178.0,5,21019,3994,2197,0,0,7469,0.04,23,1,1,0,200511,2864.0,0.79,1,0.51,749,F
CUST01561,60,Male,Single,Post-Graduate,Salaried,15,68301.0,10053.0,1,22901,2251,4568,0,4,24949,0.19,379,1,0,0,201374,8054.0,0.84,0,1.42,690,C
CUST01562,46,Male,Married,High School,Salaried,3,35067.0,,5,9393,3175,4017,0,3,8341,0.16,106,0,0,2,91531,855.0,0.37,1,0.29,688,C
CUST01563,43,Male,Married,Graduate,Business Owner,3,100966.0,5328.0,2,22852,3741,0,0,1,17836,0.12,171,1,0,0,54157,808.0,0.76,1,0.1,771,B
CUST01564,64,Female,Divorced,Graduate,Unemployed,0,76389.0,7766.0,1,21401,3731,2060,0,2,10956,0.26,227,1,0,4,13115,230.0,0.6,1,0.04,724,B
CUST01565,59,Female,Divorced,Graduate,Self-Employed,23,36323.0,7904.0,2,9670,2007,2986,0,0,6480,0.4,207,2,2,0,40289,959.0,0.87,1,0.32,702,B
CUST01566,35,Male,Single,Graduate,Business Owner,15,58711.0,5458.0,1,9277,2526,3372,0,2,11447,0.13,119,0,1,2,141043,1855.0,0.76,1,0.38,746,B
CUST01567,69,Male,Married,Graduate,Business Owner,11,57035.0,5455.0,2,16415,2701,3849,1,2,23859,,286,0,0,1,80568,719.0,0.77,1,0.15,760,B
CUST01568,24,Male,Single,Post-Graduate,Self-Employed,10,86989.0,3416.0,3,19861,5483,414,1,4,35972,0.49,1410,0,0,3,295699,3080.0,0.71,2,0.42,664,C
CUST01569,49,Male,Married,Post-Graduate,Salaried,20,68715.0,7485.0,2,0,2680,2748,0,1,20460,0.07,114,1,0,1,225692,4030.0,0.87,1,0.7,739,B
CUST01570,42,Female,Married,Graduate,Salaried,15,102210.0,4494.0,3,36907,3925,2787,1,0,32843,0.38,998,1,1,1,89099,1649.0,0.3,1,0.19,642,D
CUST01571,45,Male,Married,Doctorate,Salaried,18,39150.0,2062.0,4,12537,4073,3854,1,1,18288,0.13,190,3,0,1,103212,1258.0,,1,0.39,648,C
CUST01572,33,Female,Married,Graduate,Salaried,25,88005.0,2166.0,5,15492,4643,3106,2,1,40765,0.24,782,0,1,0,292279,10825.0,0.62,0,1.48,648,C
CUST01573,38,Male,Married,Graduate,Salaried,14,85627.0,4878.0,1,22663,4323,3069,1,5,36945,0.55,1625,2,0,3,308266,3314.0,0.76,0,0.46,652,C
CUST01574,53,Female,Married,Post-Graduate,Salaried,29,62393.0,,5,15991,3084,2943,1,4,15580,0.52,648,1,0,4,106680,1111.0,0.77,1,0.21,681,C
CUST01575,36,Male,Divorced,Post-Graduate,Salaried,25,82639.0,13159.0,3,37090,3741,2506,1,2,20380,0.27,440,1,1,1,299919,3613.0,0.51,0,0.52,666,C
CUST01576,65,Female,Single,Post-Graduate,Salaried,6,73896.0,6462.0,3,15735,6736,3923,0,1,33633,0.1,269,1,0,0,218955,3421.0,0.41,0,0.56,682,C
CUST01577,62,Male,Married,High School,Self-Employed,14,111244.0,3518.0,3,11250,1892,1309,0,2,52352,0.17,711,1,0,2,131971,1912.0,0.39,0,0.21,703,B
CUST01578,64,Female,Divorced,Graduate,Salaried,16,77547.0,5552.0,2,29299,2242,3984,1,1,32521,0.14,364,1,0,1,105914,2206.0,,1,0.34,766,B
CUST01579,22,Male,Married,Post-Graduate,Business Owner,2,109130.0,7207.0,5,31401,1274,2269,0,0,43963,0.27,949,1,2,2,60634,1894.0,0.58,1,0.21,708,B
CUST01580,55,Male,Single,Graduate,Salaried,19,100020.0,5653.0,3,57548,3280,1846,1,3,32333,0.28,724,2,0,0,151688,1784.0,0.91,0,0.21,747,B
CUST01581,62,Female,Married,Post-Graduate,Business Owner,5,37631.0,2119.0,4,0,2305,2253,0,3,8855,0.55,389,1,0,2,54809,668.0,0.74,0,0.21,678,C
CUST01582,54,Female,Single,Graduate,Unemployed,0,72496.0,4670.0,3,21145,1409,2277,0,3,14227,0.55,625,2,0,1,181040,3851.0,0.65,0,0.64,623,C
CUST01583,50,Female,Single,Post-Graduate,Self-Employed,11,99961.0,4281.0,5,30213,3011,4669,0,4,15607,0.14,174,2,0,1,122683,1831.0,0.76,0,0.22,754,B
CUST01584,33,Female,Married,Graduate,Self-Employed,21,82329.0,3636.0,3,6350,948,1030,0,4,32213,0.2,515,1,1,2,138617,3013.0,0.87,1,0.44,740,B
CUST01585,33,Female,Married,Graduate,Unemployed,0,77459.0,2514.0,3,41090,4886,939,0,2,31819,0.12,305,2,1,3,40753,754.0,0.66,0,0.12,749,B
CUST01586,38,Male,Divorced,High School,Salaried,25,79310.0,7626.0,1,9731,4560,1221,0,4,19308,,0,1,1,1,232000,2864.0,0.83,0,0.43,776,B
CUST01587,52,Male,Married,Post-Graduate,Unemployed,0,93198.0,6413.0,3,21776,5648,2226,0,3,9545,0.32,244,1,0,3,15181,145.0,0.59,0,0.02,721,B
CUST01588,52,Male,Married,Post-Graduate,Business Owner,19,63388.0,6389.0,5,36312,6982,1551,0,4,30137,0.11,265,0,0,3,189791,1709.0,0.7,0,0.32,752,B
CUST01589,55,Female,Single,High School,Self-Employed,18,66409.0,0.0,1,3608,557,0,0,3,18251,0.55,803,0,1,1,47304,3942.0,0.76,0,0.71,647,C
CUST01590,59,Male,Married,Post-Graduate,Salaried,26,100160.0,3803.0,1,18004,2758,1675,1,1,49062,0.27,1059,1,1,3,393036,6776.0,0.53,0,0.81,646,C
CUST01591,66,Male,Single,Graduate,Self-Employed,8,81246.0,8749.0,3,31516,4938,1099,0,5,30137,0.08,192,1,0,2,321354,12359.0,0.87,1,1.83,711,B
CUST01592,49,Female,Divorced,High School,Self-Employed,23,69714.0,6179.0,3,22262,4904,3690,1,3,10429,0.41,342,3,1,0,277162,3149.0,0.87,1,0.54,672,C
CUST01593,69,Female,Single,Graduate,Self-Employed,12,76087.0,1508.0,4,30028,4289,3250,0,3,17559,0.05,70,4,1,4,3967,198.0,0.87,0,0.03,786,B
CUST01594,49,Male,Single,High School,Self-Employed,9,90353.0,10000.0,5,31992,1429,2923,0,0,32781,0.29,760,1,1,1,78408,706.0,0.9,1,0.09,761,B
CUST01595,64,Male,Married,Graduate,Salaried,3,74466.0,0.0,5,12066,3420,428,0,5,26785,0.34,728,1,0,1,164881,1895.0,0.93,0,0.31,740,B
CUST01596,36,Male,Single,Graduate,Salaried,6,79790.0,5382.0,2,44281,4589,4197,2,0,15383,0.28,344,2,0,1,234267,11713.0,0.63,1,1.76,622,C
CUST01597,64,Male,Single,Post-Graduate,Salaried,21,23569.0,10147.0,2,7392,2483,1513,0,0,4024,0.09,28,2,0,3,76902,4272.0,0.66,0,2.0,668,C
CUST01598,67,Male,Married,Post-Graduate,Salaried,21,82317.0,295.0,5,40354,1855,3480,0,0,17345,0.66,915,0,2,1,44591,506.0,0.54,0,0.07,654,C
CUST01599,30,Female,Single,Graduate,Salaried,26,71104.0,3570.0,3,25273,2586,3229,0,3,29490,0.42,990,0,0,2,243389,2645.0,0.86,1,0.45,704,B
CUST01600,50,Female,Single,High School,Salaried,24,102607.0,782.0,1,10756,2150,1528,1,2,20187,0.17,274,0,0,0,286876,5412.0,0.78,0,0.63,725,B
CUST01601,45,Female,Married,Doctorate,Salaried,1,73494.0,9234.0,4,7062,3408,2902,0,0,27980,0.03,67,0,0,4,85207,1065.0,0.41,0,0.17,738,B
CUST01602,59,Male,Married,Post-Graduate,Salaried,17,119480.0,2542.0,3,24213,846,2611,0,4,53527,,42,2,0,3,4003,235.0,0.69,0,0.02,787,B
CUST01603,40,Female,Married,High School,Salaried,3,93352.0,7982.0,1,16701,5462,3778,0,4,23958,0.21,402,1,0,0,341017,6686.0,0.28,0,0.86,618,C
CUST01604,25,Male,Married,Post-Graduate,Unemployed,0,52674.0,9166.0,5,27325,2154,1705,0,4,5414,0.14,60,0,0,1,41760,1098.0,0.69,0,0.25,750,B
CUST01605,21,Male,Married,Graduate,Business Owner,18,37970.0,1144.0,3,16601,1479,2699,0,3,5953,0.52,247,0,0,1,55365,1129.0,0.88,0,0.36,698,C
CUST01606,50,Female,Married,Graduate,Self-Employed,18,72519.0,513.0,4,21123,2396,1287,2,1,16299,0.33,430,2,1,1,246601,2971.0,0.86,0,0.49,697,C
CUST01607,69,Male,Divorced,Graduate,Salaried,2,75853.0,6437.0,2,27677,3404,3984,5,5,13348,0.13,138,0,1,1,201243,16770.0,0.9,1,2.0,689,C
CUST01608,23,Male,Single,Graduate,Self-Employed,4,24074.0,7326.0,1,19058,665,2354,0,5,5195,0.37,153,1,1,4,12764,116.0,0.45,1,0.06,674,C
CUST01609,65,Female,Married,Post-Graduate,Self-Employed,1,73440.0,4788.0,3,16149,2140,1381,0,1,23325,0.15,279,1,0,0,287679,23973.0,0.91,0,2.0,709,B
CUST01610,34,Male,Divorced,Graduate,Unemployed,0,65127.0,5076.0,4,25341,2905,3237,0,0,7061,0.57,321,1,1,3,83205,3328.0,0.74,0,0.61,642,C
CUST01611,50,Female,Married,High School,Self-Employed,25,81034.0,9439.0,3,14501,1989,3772,2,4,10186,0.5,407,2,0,4,192785,6024.0,0.92,0,0.89,641,C
CUST01612,24,Male,Single,Doctorate,Self-Employed,5,135520.0,4280.0,5,30074,1557,1932,1,5,59939,0.21,1006,2,0,3,340497,5491.0,0.89,1,0.49,731,B
CUST01613,38,Female,Single,Doctorate,Business Owner,5,24904.0,9129.0,1,26820,4421,4996,0,0,7693,0.55,338,1,1,0,56546,856.0,0.66,0,0.41,646,C
CUST01614,57,Male,Married,Post-Graduate,Salaried,9,103343.0,3271.0,5,30480,4389,4318,0,3,49006,0.48,1881,2,0,1,239537,3373.0,0.4,0,0.39,624,C
CUST01615,45,Male,Single,Graduate,Salaried,14,89570.0,12192.0,5,30391,4366,2552,0,4,9074,0.43,312,0,0,0,86921,2997.0,0.62,0,0.4,678,C
CUST01616,68,Female,Married,High School,Self-Employed,21,60092.0,2345.0,2,16257,3849,1980,0,0,6012,0.38,182,1,1,1,230750,2262.0,0.85,0,0.45,706,B
CUST01617,21,Male,Married,Post-Graduate,Salaried,13,75725.0,8552.0,5,0,1216,927,1,2,29974,0.2,479,2,0,2,147693,1697.0,0.58,0,0.27,704,B
CUST01618,66,Male,Married,High School,Salaried,13,102407.0,2100.0,4,17578,2964,1209,2,3,29749,0.19,452,2,1,4,57485,522.0,0.66,0,0.06,735,B
CUST01619,35,Male,Single,High School,Self-Employed,27,78338.0,7359.0,1,23564,5032,239,1,5,36467,0.26,758,0,1,4,266202,5432.0,0.68,0,0.83,673,C
CUST01620,29,Male,Married,Graduate,Salaried,24,16918.0,4976.0,2,18211,1182,3211,0,5,7014,0.75,420,1,1,2,9956,211.0,0.55,1,0.15,611,C
CUST01621,35,Male,Married,High School,Self-Employed,27,85937.0,5833.0,3,9200,1521,2410,3,3,25917,0.25,518,1,0,2,296486,15604.0,0.78,0,2.0,658,C
CUST01622,69,Male,Married,High School,Unemployed,0,96656.0,6997.0,5,38604,3404,1855,0,3,28166,0.27,608,0,0,3,216564,1899.0,0.96,0,0.24,773,B
CUST01623,44,Female,Single,Graduate,Salaried,17,62598.0,5737.0,3,7979,4140,0,1,2,26571,0.07,148,0,0,3,10993,134.0,0.79,1,0.03,789,B
CUST01624,24,Male,Single,High School,Salaried,20,100913.0,5473.0,2,9752,4021,3137,0,5,42533,0.3,1020,0,0,3,49529,3537.0,0.45,0,0.42,676,C
CUST01625,32,Male,Married,High School,Salaried,8,103280.0,0.0,3,13287,3482,2445,0,1,21769,0.18,313,1,0,3,389785,20515.0,0.93,1,2.0,705,D
CUST01626,57,Male,Single,High School,Salaried,3,114169.0,9135.0,4,15591,1495,2518,0,5,42225,,1655,3,1,1,58426,1425.0,0.88,0,0.15,710,B
CUST01627,57,Male,Married,Graduate,Salaried,17,105093.0,9587.0,2,11250,3735,2500,1,1,37547,0.2,600,1,1,0,246637,4836.0,0.65,0,0.55,700,B
CUST01628,63,Female,Divorced,Post-Graduate,Salaried,27,151356.0,4680.0,1,19708,2070,3726,0,2,66965,,1125,1,0,4,190029,3726.0,0.9,3,0.3,754,B
CUST01629,26,Male,Married,Post-Graduate,Salaried,12,109979.0,6671.0,1,21566,3511,548,3,5,49208,0.33,1299,1,1,1,350728,6494.0,0.85,0,0.71,683,C
CUST01630,59,Female,Married,Graduate,Salaried,25,80099.0,9097.0,1,5564,2816,5313,0,1,16605,0.39,518,1,0,3,254504,2470.0,0.91,1,0.37,718,B
CUST01631,66,Male,Single,Graduate,Self-Employed,25,99036.0,6803.0,1,3342,2527,911,1,2,44754,0.06,214,1,0,0,315886,2677.0,0.71,0,0.32,754,B
CUST01632,44,Female,Single,High School,Business Owner,25,78950.0,3405.0,2,30794,6495,2218,0,0,37092,0.45,1335,0,0,0,65546,829.0,0.46,0,0.13,674,C
CUST01633,31,Male,Single,High School,Business Owner,25,67549.0,1396.0,2,19279,1222,0,0,2,9717,0.47,365,3,0,2,192158,13725.0,0.78,0,2.0,616,C
CUST01634,33,Female,Single,Graduate,Self-Employed,18,43771.0,6903.0,2,35035,1893,2682,0,1,14422,0.53,611,1,0,1,15988,170.0,0.81,0,0.05,707,A
CUST01635,54,Female,Divorced,Graduate,Salaried,14,71421.0,5417.0,5,29603,4602,2114,0,2,19611,0.43,674,1,0,1,21887,729.0,0.74,0,0.12,712,B
CUST01636,45,Male,Single,Post-Graduate,Self-Employed,11,101871.0,4983.0,2,15578,5613,2474,1,2,26567,0.32,680,2,0,4,166609,5206.0,0.62,1,0.61,656,C
CUST01637,27,Male,Married,Graduate,Salaried,27,50940.0,2714.0,2,26532,4003,2936,0,4,19455,0.03,46,0,0,3,121699,1521.0,0.69,0,0.36,760,B
CUST01638,24,Male,Married,Graduate,Salaried,16,87575.0,3977.0,2,31166,2658,1888,1,2,13296,0.26,276,2,0,3,109689,921.0,0.85,1,0.13,742,B
CUST01639,28,Female,Divorced,High School,Business Owner,27,64924.0,6010.0,1,7952,1814,4362,0,1,27786,0.43,955,1,1,3,79286,747.0,0.7,0,0.14,703,B
CUST01640,40,Male,Single,Post-Graduate,Salaried,4,76564.0,4116.0,4,0,4293,1879,0,3,8471,0.16,108,0,2,1,22915,636.0,0.63,0,0.1,754,B
CUST01641,49,Male,Single,Graduate,Salaried,18,74882.0,5098.0,1,5743,2988,3136,0,0,24809,0.28,555,1,1,1,58704,564.0,,0,0.09,727,B
CUST01642,65,Female,Single,Post-Graduate,Business Owner,7,82424.0,4906.0,4,28595,2216,1443,0,2,15672,0.11,137,1,0,0,201161,7184.0,0.72,1,1.05,684,C
CUST01643,66,Male,Married,Graduate,Unemployed,0,144621.0,6971.0,4,45858,4605,3718,0,1,53074,0.19,806,0,0,3,394027,12313.0,0.91,0,1.02,718,B
CUST01644,30,Female,Single,Post-Graduate,Salaried,16,,690.0,4,19468,2774,1247,0,5,18954,0.07,106,5,0,3,221834,2880.0,0.73,1,0.57,698,C
CUST01645,63,Female,Divorced,Doctorate,Salaried,16,,3931.0,1,39100,1030,2195,0,5,37820,0.46,1391,3,0,2,113411,2062.0,0.87,2,0.33,683,C
CUST01646,54,Female,Married,Doctorate,Self-Employed,3,70336.0,1694.0,5,33697,3178,1743,3,1,31294,0.2,500,2,1,0,66524,2892.0,0.53,0,0.49,666,C
CUST01647,46,Female,Married,Graduate,Self-Employed,25,31760.0,5466.0,3,9510,2480,2861,0,4,7452,0.42,250,1,0,3,91372,1405.0,0.89,1,0.53,689,C
CUST01648,61,Male,Married,Graduate,Salaried,23,102574.0,2569.0,5,19007,1504,1439,1,5,31940,0.23,587,2,0,4,276298,19735.0,0.86,0,2.0,678,C
CUST01649,69,Male,Single,Graduate,Self-Employed,24,51789.0,7818.0,1,29615,3460,1661,1,1,11762,0.56,526,3,0,3,57034,814.0,0.75,2,0.19,651,C
CUST01650,23,Male,Married,Doctorate,Unemployed,0,117957.0,3766.0,4,2387,3678,2288,0,3,46182,0.7,2586,2,0,1,362762,4902.0,0.92,0,0.5,654,C
CUST01651,26,Male,Divorced,Graduate,Salaried,8,53258.0,3271.0,3,32727,0,1966,0,1,14324,0.2,229,0,0,3,42797,385.0,0.43,0,0.09,715,B
CUST01652,25,Female,Married,High School,Unemployed,0,,2500.0,5,36067,4637,2529,0,3,12906,0.16,165,1,0,4,122850,1638.0,0.96,1,0.22,781,B
CUST01653,25,Female,Divorced,Graduate,Unemployed,0,128756.0,5753.0,2,32174,4507,1544,2,5,46908,0.13,487,3,0,2,126290,1214.0,0.55,0,0.11,720,B
CUST01654,67,Male,Married,High School,Salaried,27,90403.0,1191.0,5,18208,2826,1595,1,0,9440,0.42,317,1,1,1,234828,2302.0,0.53,0,0.31,662,C
CUST01655,43,Male,Single,Graduate,Business Owner,17,59117.0,4720.0,1,27265,1814,2453,0,2,12941,0.46,476,2,1,0,116271,1816.0,0.73,1,0.37,668,D
CUST01656,69,Female,Single,Graduate,Salaried,11,49940.0,4650.0,3,34744,3811,4161,2,0,23115,0.14,258,2,0,3,146616,1629.0,0.78,0,0.39,726,B
CUST01657,29,Male,Single,Graduate,Self-Employed,4,15000.0,3433.0,2,0,3003,2122,0,2,2065,0.48,79,0,0,2,6452,280.0,0.67,0,0.22,684,C
CUST01658,55,Male,Single,High School,Business Owner,4,65505.0,5656.0,3,0,2202,3353,0,5,19767,0.24,379,1,1,2,67271,617.0,0.63,1,0.11,725,B
CUST01659,40,Male,Single,Doctorate,Salaried,5,34102.0,,3,27726,2234,2972,1,0,14255,0.11,125,2,0,4,66172,837.0,0.6,0,0.29,716,B
CUST01660,69,Female,Married,Post-Graduate,Self-Employed,8,,5853.0,5,11049,3266,1525,1,3,34986,0.19,531,0,0,1,17196,636.0,0.6,2,0.1,729,B
CUST01661,62,Female,Married,Post-Graduate,Business Owner,10,63828.0,3365.0,4,22701,4991,3365,1,2,20676,0.09,148,0,1,1,186702,1666.0,0.74,0,0.31,757,B
CUST01662,55,Female,Divorced,Graduate,Salaried,17,79580.0,2768.0,5,23020,1026,2381,0,2,12834,0.16,164,2,0,3,89779,801.0,0.79,1,0.12,756,B
CUST01663,38,Female,Married,Post-Graduate,Salaried,6,42047.0,5767.0,2,38367,3465,3701,0,0,20028,0.19,304,2,0,1,101550,1450.0,0.79,0,0.41,725,B
CUST01664,37,Male,Divorced,Graduate,Salaried,9,60775.0,7421.0,1,22559,1668,5607,1,4,24291,0.36,699,3,0,1,219122,2577.0,0.51,0,0.51,633,C
CUST01665,44,Male,Single,Graduate,Self-Employed,10,92179.0,13570.0,5,27978,3477,2549,1,5,23806,0.21,399,0,0,3,93370,3219.0,0.67,1,0.42,714,B
CUST01666,23,Female,Single,High School,Unemployed,0,85295.0,3979.0,4,26971,3863,3948,0,4,17979,0.12,172,1,0,2,254783,9099.0,0.61,0,1.28,671,C
CUST01667,52,Male,Married,Graduate,Business Owner,15,21378.0,7317.0,4,31889,1148,3749,1,0,2545,0.28,57,2,0,2,54170,660.0,0.85,0,0.37,714,B
CUST01668,55,Female,Single,High School,Salaried,18,99661.0,3666.0,5,11502,3858,1973,2,1,17597,0.06,84,1,0,0,71628,5116.0,0.59,0,0.62,704,B
CUST01669,58,Female,Single,Doctorate,Self-Employed,23,44033.0,7269.0,2,24554,3387,1948,2,0,18100,0.18,260,3,1,3,129201,2691.0,0.97,1,0.73,703,B
CUST01670,33,Female,Single,High School,Salaried,5,29449.0,8906.0,4,0,4956,917,0,5,4224,0.56,189,0,1,3,7216,138.0,0.92,2,0.06,713,B
CUST01671,67,Female,Single,Graduate,Salaried,18,68680.0,5386.0,4,10520,3033,3875,0,3,10423,0.07,58,0,1,0,142538,1307.0,0.83,0,0.23,787,B
CUST01672,45,Female,Married,Graduate,Salaried,27,147877.0,7134.0,2,35330,3428,1427,0,3,26377,0.12,253,2,0,0,70314,2197.0,0.84,1,0.18,774,B
CUST01673,29,Female,Married,Graduate,Salaried,1,65279.0,,2,102,3641,1791,1,1,16850,0.13,175,0,0,1,179255,2489.0,0.92,0,0.46,764,F
CUST01674,24,Male,Married,Graduate,Self-Employed,2,78241.0,5033.0,2,1747,5128,4781,0,5,13741,0.3,329,2,1,3,95186,5288.0,0.66,1,0.81,649,C
CUST01675,34,Male,Married,High School,Unemployed,0,95870.0,3719.0,2,29758,274,1883,0,4,44265,0.37,1310,1,0,4,309039,9089.0,0.52,0,1.14,613,C
CUST01676,57,Male,Married,Post-Graduate,Self-Employed,10,49182.0,3948.0,5,10801,667,4464,1,3,9987,0.19,151,3,1,3,96298,6419.0,0.56,1,1.57,621,C
CUST01677,54,Female,Single,Graduate,Self-Employed,6,84495.0,1031.0,5,38817,2846,4839,2,5,39526,,252,2,0,1,27217,800.0,0.66,1,0.11,743,B
CUST01678,31,Male,Single,Graduate,Salaried,27,,8112.0,3,21124,3544,1448,0,3,24928,0.24,478,1,1,3,120712,2944.0,0.68,0,0.7,682,C
CUST01679,61,Female,Single,Post-Graduate,Unemployed,0,91848.0,10614.0,3,42818,516,3386,0,2,36915,0.52,1535,1,0,1,4789,73.0,0.86,0,0.01,726,B
CUST01680,23,Male,Married,Post-Graduate,Business Owner,24,87158.0,770.0,3,45523,2905,3069,0,5,8975,0.4,287,3,0,3,102433,1191.0,0.7,1,0.16,690,C
CUST01681,48,Female,Married,Post-Graduate,Business Owner,19,84473.0,8114.0,4,39133,1869,3450,1,2,16557,0.31,410,1,1,1,90862,2523.0,0.77,1,0.36,708,B
CUST01682,49,Male,Married,Graduate,Salaried,21,80241.0,4866.0,2,12345,1060,3903,0,1,16604,0.07,92,0,0,0,314717,14305.0,0.48,1,2.0,662,C
CUST01683,29,Female,Single,Graduate,Self-Employed,11,135448.0,3080.0,5,3204,2739,321,0,3,42950,0.46,1580,0,0,1,132111,1554.0,0.68,0,0.14,711,B
CUST01684,23,Male,Married,Graduate,Self-Employed,18,82128.0,5429.0,5,39070,4067,3198,1,0,13416,0.13,139,2,0,2,222310,2814.0,0.6,1,0.41,703,B
CUST01685,45,Male,Married,Post-Graduate,Salaried,28,90964.0,2590.0,2,19773,5775,3332,1,4,11905,0.25,238,1,0,3,93561,5503.0,0.92,1,0.73,709,B
CUST01686,54,Male,Married,Post-Graduate,Self-Employed,16,86079.0,5702.0,3,23006,6171,1920,0,1,14680,0.62,728,1,0,3,27364,636.0,0.66,0,0.09,670,C
CUST01687,32,Female,Married,High School,Unemployed,0,44969.0,4118.0,4,37228,4867,3630,1,0,10385,0.03,24,1,1,3,11307,753.0,0.86,0,0.2,786,B
CUST01688,62,Male,Married,Graduate,Salaried,4,51939.0,3969.0,5,3173,3485,3985,0,0,6216,0.03,14,0,0,0,192412,9620.0,0.77,1,2.0,709,B
CUST01689,29,Male,Married,Post-Graduate,Salaried,11,42488.0,8529.0,1,28827,2837,1918,1,1,7569,0.47,284,0,0,2,16409,303.0,0.81,1,0.09,712,B
CUST01690,35,Female,Married,Graduate,Self-Employed,10,51522.0,0.0,4,12599,3223,937,0,1,8604,0.06,41,0,0,0,171348,8159.0,,1,1.9,719,B
CUST01691,60,Female,Single,Graduate,Salaried,16,59802.0,3296.0,4,31889,3222,4730,0,3,24455,0.21,410,2,0,4,130026,1733.0,0.72,1,0.35,714,B
CUST01692,45,Female,Married,Graduate,Self-Employed,12,68943.0,0.0,3,25794,4678,1511,0,4,11570,0.46,425,0,0,4,119152,3055.0,0.72,0,0.53,674,C
CUST01693,25,Male,Single,Graduate,Self-Employed,22,68591.0,5392.0,2,33224,5399,899,0,5,28576,0.33,754,1,0,1,273542,4559.0,0.59,1,0.8,641,C
CUST01694,31,Male,Single,Doctorate,Salaried,3,92288.0,3515.0,1,13621,1253,2737,0,3,27988,0.51,1141,1,0,4,328922,5671.0,0.59,1,0.74,617,C
CUST01695,54,Female,Divorced,Graduate,Business Owner,11,115516.0,2835.0,3,9354,2554,0,0,5,46569,0.25,931,1,0,1,110272,4594.0,0.79,1,0.48,720,B
CUST01696,44,Male,Divorced,Graduate,Self-Employed,24,109290.0,5848.0,2,20022,4436,2596,0,5,30616,0.15,367,2,0,0,261824,6088.0,0.7,0,0.67,704,B
CUST01697,35,Female,Single,High School,Business Owner,16,83349.0,6834.0,1,11286,2809,3503,0,0,38375,0.24,736,1,0,0,52680,823.0,0.68,1,0.12,733,B
CUST01698,58,Male,Married,High School,Business Owner,24,50081.0,8547.0,5,10561,2380,1830,1,5,10547,0.35,295,1,0,1,119716,2443.0,0.57,0,0.59,651,C
CUST01699,28,Male,Single,Graduate,Business Owner,3,106478.0,13792.0,1,9477,4738,3135,1,3,43307,0.49,1697,1,0,4,53615,974.0,0.62,1,0.11,678,C
CUST01700,25,Male,Married,Graduate,Salaried,28,58479.0,3291.0,3,29498,2237,3075,0,3,9670,0.32,247,0,1,1,146736,2257.0,0.83,0,0.46,720,B
CUST01701,68,Male,Married,Graduate,Salaried,25,88033.0,2975.0,1,49298,3986,3106,0,4,39884,0.27,861,0,1,3,342481,3722.0,0.72,0,0.51,712,B
CUST01702,46,Male,Divorced,Post-Graduate,Salaried,10,83438.0,5013.0,1,31892,2523,2015,0,2,9293,0.13,96,2,0,2,194144,6694.0,0.83,0,0.96,698,C
CUST01703,38,Male,Married,Post-Graduate,Salaried,29,43157.0,5261.0,1,30513,6325,2545,0,4,12212,0.41,400,0,1,0,21691,264.0,0.69,0,0.07,716,B
CUST01704,26,Female,Married,Graduate,Business Owner,21,59223.0,10200.0,5,30142,4877,2722,0,3,15901,0.18,228,2,1,0,189467,7578.0,0.53,1,1.54,632,C
CUST01705,57,Male,Married,Graduate,Salaried,16,90393.0,6564.0,2,6302,2504,2588,1,2,31593,0.16,404,1,0,1,120102,1122.0,0.85,0,0.15,772,B
CUST01706,68,Female,Single,Doctorate,Business Owner,26,70416.0,2167.0,1,30391,3416,2302,0,5,19461,0.2,311,2,1,0,26466,224.0,0.54,0,0.04,723,B
CUST01707,33,Female,Divorced,Graduate,Salaried,25,162368.0,1997.0,4,0,3880,4667,0,0,54489,0.09,392,1,0,1,425876,6083.0,0.46,1,0.45,708,B
CUST01708,48,Female,Divorced,Post-Graduate,Salaried,7,61644.0,7044.0,3,25601,2371,2889,2,4,27411,0.2,438,2,0,4,204798,2409.0,0.88,0,0.47,724,B
CUST01709,25,Male,Married,Graduate,Business Owner,15,44756.0,4376.0,4,31002,2526,2998,0,1,7018,0.29,162,1,0,1,86425,1371.0,0.53,0,0.37,680,C
CUST01710,33,Female,Single,Post-Graduate,Salaried,15,77185.0,9247.0,2,32200,4258,1030,0,0,15256,,122,1,0,0,287631,2819.0,0.48,0,0.44,704,B
CUST01711,37,Female,Single,Post-Graduate,Business Owner,10,65333.0,,3,29769,2991,5260,0,2,27513,0.38,836,0,0,1,178328,2377.0,0.97,0,0.44,733,B
CUST01712,60,Female,Single,Post-Graduate,Salaried,3,23544.0,1866.0,2,1312,892,3555,1,0,4502,0.18,64,1,0,1,58875,507.0,0.72,1,0.26,725,B
CUST01713,65,Female,Married,Post-Graduate,Unemployed,0,100063.0,1472.0,3,10370,3846,2900,0,1,46255,0.32,1184,1,0,3,141557,2722.0,0.78,2,0.33,712,B
CUST01714,52,Female,Married,Doctorate,Self-Employed,26,104738.0,6035.0,4,37636,4446,4564,0,1,33131,0.24,636,0,0,4,130736,7690.0,0.89,0,0.88,712,B
CUST01715,49,Female,Single,Graduate,Business Owner,18,100613.0,3975.0,4,25539,2509,1085,0,4,13355,0.38,405,0,0,3,113863,1498.0,0.63,1,0.18,705,B
CUST01716,23,Male,Married,Graduate,Salaried,22,84612.0,8418.0,5,24735,1840,1180,0,5,9160,0.39,285,0,0,2,324285,7370.0,,1,1.05,659,C
CUST01717,60,Female,Married,Graduate,Salaried,28,70950.0,6018.0,2,12044,4992,3767,1,4,28746,0.04,91,1,0,1,184600,8790.0,0.63,0,1.49,681,C
CUST01718,54,Male,Single,Post-Graduate,Unemployed,0,80178.0,5958.0,4,3464,3231,4009,3,3,35481,0.16,454,2,0,2,190554,3123.0,0.55,1,0.47,674,C
CUST01719,60,Female,Divorced,Post-Graduate,Business Owner,16,71326.0,1312.0,3,9037,2880,275,0,3,13976,0.53,592,3,0,1,91393,982.0,0.7,0,0.17,668,C
CUST01720,47,Male,Divorced,High School,Salaried,13,55993.0,3568.0,1,0,2876,1315,0,0,10992,0.18,158,1,0,1,79235,1495.0,0.85,1,0.32,748,B
CUST01721,33,Male,Divorced,High School,Salaried,3,121216.0,4858.0,1,28257,5182,683,0,1,58382,0.15,700,3,0,2,135315,1828.0,0.43,0,0.18,701,A
CUST01722,65,Female,Married,Post-Graduate,Salaried,15,112949.0,0.0,1,0,3392,3662,1,0,40941,0.28,917,1,1,0,70785,777.0,0.6,1,0.08,717,B
CUST01723,53,Female,Single,Graduate,Salaried,23,94806.0,6869.0,5,9082,3664,2614,0,2,15836,0.34,430,1,0,0,348872,6840.0,0.79,0,0.87,671,C
CUST01724,26,Male,Married,Graduate,Self-Employed,27,62204.0,7560.0,4,49599,2765,3051,0,2,17381,0.44,611,0,0,0,144904,6586.0,0.6,0,1.27,616,C
CUST01725,44,Male,Single,Post-Graduate,Salaried,20,92543.0,3411.0,2,16785,3022,1252,0,3,42956,0.23,790,1,1,1,271419,4934.0,0.78,1,0.64,705,B
CUST01726,39,Female,Single,Graduate,Salaried,27,67852.0,8805.0,2,8408,2524,2815,0,5,23644,0.25,472,2,1,0,128966,1371.0,0.71,0,0.24,721,B
CUST01727,36,Male,Married,High School,Self-Employed,6,66673.0,8673.0,5,53515,3734,648,0,0,17534,0.14,196,1,1,1,15189,147.0,0.84,0,0.03,786,B
CUST01728,60,Female,Married,High School,Salaried,25,74517.0,6571.0,3,13942,1333,3490,1,2,11953,0.21,200,0,0,0,140069,11672.0,,0,1.88,677,C
CUST01729,48,Male,Divorced,Graduate,Self-Employed,28,88230.0,4817.0,4,49822,3350,4658,0,3,34445,0.2,551,0,0,3,14931,132.0,0.53,0,0.02,740,B
CUST01730,53,Female,Single,Graduate,Unemployed,0,62978.0,7987.0,4,15827,2450,0,0,0,13259,0.17,180,1,0,0,238371,6810.0,0.63,1,1.3,657,C
CUST01731,68,Female,Married,Graduate,Salaried,4,70828.0,529.0,3,33692,2229,4154,0,1,23115,,55,1,1,3,97134,916.0,0.68,0,0.16,771,B
CUST01732,61,Male,Married,Graduate,Self-Employed,15,114518.0,5224.0,3,54389,3669,2382,0,2,38942,0.43,1339,4,1,1,70538,1216.0,0.89,0,0.13,716,B
CUST01733,33,Male,Married,Graduate,Salaried,26,24784.0,2467.0,4,22240,3000,2925,0,5,7984,0.27,172,1,1,4,22504,535.0,0.43,0,0.26,676,C
CUST01734,63,Male,Divorced,High School,Salaried,18,105510.0,3011.0,4,14863,1510,2038,1,2,20953,0.42,704,1,0,1,384574,5196.0,0.72,0,0.59,667,C
CUST01735,65,Female,Married,High School,Salaried,9,71051.0,6349.0,1,30725,1672,1219,1,1,27234,0.34,740,1,1,4,58892,684.0,0.64,2,0.12,698,C
CUST01736,45,Male,Divorced,Doctorate,Salaried,20,61191.0,2586.0,2,5165,3301,4509,2,3,19973,0.41,655,2,1,4,32558,1356.0,0.88,0,0.27,704,B
CUST01737,62,Female,Single,Graduate,Salaried,4,65916.0,409.0,1,38922,1826,1749,0,2,17235,0.41,565,0,0,3,162763,3321.0,0.87,0,0.6,698,F
CUST01738,56,Male,Married,Post-Graduate,Salaried,16,75340.0,11661.0,1,10377,514,4350,0,1,9105,0.38,276,2,0,4,28382,359.0,0.46,0,0.06,677,C
CUST01739,47,Male,Single,Post-Graduate,Business Owner,18,102849.0,3186.0,2,0,4235,3459,0,3,23912,0.29,554,2,1,0,194192,5394.0,0.64,1,0.63,667,C
CUST01740,58,Male,Single,Graduate,Self-Employed,5,80263.0,2468.0,5,18532,1143,2222,1,4,19341,0.57,881,1,0,2,217818,,0.77,0,0.43,659,C
CUST01741,27,Male,Single,Post-Graduate,Unemployed,0,60247.0,8583.0,5,13460,2465,4556,0,3,25090,0.55,1103,1,1,1,33809,637.0,0.62,0,0.13,670,C
CUST01742,25,Female,Single,High School,Self-Employed,6,95725.0,3193.0,5,0,1625,2453,2,2,29232,0.09,210,2,0,1,298291,,0.93,0,0.33,768,B
CUST01743,63,Female,Single,Post-Graduate,Salaried,26,72119.0,1190.0,5,20232,1585,4086,0,3,34101,,1009,3,0,3,123687,2169.0,0.77,0,0.36,691,C
CUST01744,65,Female,Single,Graduate,Salaried,22,90812.0,2253.0,3,3686,3510,4008,0,5,36351,0.52,1512,0,0,2,258511,9232.0,0.6,1,1.22,600,C
CUST01745,51,Male,Single,Post-Graduate,Salaried,19,83144.0,,1,13283,2016,987,2,2,26207,0.33,691,1,1,4,84296,4958.0,0.7,0,0.72,661,C
CUST01746,43,Female,Divorced,High School,Salaried,12,43142.0,1787.0,3,3648,2664,1577,1,3,7228,0.1,57,1,0,0,75388,761.0,0.84,0,0.21,770,B
CUST01747,62,Female,Single,Post-Graduate,Self-Employed,15,,2501.0,3,29952,282,2268,1,4,17362,0.34,472,0,1,0,175607,3736.0,0.45,1,0.49,651,C
CUST01748,30,Female,Married,High School,Self-Employed,9,25673.0,3657.0,2,19817,5624,2294,0,3,4211,0.17,57,1,1,3,30368,297.0,0.48,1,0.14,707,B
CUST01749,52,Male,Single,Post-Graduate,Salaried,7,71994.0,7914.0,5,0,3537,3054,1,4,19952,0.2,319,3,0,1,227830,2712.0,0.93,3,0.45,717,B
CUST01750,63,Male,Divorced,Graduate,Salaried,29,44706.0,,4,41220,5094,452,3,2,17391,0.13,180,0,0,0,31763,352.0,0.65,0,0.09,744,B
CUST01751,50,Male,Divorced,Post-Graduate,Salaried,14,15820.0,8326.0,5,24716,4916,2449,1,3,6387,0.22,112,0,0,0,41965,617.0,0.74,1,0.47,709,B
CUST01752,59,Female,Married,Graduate,Salaried,19,82391.0,4316.0,1,12617,4781,3167,0,1,11407,0.2,182,0,0,4,307283,10595.0,0.86,0,1.54,701,B
CUST01753,51,Male,Married,Graduate,Salaried,20,99995.0,768.0,3,8664,2628,3541,1,5,29834,0.2,477,0,0,2,335074,4653.0,0.82,0,0.56,732,B
CUST01754,38,Male,Single,Graduate,Business Owner,16,74058.0,7104.0,1,19129,3068,1805,0,4,21667,0.24,416,1,0,2,226351,2263.0,0.91,0,0.37,749,B
CUST01755,56,Male,Divorced,Doctorate,Salaried,23,113536.0,1930.0,3,1063,1505,1279,2,0,31285,0.36,901,2,1,2,64850,1045.0,0.8,0,0.11,722,B
CUST01756,22,Female,Divorced,High School,Self-Employed,27,75016.0,3891.0,3,39818,3131,2110,1,4,16540,0.1,132,4,0,2,227709,4296.0,0.65,0,0.69,679,C
CUST01757,34,Female,Divorced,Doctorate,Salaried,24,80320.0,9847.0,3,37083,1133,3157,0,3,23318,0.12,223,3,0,4,120352,1352.0,0.75,0,0.2,748,B
CUST01758,33,Male,Married,Graduate,Salaried,22,49729.0,10113.0,4,15154,5118,1064,2,4,15249,0.38,463,1,2,2,20559,250.0,0.88,0,0.06,734,A
CUST01759,49,Male,Single,Post-Graduate,Business Owner,4,92464.0,5534.0,5,14172,4345,2169,0,3,31426,0.23,578,1,0,0,258089,6452.0,0.42,0,0.84,638,C
CUST01760,32,Female,Divorced,Graduate,Self-Employed,12,91121.0,8680.0,3,6759,3934,1961,2,2,22866,0.42,768,2,0,2,24051,1850.0,0.82,0,0.24,700,B
CUST01761,59,Female,Single,Graduate,Salaried,18,62461.0,8574.0,2,24075,2157,659,0,2,29858,0.23,549,0,0,0,95271,1905.0,0.75,0,0.37,733,B
CUST01762,22,Female,Married,Post-Graduate,Business Owner,26,36536.0,6972.0,3,24197,4752,603,1,5,8605,0.22,151,1,0,4,125653,8376.0,,0,2.0,621,C
CUST01763,52,Female,Single,Graduate,Salaried,8,30190.0,4185.0,5,30753,628,4289,1,1,13827,0.29,320,1,1,3,82909,4363.0,0.39,1,1.73,590,D
CUST01764,33,Female,Divorced,Graduate,Salaried,17,105226.0,3332.0,5,24362,2841,3476,0,0,44247,0.52,1840,0,2,3,217719,2623.0,0.57,0,0.3,666,C
CUST01765,66,Female,Single,High School,Business Owner,25,40021.0,5133.0,4,6660,3229,3714,1,5,11450,0.2,183,0,0,1,141271,1441.0,0.82,1,0.43,731,B
CUST01766,47,Male,Single,High School,Self-Employed,24,120676.0,1150.0,3,9155,5443,2093,0,2,36024,0.07,201,0,0,3,361763,9275.0,0.55,0,0.92,690,C
CUST01767,69,Female,Married,Graduate,Salaried,3,51480.0,3568.0,2,22213,1056,2677,2,1,23060,0.22,405,1,1,1,96735,887.0,0.75,0,0.21,731,B
CUST01768,61,Female,Married,Post-Graduate,Salaried,26,66050.0,6794.0,4,9620,5033,3189,1,0,19622,0.29,455,0,0,0,197384,2990.0,0.86,1,0.54,714,B
CUST01769,37,Female,Married,Graduate,Business Owner,4,159946.0,3110.0,4,40711,4736,4391,3,1,59460,0.62,2949,2,0,2,565057,37670.0,0.68,0,2.0,578,D
CUST01770,60,Male,Single,High School,Salaried,10,60873.0,9633.0,3,19756,4817,2970,1,2,25793,0.28,577,2,0,0,34997,999.0,0.57,1,0.2,687,C
CUST01771,51,Male,Single,Graduate,Salaried,16,46074.0,5738.0,3,0,2139,1697,0,5,21339,0.28,477,5,1,0,36902,1942.0,0.73,0,0.51,669,C
CUST01772,54,Male,Married,Graduate,Self-Employed,20,64825.0,7348.0,4,18638,3674,3295,1,0,12139,0.15,145,0,0,0,188233,2476.0,0.62,0,0.46,715,B
CUST01773,44,Male,Divorced,Graduate,Unemployed,0,29486.0,4360.0,4,17073,4354,0,0,2,14452,0.17,196,2,1,3,20081,220.0,0.81,1,0.09,754,B
CUST01774,65,Male,Married,Post-Graduate,Salaried,12,66532.0,6895.0,4,40337,3441,1436,1,3,32343,0.06,155,3,0,0,44314,1055.0,0.85,0,0.19,768,B
CUST01775,55,Female,Married,Post-Graduate,Business Owner,16,77166.0,1612.0,1,20677,3535,2626,2,5,16894,0.33,446,0,0,3,202560,5787.0,0.83,0,0.9,671,C
CUST01776,68,Male,Divorced,High School,Self-Employed,27,104810.0,6269.0,4,28956,3729,3273,1,0,36210,,782,0,0,0,224495,3117.0,0.81,1,0.36,731,B
CUST01777,26,Male,Married,Post-Graduate,Salaried,10,90289.0,6550.0,5,17781,2043,3334,0,1,10723,0.03,25,2,0,4,273323,7387.0,0.82,1,0.98,708,B
CUST01778,39,Male,Married,Graduate,Self-Employed,5,79371.0,8849.0,2,35381,2020,2021,1,3,13265,0.47,498,3,0,3,101231,1163.0,0.88,0,0.18,701,B
CUST01779,50,Female,Married,Post-Graduate,Unemployed,0,139498.0,0.0,2,39835,4164,2341,0,1,46526,0.09,334,1,0,1,339513,2853.0,0.52,0,0.25,737,B
CUST01780,27,Male,Married,High School,Salaried,12,93002.0,2985.0,3,6345,2097,2107,0,2,33484,0.08,214,2,0,2,333576,4507.0,0.86,0,0.58,747,B
CUST01781,30,Male,Married,Post-Graduate,Salaried,3,118054.0,,4,11203,3497,3327,1,2,37050,0.06,177,1,0,2,426629,6771.0,0.85,1,0.69,739,B
CUST01782,61,Female,Married,Graduate,Unemployed,0,101733.0,2481.0,2,16834,1077,3137,0,3,38850,0.09,279,2,0,1,265778,4746.0,0.63,3,0.56,698,C
CUST01783,52,Male,Single,Graduate,Self-Employed,27,116890.0,4678.0,2,33828,2679,2386,1,3,48761,0.28,1092,2,0,3,10908,376.0,0.96,0,0.04,772,B
CUST01784,54,Female,Single,High School,Salaried,1,,6770.0,5,10353,5259,1739,0,0,18315,0.24,351,1,0,3,231300,3452.0,0.84,2,0.38,732,B
CUST01785,48,Female,Single,High School,Self-Employed,2,100030.0,11740.0,5,0,3325,2966,0,1,36395,0.51,1484,0,0,4,27249,302.0,0.87,0,0.04,735,B
CUST01786,35,Male,Married,High School,Self-Employed,11,93292.0,9051.0,1,32142,4788,2615,0,4,30323,0.12,291,1,0,0,369347,7858.0,0.78,0,1.01,697,C
CUST01787,50,Male,Single,Graduate,Business Owner,12,119572.0,3537.0,1,8403,5523,4309,2,2,17581,0.15,210,2,0,4,476866,4721.0,0.84,0,0.47,734,B
CUST01788,57,Female,Single,High School,Unemployed,0,57422.0,7162.0,2,15001,4357,2442,0,4,10992,0.21,184,0,1,2,26642,543.0,0.59,0,0.11,736,B
CUST01789,49,Male,Married,Post-Graduate,Salaried,1,52978.0,8675.0,3,14188,3657,2241,0,4,14191,0.14,158,0,0,1,96666,1487.0,0.55,2,0.34,711,B
CUST01790,42,Male,Married,High School,Salaried,28,27108.0,4700.0,2,0,2847,1503,1,3,12076,0.2,193,1,1,4,93378,1098.0,0.57,2,0.49,674,C
CUST01791,24,Male,Married,Graduate,Self-Employed,13,90727.0,4809.0,3,2337,2680,4332,0,1,16948,0.3,406,4,0,2,42124,1203.0,0.8,0,0.16,720,B
CUST01792,40,Female,Married,High School,Salaried,13,109857.0,4311.0,2,32853,2518,2599,2,4,19023,0.25,380,1,0,1,242684,7583.0,0.9,2,0.83,689,C
CUST01793,52,Male,Divorced,Doctorate,Self-Employed,2,43814.0,6449.0,5,19451,4652,2788,0,1,17016,0.46,626,0,0,4,34994,426.0,0.81,1,0.12,716,B
CUST01794,56,Female,Divorced,Doctorate,Salaried,10,53266.0,6240.0,4,34345,3327,4552,1,3,26117,0.25,522,1,2,0,103479,1847.0,0.72,0,0.42,707,B
CUST01795,24,Female,Married,Graduate,Salaried,23,118229.0,5426.0,2,44262,4286,3894,0,5,32977,0.21,554,1,0,3,95672,5627.0,0.67,0,0.57,706,B
CUST01796,47,Male,Married,Graduate,Salaried,1,95826.0,10211.0,1,0,5473,838,3,5,23003,0.57,1048,1,0,3,203264,3566.0,0.21,1,0.45,560,D
CUST01797,37,Male,Single,High School,Self-Employed,7,94521.0,8010.0,3,15030,5899,3940,1,5,19053,0.12,182,2,0,0,155609,2393.0,0.71,0,0.3,737,B
CUST01798,32,Female,Divorced,Doctorate,Business Owner,13,87448.0,141.0,3,18342,4049,3891,1,5,10484,0.25,209,3,1,1,137770,3131.0,0.64,1,0.43,678,C
CUST01799,42,Male,Single,Graduate,Salaried,24,68640.0,0.0,2,42698,4042,404,0,4,11762,,470,0,0,2,44028,1375.0,0.96,0,0.24,729,B
CUST01800,37,Female,Single,High School,Salaried,27,28359.0,6252.0,3,3796,2700,4315,0,4,3895,0.03,9,3,0,2,74844,997.0,0.91,2,0.42,752,B
CUST01801,30,Male,Married,Graduate,Salaried,29,92763.0,4695.0,1,24924,4412,1805,0,2,27610,0.38,839,2,0,4,26066,,0.59,0,0.11,694,C
CUST01802,21,Male,Single,High School,Business Owner,2,138949.0,0.0,5,39270,1728,3409,1,4,68262,0.37,2020,1,0,4,519037,8508.0,0.61,0,0.73,652,C
CUST01803,42,Male,Divorced,Graduate,Salaried,20,83978.0,0.0,4,33354,3150,1883,0,0,34847,,808,2,0,1,19828,991.0,,0,0.14,747,B
CUST01804,46,Male,Married,Post-Graduate,Self-Employed,7,40694.0,4252.0,4,27670,1475,5228,0,3,13863,0.08,88,3,1,2,66985,930.0,0.53,0,0.27,711,C
CUST01805,38,Male,Married,Graduate,Self-Employed,17,68991.0,5770.0,3,9246,1063,2750,1,0,20328,0.68,1105,0,0,3,79140,1930.0,0.81,0,0.34,660,C
CUST01806,34,Female,Married,Graduate,Salaried,22,103500.0,5881.0,2,36316,3483,3585,0,5,35901,0.3,861,3,0,0,228403,3744.0,0.54,0,0.43,666,C
CUST01807,67,Male,Married,High School,Business Owner,5,107067.0,3182.0,3,0,1533,2686,0,4,26810,0.5,1072,0,0,0,10665,273.0,0.82,1,0.03,726,B
CUST01808,49,Male,Single,Graduate,Salaried,11,,3328.0,1,27523,2195,1238,0,4,20858,0.1,166,0,0,2,213752,2226.0,0.58,0,0.22,752,B
CUST01809,32,Male,Married,High School,Self-Employed,22,106811.0,3492.0,2,0,3654,2396,1,0,35878,0.43,1234,0,0,2,322016,3788.0,0.76,0,0.43,694,C
CUST01810,56,Female,Married,Post-Graduate,Salaried,24,15073.0,6479.0,5,46801,4436,813,0,2,4691,0.33,123,2,0,0,48667,593.0,0.57,0,0.47,658,C
CUST01811,55,Male,Married,High School,Salaried,11,81882.0,411.0,1,2782,5959,2856,0,2,39124,0.5,1564,1,0,4,305997,8999.0,0.55,1,1.32,588,D
CUST01812,32,Female,Married,Graduate,Self-Employed,11,31741.0,5058.0,5,13079,167,2251,0,0,11424,0.26,237,1,1,4,13759,,0.72,0,0.08,738,B
CUST01813,27,Male,Single,Graduate,Salaried,17,94034.0,8057.0,2,44994,1710,833,1,0,38494,0.22,677,0,0,3,208400,1844.0,0.66,0,0.24,732,B
CUST01814,49,Male,Single,Graduate,Self-Employed,19,96966.0,3945.0,5,26730,177,1956,0,3,13292,0.29,308,3,0,2,155681,4324.0,,0,0.54,674,C
CUST01815,31,Male,Single,Graduate,Self-Employed,27,50382.0,5481.0,1,9104,1097,1199,0,2,20373,0.24,391,2,0,3,130464,5017.0,0.6,0,1.19,636,C
CUST01816,53,Female,Married,Graduate,Self-Employed,29,65985.0,6247.0,1,21802,3786,1950,1,5,32539,0.21,546,1,1,3,219572,,0.67,0,0.39,711,B
CUST01817,26,Male,Married,Graduate,Salaried,25,55711.0,3025.0,3,24382,2956,2318,1,1,20222,0.71,1148,1,2,4,133594,,0.71,0,2.0,571,D
CUST01818,67,Male,Married,Graduate,Self-Employed,28,99623.0,4695.0,2,26342,597,3371,2,5,39533,0.42,1328,1,0,1,91262,800.0,0.9,1,0.1,728,B
CUST01819,35,Male,Married,Graduate,Self-Employed,8,72637.0,1099.0,4,16844,3497,1446,0,4,35723,0.25,714,5,1,2,93353,3219.0,0.6,0,0.53,656,D
CUST01820,52,Female,Married,Graduate,Salaried,20,55731.0,6458.0,4,15167,5320,1511,0,4,14295,0.03,34,1,0,2,198973,2368.0,0.62,1,0.51,724,B
CUST01821,31,Male,Married,Graduate,Self-Employed,27,98560.0,5488.0,5,30312,1421,2908,1,0,42348,0.17,575,0,0,2,264743,3309.0,0.56,0,0.4,712,B
CUST01822,43,Male,Single,Post-Graduate,Unemployed,0,93288.0,8498.0,4,16203,3632,2573,1,5,24243,0.32,620,0,0,3,222411,2224.0,0.83,0,0.29,735,B
CUST01823,46,Male,Single,High School,Salaried,10,99555.0,7633.0,4,3891,5397,3401,1,1,26916,0.39,839,3,0,1,55420,615.0,0.37,0,0.07,651,C
CUST01824,54,Male,Divorced,Graduate,Unemployed,0,28754.0,8544.0,1,15266,1676,2253,0,2,10446,0.3,250,0,0,1,39259,,0.5,1,0.18,691,C
CUST01825,66,Female,Married,High School,Salaried,7,57582.0,8685.0,1,19701,2875,3161,0,2,11664,0.17,158,1,0,0,74410,2755.0,0.92,1,0.57,738,B
CUST01826,54,Female,Divorced,High School,Salaried,2,95392.0,2828.0,1,25186,794,0,2,2,47420,0.34,1289,1,0,1,9881,87.0,0.77,1,0.01,730,B
CUST01827,49,Male,Single,Graduate,Salaried,17,25132.0,6438.0,4,22938,5030,1619,2,5,5822,0.26,121,1,0,4,93430,,0.66,1,1.27,630,C
CUST01828,24,Male,Married,Post-Graduate,Self-Employed,1,25957.0,7023.0,5,198,3626,2540,0,0,3871,0.33,102,3,0,1,34432,717.0,0.49,0,0.33,653,C
CUST01829,37,Male,Single,Post-Graduate,Salaried,13,52979.0,3129.0,2,27476,2087,2368,0,0,12133,0.07,67,3,1,0,21760,244.0,0.85,0,0.06,781,B
CUST01830,55,Male,Single,High School,Business Owner,19,98199.0,8699.0,3,16873,2721,2674,0,4,43441,0.4,1390,1,0,4,194029,1830.0,0.61,1,0.22,687,C
CUST01831,33,Male,Married,Graduate,Business Owner,29,75339.0,4673.0,5,11569,4405,3556,1,5,16994,0.14,190,1,0,0,135218,3219.0,0.73,0,0.51,723,B
CUST01832,61,Female,Single,Graduate,Self-Employed,14,90207.0,6918.0,1,34034,600,1867,0,4,31080,0.22,547,1,0,2,306720,2621.0,0.94,1,0.35,756,B
CUST01833,59,Female,Single,High School,Salaried,26,45485.0,8310.0,5,9153,1771,2860,0,2,21565,0.36,621,1,0,1,145519,2645.0,,0,0.7,663,C
CUST01834,35,Female,Single,Post-Graduate,Unemployed,0,45182.0,6283.0,2,46774,3331,2219,0,4,9216,0.2,147,0,0,3,141263,4414.0,0.48,1,1.17,634,C
CUST01835,49,Female,Single,Post-Graduate,Business Owner,20,116754.0,10441.0,1,45314,4338,3058,1,4,17810,0.61,869,0,1,2,435390,13193.0,0.58,2,1.36,574,D
CUST01836,49,Female,Married,Doctorate,Salaried,14,87738.0,12254.0,2,35123,3684,3086,1,2,12172,0.47,457,2,0,0,131448,2347.0,0.85,1,0.32,688,C
CUST01837,31,Female,Married,High School,Self-Employed,15,42752.0,5053.0,3,9909,829,1179,0,0,11805,0.64,604,0,0,1,100805,1050.0,0.88,0,0.29,684,F
CUST01838,52,Male,Single,Graduate,Self-Employed,14,15663.0,7871.0,5,28601,4497,2912,1,4,2219,0.03,5,1,0,2,41948,953.0,0.7,0,0.73,711,B
CUST01839,22,Female,Single,Post-Graduate,Self-Employed,24,32774.0,12105.0,3,24030,4770,3211,2,0,9226,0.07,51,1,0,0,61900,573.0,1.0,1,0.21,788,B
CUST01840,67,Male,Single,Post-Graduate,Salaried,5,43304.0,3147.0,4,9177,4507,2675,0,1,19274,0.3,462,0,1,4,42240,380.0,0.91,1,0.11,761,B
CUST01841,34,Male,Married,Post-Graduate,Salaried,16,36904.0,0.0,5,36039,3030,2950,1,0,15167,0.3,364,1,0,4,132709,1251.0,0.77,0,0.41,704,B
CUST01842,40,Female,Single,High School,Salaried,5,73989.0,7890.0,4,19995,2145,2699,0,3,24614,0.38,748,1,0,2,266575,3702.0,0.69,0,0.6,670,C
CUST01843,42,Male,Married,Graduate,Salaried,22,95145.0,3841.0,2,0,5166,1563,1,3,41879,0.2,670,0,0,3,292179,3210.0,0.76,0,0.4,736,B
CUST01844,31,Male,Single,Graduate,Self-Employed,13,72295.0,1392.0,4,42171,2298,1940,0,2,10129,0.41,332,1,0,2,100089,953.0,0.7,0,0.16,706,B
CUST01845,47,Female,Single,High School,Unemployed,0,61348.0,2862.0,2,42642,3202,2703,0,3,21089,,455,1,0,3,698,25.0,0.68,0,0.0,741,B
CUST01846,23,Male,Divorced,Graduate,Unemployed,0,85303.0,318.0,3,19039,4388,2404,1,1,12476,0.5,499,2,0,2,167602,7618.0,0.88,0,1.07,630,C
CUST01847,37,Male,Married,Graduate,Self-Employed,15,64847.0,10096.0,1,29306,4904,1708,0,0,18990,0.02,30,2,0,3,136073,2001.0,0.7,1,0.37,744,B
CUST01848,64,Female,Single,High School,Self-Employed,5,23583.0,9361.0,3,25173,1919,1672,0,0,6730,0.49,263,1,0,4,46029,979.0,0.88,0,0.5,682,C
CUST01849,48,Female,Married,Graduate,Salaried,21,81082.0,4310.0,4,12866,4953,2417,2,5,16707,0.55,735,0,0,0,31294,651.0,0.66,0,0.1,679,C
CUST01850,49,Male,Married,Graduate,Self-Employed,23,86776.0,4566.0,2,60040,2185,828,0,4,37482,0.46,1379,2,0,0,273479,2707.0,0.7,1,0.37,667,C
CUST01851,41,Male,Married,Graduate,Salaried,6,111105.0,5586.0,4,10740,4203,1904,0,4,21253,0.21,357,2,1,0,236492,4926.0,0.48,1,0.53,668,C
CUST01852,67,Male,Married,Post-Graduate,Salaried,29,102642.0,10017.0,1,20769,3992,3994,0,4,32923,0.17,447,0,0,4,91062,3959.0,0.81,0,0.46,750,B
CUST01853,36,Female,Married,Graduate,Self-Employed,13,58208.0,1819.0,5,3225,3105,2825,1,0,17049,0.53,722,0,1,2,222703,3907.0,0.84,0,0.81,648,C
CUST01854,57,Female,Divorced,Graduate,Salaried,16,68490.0,4502.0,5,32847,950,1958,1,0,18674,0.26,388,0,0,2,82757,1504.0,0.71,0,0.26,727,B
CUST01855,40,Male,Single,Doctorate,Salaried,10,76056.0,8743.0,5,30383,1487,1952,0,5,8626,0.24,165,0,1,2,116189,1470.0,0.62,1,0.23,721,B
CUST01856,26,Male,Married,Doctorate,Business Owner,27,81408.0,3995.0,4,32918,4490,5385,0,4,30828,0.35,863,0,0,0,130710,1333.0,0.38,0,0.2,674,C
CUST01857,39,Male,Married,High School,Salaried,2,119829.0,2493.0,5,1696,3692,2458,0,5,12590,0.21,211,1,0,3,192409,1781.0,0.5,1,0.18,711,B
CUST01858,25,Female,Single,Post-Graduate,Salaried,13,73012.0,5498.0,2,24140,3837,3144,0,0,31265,0.23,575,1,0,4,187705,3910.0,0.82,0,0.64,713,B
CUST01859,23,Male,Single,High School,Salaried,17,59385.0,0.0,1,25907,2581,1633,1,1,12266,0.1,98,0,0,0,67433,1983.0,0.83,2,0.4,750,B
CUST01860,21,Female,Single,High School,Salaried,1,112256.0,6114.0,3,256,2436,3090,1,4,16614,0.2,265,1,0,3,405644,3791.0,0.87,1,0.41,742,B
CUST01861,58,Male,Married,Graduate,Salaried,4,111527.0,4243.0,2,25854,3705,850,2,3,29757,,785,0,0,4,255533,2165.0,0.76,0,0.23,725,B
CUST01862,35,Female,Married,Graduate,Business Owner,18,102000.0,6907.0,1,10295,2510,2021,0,4,33021,0.13,343,0,1,0,359000,11966.0,0.72,1,1.41,690,C
CUST01863,54,Female,Married,Post-Graduate,Salaried,6,26896.0,2916.0,3,15526,3686,2154,1,3,6028,0.03,14,1,1,1,98695,1617.0,0.83,1,0.72,728,B
CUST01864,55,Female,Single,Post-Graduate,Business Owner,28,77423.0,6357.0,5,28664,1239,0,0,2,11513,0.47,432,2,0,1,238062,2505.0,0.71,1,0.39,664,C
CUST01865,69,Male,Married,Doctorate,Salaried,12,67974.0,5632.0,3,22980,3130,3059,0,3,7295,0.35,204,0,0,1,66249,3680.0,0.88,0,0.65,707,B
CUST01866,45,Female,Divorced,Post-Graduate,Salaried,25,88094.0,1457.0,4,8853,1918,1898,0,5,33610,0.46,1236,3,0,4,116193,2702.0,0.96,0,0.37,704,B
CUST01867,44,Female,Married,Graduate,Self-Employed,26,48872.0,2166.0,4,2983,3344,3485,1,1,22215,0.26,462,0,0,1,44806,546.0,0.67,0,0.13,731,B
CUST01868,32,Male,Married,Post-Graduate,Self-Employed,27,99599.0,8688.0,5,17536,1364,2191,0,0,13964,0.18,201,1,0,2,182015,3568.0,0.66,0,0.43,720,B
CUST01869,38,Female,Married,Doctorate,Self-Employed,26,85729.0,7873.0,5,23363,4949,1328,0,5,16481,0.33,435,2,0,1,175229,10307.0,0.37,0,1.44,589,D
CUST01870,35,Female,Married,Post-Graduate,Unemployed,0,101258.0,0.0,2,20214,561,3132,0,5,10945,0.21,183,0,0,4,137136,3189.0,0.55,0,0.38,711,B
CUST01871,64,Female,Married,Post-Graduate,Salaried,20,52561.0,3693.0,2,18106,4579,2335,0,1,23864,,878,1,1,1,183420,9171.0,0.56,0,2.0,598,D
CUST01872,36,Female,Divorced,Doctorate,Salaried,13,82952.0,5946.0,4,16544,2529,2549,2,2,23051,0.29,534,1,0,1,131247,2386.0,0.4,0,0.35,657,C
CUST01873,47,Male,Married,High School,Business Owner,28,98655.0,6598.0,1,41543,3934,3122,2,5,46375,0.36,1335,2,0,0,277915,4631.0,0.47,0,0.56,630,C
CUST01874,28,Male,Divorced,Post-Graduate,Salaried,2,15000.0,5824.0,2,22835,3696,2759,0,1,4308,0.28,96,1,0,3,50032,1352.0,0.4,0,1.08,602,C
CUST01875,66,Male,Single,Post-Graduate,Salaried,17,95006.0,6137.0,1,23038,2219,1738,0,1,42265,0.2,676,1,0,3,61175,599.0,0.68,0,0.08,751,B
CUST01876,45,Female,Single,Doctorate,Salaried,23,64184.0,3920.0,4,16690,2382,456,0,2,30853,0.15,370,3,0,2,183544,1973.0,0.76,0,0.37,727,B
CUST01877,37,Female,Single,Graduate,Self-Employed,10,74290.0,5522.0,2,13610,4574,1357,0,1,17388,0.06,83,1,1,3,47442,753.0,0.97,0,0.12,813,A
CUST01878,49,Female,Married,Graduate,Salaried,19,112576.0,2061.0,1,48236,3242,2277,0,2,40109,0.47,1508,1,1,3,343957,3474.0,0.92,0,0.37,714,B
CUST01879,28,Male,Married,Post-Graduate,Salaried,22,107746.0,3898.0,1,28448,2590,2471,0,0,39496,0.12,379,0,0,3,244522,5315.0,0.68,0,0.59,728,B
CUST01880,35,Male,Single,Graduate,Salaried,5,57627.0,0.0,2,31657,2401,4234,1,4,6256,0.39,195,3,0,1,118532,1197.0,0.64,0,0.25,671,C
CUST01881,47,Female,Single,Graduate,Self-Employed,21,24367.0,1829.0,5,7985,2650,4997,2,0,6708,0.28,150,0,0,3,51672,1666.0,0.57,1,0.82,637,C
CUST01882,66,Male,Divorced,Graduate,Salaried,12,72700.0,2359.0,3,34833,5484,2358,1,0,32142,0.08,205,0,0,1,116760,2162.0,0.65,0,0.36,742,B
CUST01883,27,Male,Married,Graduate,Salaried,18,106876.0,2509.0,5,4962,5256,3022,3,0,51141,0.31,1268,1,0,1,21219,331.0,0.91,0,0.04,755,A
CUST01884,23,Female,Married,Graduate,Self-Employed,9,114433.0,7187.0,3,25003,5544,1946,0,1,52603,0.51,2146,2,0,3,252978,2125.0,0.2,0,0.22,605,C
CUST01885,49,Male,Married,Graduate,Unemployed,0,,282.0,1,21653,5475,1691,0,0,7337,0.06,35,1,0,1,1347,20.0,0.43,0,0.02,734,B
CUST01886,64,Male,Married,Graduate,Self-Employed,4,92925.0,3083.0,2,39834,1945,2242,0,2,33566,0.34,912,1,0,3,339237,3727.0,0.56,0,0.48,671,C
CUST01887,44,Male,Married,Graduate,Business Owner,10,88858.0,6932.0,4,12544,3105,1777,0,2,17160,0.02,27,1,0,0,88524,2950.0,0.41,1,0.4,708,B
CUST01888,23,Male,Divorced,Graduate,Salaried,1,98160.0,1025.0,2,28386,2103,1595,0,5,32407,0.16,414,1,1,0,254789,3033.0,0.79,0,0.37,749,B
CUST01889,40,Female,Single,High School,Salaried,2,75392.0,8806.0,5,25888,4342,1842,1,5,20239,0.14,226,1,0,3,168964,1836.0,0.58,0,0.29,720,B
CUST01890,66,Male,Married,High School,Salaried,9,21903.0,5535.0,3,8481,2762,1678,1,2,4456,0.29,103,2,0,2,54034,635.0,0.53,0,0.35,666,C
CUST01891,35,Male,Single,High School,Business Owner,23,61256.0,7067.0,2,28052,2363,2513,0,5,25060,0.09,180,2,0,1,79461,1018.0,0.9,0,0.2,781,B
CUST01892,45,Male,Married,Graduate,Salaried,26,47409.0,2166.0,3,17751,2411,2676,0,2,16672,0.41,546,2,2,3,85233,1444.0,0.85,2,0.37,689,C
CUST01893,50,Female,Married,Post-Graduate,Business Owner,18,43982.0,2720.0,5,19370,1895,1127,0,5,18298,0.37,541,0,0,1,131772,1145.0,0.87,0,0.31,729,B
CUST01894,34,Male,Married,High School,Unemployed,0,98514.0,4572.0,5,14473,4060,2923,1,0,20470,0.12,196,0,1,3,154149,1657.0,0.57,0,0.2,741,B
CUST01895,27,Female,Single,High School,Salaried,23,69881.0,7435.0,2,20904,3799,2397,0,3,32253,0.17,438,1,0,2,79616,3618.0,0.72,0,0.62,710,C
CUST01896,37,Male,Married,Post-Graduate,Salaried,14,86811.0,7345.0,4,20633,1942,2253,0,5,16970,0.59,800,0,0,1,10795,92.0,0.61,0,0.01,683,C
CUST01897,64,Male,Single,Graduate,Salaried,4,106686.0,6191.0,4,27945,4364,2893,1,4,36355,0.27,785,0,0,4,203115,5345.0,0.75,0,0.6,706,B
CUST01898,40,Male,Single,Doctorate,Salaried,26,23243.0,4343.0,3,24819,3494,4306,0,3,2853,0.52,118,2,0,0,64576,817.0,0.96,0,0.42,688,C
CUST01899,56,Female,Single,Post-Graduate,Salaried,2,123100.0,2691.0,2,33200,1564,2331,0,1,38947,0.31,965,1,0,4,142192,2539.0,0.7,0,0.25,722,B
CUST01900,29,Female,Married,Graduate,Business Owner,12,128596.0,8153.0,1,32387,1434,1381,0,0,17937,,746,2,0,3,445300,,0.87,0,0.58,673,C
CUST01901,58,Male,Married,Graduate,Salaried,20,21724.0,3938.0,5,42506,1620,3119,2,3,5059,0.46,186,0,1,2,10066,218.0,0.77,0,0.12,702,B
CUST01902,68,Male,Married,Graduate,Salaried,5,95779.0,377.0,3,30288,4376,3152,1,0,42552,0.59,2008,1,0,2,143026,11002.0,0.81,0,1.38,612,C
CUST01903,42,Female,Married,High School,Salaried,29,134682.0,,5,22158,5221,2815,0,2,61605,0.13,640,1,1,3,398440,18973.0,0.81,0,1.69,705,B
CUST01904,22,Male,Married,High School,Unemployed,0,33103.0,2889.0,3,36990,0,2464,1,1,13470,0.44,474,2,0,1,128374,4141.0,,0,1.5,647,C
CUST01905,44,Female,Married,High School,Self-Employed,15,39819.0,3972.0,2,21887,1209,1180,0,3,9838,0.7,550,0,0,2,60181,567.0,0.93,1,0.17,686,C
CUST01906,28,Male,Married,Post-Graduate,Unemployed,0,99407.0,4781.0,3,24347,4946,1124,0,4,32952,0.46,1212,1,1,0,294769,4210.0,0.64,0,0.51,660,C
CUST01907,31,Female,Married,Graduate,Unemployed,0,88756.0,895.0,3,0,2569,2040,0,2,16827,0.18,242,0,0,4,245691,2064.0,0.71,1,0.28,743,B
CUST01908,33,Female,Married,High School,Salaried,17,81547.0,3546.0,1,6498,4578,1273,0,5,30281,0.39,944,1,0,0,305584,2728.0,0.65,0,0.4,682,C
CUST01909,37,Female,Married,Post-Graduate,Salaried,8,67491.0,3927.0,3,30493,3121,3468,0,2,16127,0.23,296,2,0,2,135281,1470.0,0.79,0,0.26,735,B
CUST01910,28,Female,Married,Graduate,Salaried,12,79657.0,4394.0,4,40120,3469,612,0,5,15007,0.15,180,1,0,1,187989,1843.0,0.81,0,0.28,759,B
CUST01911,41,Male,Divorced,Graduate,Salaried,21,15000.0,2665.0,3,28077,4647,2427,0,5,5009,0.08,32,0,0,4,9730,121.0,0.49,0,0.1,740,B
CUST01912,38,Female,Single,Graduate,Self-Employed,8,39008.0,12417.0,3,29125,2959,2325,0,1,5645,0.55,248,0,0,2,41598,1434.0,0.58,0,0.44,641,C
CUST01913,50,Male,Single,Graduate,Salaried,26,,3931.0,2,30091,1734,3172,0,5,26841,0.36,773,0,0,2,181372,1909.0,0.82,2,0.32,716,B
CUST01914,38,Male,Married,Doctorate,Salaried,20,15000.0,3214.0,3,20547,3861,3362,0,2,2622,0.12,25,3,1,3,33604,420.0,0.46,0,0.34,684,C
CUST01915,66,Female,Single,High School,Self-Employed,20,70788.0,1706.0,1,5934,2393,1573,1,2,22749,0.47,855,0,0,0,126185,2575.0,0.83,0,0.44,692,E
CUST01916,67,Female,Single,Graduate,Self-Employed,5,74485.0,7287.0,2,29603,6416,4044,0,5,19142,0.55,842,1,0,4,208715,1799.0,0.69,0,0.29,668,C
CUST01917,51,Female,Divorced,Graduate,Self-Employed,21,52881.0,0.0,5,1431,2766,1235,2,3,17265,0.31,428,2,0,1,51810,,0.62,0,0.39,671,C
CUST01918,58,Male,Single,Graduate,Salaried,27,54641.0,0.0,4,27378,3792,3534,1,2,10839,0.56,485,1,0,3,152825,7641.0,0.91,0,1.68,628,C
CUST01919,52,Female,Divorced,Graduate,Business Owner,6,43629.0,4899.0,4,41297,4386,3214,1,1,9779,0.11,86,1,0,1,32787,1130.0,0.41,0,0.31,694,C
CUST01920,31,Female,Married,Post-Graduate,Self-Employed,5,60473.0,6395.0,5,24322,4814,320,1,5,9441,0.78,589,2,0,0,119670,1841.0,0.75,0,0.37,614,C
CUST01921,65,Male,Married,Doctorate,Salaried,21,85801.0,4733.0,3,27881,4764,1227,1,0,35245,0.29,817,1,0,0,38950,811.0,0.65,0,0.11,721,B
CUST01922,45,Male,Single,Graduate,Business Owner,29,87879.0,11087.0,1,36329,4763,3584,1,1,11252,0.53,477,2,0,4,181808,2424.0,0.53,1,0.33,628,C
CUST01923,53,Male,Single,Graduate,Unemployed,0,105736.0,3440.0,1,17803,2857,2699,1,1,26494,0.01,21,0,0,4,347381,5263.0,0.93,0,0.6,779,B
CUST01924,58,Male,Married,Graduate,Salaried,22,70289.0,4090.0,1,42408,4192,2577,0,0,19655,0.09,141,0,0,1,135993,1743.0,0.78,0,0.3,770,B
CUST01925,61,Female,Single,Graduate,Salaried,18,88714.0,4878.0,1,35355,175,0,0,3,15798,0.21,265,2,0,4,116368,1129.0,0.65,0,0.15,730,B
CUST01926,28,Female,Single,Graduate,Salaried,4,31461.0,5125.0,3,22049,3974,2293,1,4,7988,0.26,166,3,1,4,17360,1240.0,0.88,0,0.47,707,B
CUST01927,31,Female,Single,High School,Salaried,4,,4629.0,5,0,4049,1697,1,5,21709,0.16,277,0,0,3,116603,4858.0,0.43,1,0.72,659,C
CUST01928,42,Female,Single,Graduate,Business Owner,5,68318.0,4478.0,5,18470,4264,1007,0,5,12962,0.31,321,1,0,0,234149,2691.0,0.6,0,0.47,680,C
CUST01929,44,Male,Single,Graduate,Salaried,15,,1081.0,4,18302,4333,3317,1,4,32006,0.11,281,0,1,2,140769,8798.0,0.62,0,1.17,677,C
CUST01930,61,Female,Married,Post-Graduate,Business Owner,6,66534.0,7065.0,5,24866,4353,2553,0,1,7474,0.2,119,0,0,1,49207,,0.96,0,0.1,795,B
CUST01931,37,Male,Single,Post-Graduate,Self-Employed,27,63713.0,7937.0,1,41896,2496,1471,0,3,11406,0.09,82,0,1,1,226429,1918.0,0.71,1,0.36,748,B
CUST01932,32,Female,Single,High School,Self-Employed,21,50302.0,3585.0,3,35303,2634,1583,0,3,17587,0.09,126,0,0,4,186726,3011.0,0.94,0,0.72,754,B
CUST01933,66,Male,Married,High School,Salaried,16,105226.0,4867.0,2,23390,4051,2627,0,3,36935,0.38,1122,3,0,3,401532,13384.0,0.68,0,1.53,622,C
CUST01934,52,Female,Divorced,Doctorate,Salaried,14,56603.0,9665.0,2,16188,359,3055,0,3,11666,0.25,233,0,0,2,117450,1398.0,0.72,0,0.3,731,B
CUST01935,35,Male,Single,Graduate,Salaried,14,130933.0,2740.0,1,0,814,3396,3,1,48866,,1720,1,0,3,294447,4033.0,0.9,1,0.37,699,C
CUST01936,36,Male,Single,Post-Graduate,Salaried,16,35657.0,5616.0,4,31512,2124,3139,1,5,10266,0.32,262,4,0,1,43291,1139.0,0.93,1,0.38,700,B
CUST01937,42,Female,Married,High School,Salaried,27,110136.0,5297.0,2,25472,2390,2463,0,2,34241,0.49,1342,3,2,4,148405,1745.0,0.52,1,0.19,646,C
CUST01938,48,Male,Divorced,Graduate,Business Owner,22,15000.0,9812.0,1,35343,3450,1488,0,5,3495,0.33,92,1,0,0,30914,858.0,0.68,0,0.69,663,C
CUST01939,40,Female,Married,Graduate,Salaried,24,69922.0,10572.0,3,25669,6150,2908,0,4,34521,0.26,718,2,0,3,45242,696.0,0.87,0,0.12,754,B
CUST01940,53,Male,Married,Post-Graduate,Business Owner,4,57361.0,7388.0,2,11601,2331,1315,0,4,22655,0.13,235,0,1,2,220794,3942.0,0.92,2,0.82,726,B
CUST01941,30,Female,Single,High School,Salaried,11,88184.0,15627.0,1,27614,3702,2622,2,5,17581,0.1,140,4,0,1,241640,10506.0,0.75,0,1.43,663,C
CUST01942,60,Male,Married,Graduate,Business Owner,19,99503.0,5085.0,2,25236,570,2306,0,0,19365,0.11,170,2,0,3,18578,928.0,0.94,0,0.11,796,B
CUST01943,52,Male,Single,Graduate,Unemployed,0,133026.0,0.0,3,35184,2341,3458,1,1,54496,0.15,653,3,2,2,137416,3616.0,0.85,0,0.33,747,B
CUST01944,53,Male,Married,Post-Graduate,Salaried,19,59038.0,3466.0,5,16223,4067,3366,2,4,15066,0.19,229,2,2,1,70880,1090.0,0.12,1,0.22,629,C
CUST01945,22,Male,Married,Doctorate,Business Owner,27,52907.0,3646.0,5,11069,2437,3201,0,1,7227,0.09,52,4,0,2,2177,19.0,0.65,0,0.0,745,B
CUST01946,53,Male,Divorced,Doctorate,Self-Employed,8,,9650.0,3,22897,2100,3074,0,5,11591,0.39,361,2,0,3,399485,10796.0,0.53,0,1.28,604,C
CUST01947,53,Male,Single,Doctorate,Business Owner,10,70922.0,4439.0,3,19699,0,2387,1,1,18835,0.45,678,0,0,4,79349,1803.0,0.75,0,0.31,695,C
CUST01948,61,Male,Single,High School,Self-Employed,28,55944.0,8978.0,5,12397,1871,4361,1,5,14874,0.2,237,3,0,3,11553,296.0,0.57,1,0.06,706,B
CUST01949,33,Male,Married,High School,Salaried,5,61636.0,7413.0,3,12171,4707,3208,0,3,23590,0.14,264,0,1,4,216012,7714.0,0.89,0,1.5,714,B
CUST01950,50,Female,Married,High School,Salaried,16,53683.0,5882.0,3,39329,2358,4281,0,0,17710,0.3,425,2,0,3,23726,790.0,0.97,0,0.18,755,B
CUST01951,53,Female,Married,Graduate,Salaried,25,24925.0,6210.0,3,19602,3138,3767,1,1,10170,0.24,195,1,1,2,45442,454.0,0.67,0,0.22,716,B
CUST01952,33,Male,Single,Post-Graduate,Self-Employed,3,121890.0,5852.0,5,37774,1886,1997,1,5,27681,0.13,287,1,0,2,177781,3485.0,0.69,0,0.34,740,C
CUST01953,46,Female,Single,Post-Graduate,Unemployed,0,89651.0,8413.0,5,52794,2558,1830,0,4,31351,0.27,677,2,0,3,27967,527.0,0.46,0,0.07,698,C
CUST01954,42,Female,Married,High School,Self-Employed,10,26679.0,4249.0,2,17730,4798,3090,3,4,12119,0.15,145,2,0,1,3476,56.0,0.64,1,0.03,722,E
CUST01955,59,Male,Single,Graduate,Salaried,24,119990.0,3854.0,5,10497,2337,1068,0,0,15324,0.22,269,1,1,4,129032,1743.0,0.85,0,0.17,768,B
CUST01956,22,Female,Divorced,Doctorate,Business Owner,29,80313.0,6231.0,2,5900,1905,2076,0,1,30790,0.54,1330,2,2,0,115563,2027.0,0.66,0,0.3,657,C
CUST01957,58,Male,Married,Graduate,Business Owner,13,68649.0,5585.0,5,37428,4836,1679,0,3,26522,0.29,615,1,0,1,205008,6029.0,0.72,0,1.05,654,C
CUST01958,59,Male,Married,High School,Salaried,7,90890.0,4374.0,4,19231,2956,2469,1,0,37956,0.43,1305,4,0,2,263319,8777.0,0.66,1,1.16,590,D
CUST01959,46,Male,Married,Graduate,Salaried,12,61938.0,11556.0,2,22819,2550,0,3,1,12859,0.26,267,2,0,2,115036,1691.0,0.92,1,0.33,722,B
CUST01960,66,Female,Married,Graduate,Salaried,23,35532.0,7142.0,3,15997,3268,5067,1,0,9473,0.2,151,0,0,4,29876,426.0,0.38,0,0.14,695,C
CUST01961,35,Female,Single,Graduate,Business Owner,14,58829.0,3323.0,4,19828,4595,3340,1,3,11523,0.34,313,3,1,0,198172,2177.0,0.6,2,0.44,647,C
CUST01962,54,Male,Married,Graduate,Business Owner,27,72805.0,6798.0,5,60701,3197,3742,1,2,16267,0.22,286,3,2,0,189074,5252.0,0.53,0,0.87,631,C
CUST01963,62,Male,Single,High School,Salaried,10,48004.0,2175.0,5,11900,1961,2685,0,2,23397,0.16,299,0,1,4,66979,728.0,0.74,0,0.18,760,A
CUST01964,64,Female,Married,Doctorate,Salaried,9,90259.0,1562.0,4,0,3184,3939,1,2,25115,0.5,1004,0,0,0,314422,3572.0,0.79,0,0.47,680,C
CUST01965,69,Male,Single,Graduate,Business Owner,12,113385.0,7404.0,1,20387,651,3172,2,3,49823,0.3,1195,1,1,3,371037,4417.0,0.7,1,0.47,688,C
CUST01966,60,Male,Married,Graduate,Unemployed,0,64040.0,2423.0,3,13328,1629,3490,0,3,26765,0.46,984,1,1,2,153,1.0,0.94,0,0.0,746,F
CUST01967,31,Female,Single,Doctorate,Business Owner,3,15000.0,5123.0,2,31646,3503,3086,1,0,4167,0.02,6,2,0,0,52135,1241.0,0.73,1,0.99,681,C
CUST01968,23,Female,Single,High School,Self-Employed,13,70015.0,1880.0,4,21302,3045,4129,1,5,34788,0.41,1141,0,0,3,148266,1808.0,0.89,1,0.31,718,B
CUST01969,26,Female,Divorced,High School,Salaried,6,49494.0,4130.0,2,38431,3595,1661,0,4,21594,0.31,535,0,0,3,183011,2231.0,0.89,0,0.54,723,B
CUST01970,29,Female,Single,Post-Graduate,Self-Employed,27,68572.0,3703.0,5,0,3645,4373,0,3,20096,0.51,819,2,0,2,211398,1904.0,0.65,0,0.33,657,C
CUST01971,26,Female,Married,Graduate,Salaried,6,68179.0,4716.0,1,29857,4236,2307,0,3,15264,0.1,122,2,0,4,39899,,0.77,0,0.08,771,B
CUST01972,29,Male,Divorced,Post-Graduate,Business Owner,21,49161.0,11921.0,1,41857,3165,1539,0,2,6396,0.24,122,1,1,0,67086,2236.0,0.8,0,0.55,714,B
CUST01973,59,Male,Single,Graduate,Salaried,19,33983.0,8846.0,2,15338,4519,3025,0,2,9716,0.24,186,3,1,3,42369,487.0,0.62,1,0.17,699,C
CUST01974,51,Male,Married,High School,Business Owner,25,75372.0,4661.0,5,15116,3689,1174,1,5,18391,0.21,308,0,0,3,211923,1909.0,0.3,0,0.3,672,C
CUST01975,52,Female,Single,Graduate,Salaried,7,51962.0,4380.0,1,14585,3773,1917,0,2,19982,0.16,255,2,0,1,111930,2945.0,0.93,0,0.68,729,B
CUST01976,61,Female,Single,High School,Business Owner,4,127313.0,,3,13062,1748,2168,0,4,13733,,505,1,1,1,137750,3061.0,0.86,1,0.29,711,B
CUST01977,32,Male,Married,Post-Graduate,Salaried,22,82390.0,1887.0,5,37726,1925,2237,0,2,35640,0.33,940,1,0,3,250985,2485.0,0.78,0,0.36,716,B
CUST01978,28,Female,Divorced,Graduate,Salaried,5,52991.0,4553.0,4,7302,2212,3666,2,2,14130,0.01,11,1,0,4,138606,2828.0,0.69,1,0.64,716,B
CUST01979,28,Male,Single,Doctorate,Self-Employed,1,60778.0,8998.0,4,30354,5853,3492,0,5,17497,0.33,461,1,0,0,192826,5843.0,0.68,1,1.15,635,C
CUST01980,48,Male,Married,Post-Graduate,Salaried,18,70455.0,0.0,4,0,5054,2128,0,4,12196,0.48,468,1,0,2,210529,2193.0,0.93,0,0.37,709,B
CUST01981,40,Male,Married,High School,Unemployed,0,,8064.0,3,2286,1672,3030,0,2,37019,0.57,1688,0,0,0,191286,2332.0,0.69,0,0.36,666,C
CUST01982,67,Male,Divorced,Post-Graduate,Self-Employed,9,93491.0,8442.0,5,22701,2969,5029,0,0,24247,0.63,1222,1,1,4,62091,,0.63,0,0.16,658,C
CUST01983,27,Female,Single,Graduate,Self-Employed,9,109348.0,0.0,2,4902,1802,1052,1,0,47794,0.16,611,1,1,1,85119,1038.0,0.51,0,0.11,726,B
CUST01984,31,Male,Married,Post-Graduate,Business Owner,21,72869.0,5110.0,2,4264,1844,1294,0,1,14208,0.63,716,1,1,3,229485,5463.0,0.62,1,0.9,583,D
CUST01985,40,Female,Married,Post-Graduate,Business Owner,24,88656.0,3690.0,5,38806,4514,2557,0,0,12293,0.24,236,1,0,4,303602,6325.0,0.83,0,0.86,695,C
CUST01986,36,Female,Married,Graduate,Self-Employed,10,87793.0,4499.0,3,28071,797,5753,0,4,31105,0.34,846,1,0,1,176364,1482.0,0.78,1,0.2,724,B
CUST01987,24,Male,Divorced,Graduate,Unemployed,0,77963.0,5643.0,5,21450,3707,1510,0,2,38495,0.51,1570,2,0,1,307844,3458.0,0.7,0,0.53,648,C
CUST01988,26,Female,Married,Graduate,Salaried,17,68770.0,5953.0,2,30339,2906,1798,0,1,24673,0.35,690,1,0,0,81207,1160.0,0.55,2,0.2,680,C
CUST01989,42,Male,Single,Graduate,Salaried,13,79245.0,887.0,5,0,4495,3171,0,3,27219,0.35,762,2,1,4,231930,5393.0,0.53,1,0.82,620,C
CUST01990,46,Male,Married,High School,Self-Employed,29,,9880.0,4,6516,3289,3637,0,5,15340,0.11,134,2,0,0,148419,1469.0,0.91,1,0.32,762,B
CUST01991,23,Male,Married,Graduate,Salaried,4,40969.0,3573.0,5,24174,5244,2508,2,5,8747,,167,1,1,0,122329,1473.0,0.9,2,0.43,718,B
CUST01992,61,Female,Single,Graduate,Salaried,23,118321.0,12890.0,1,0,3057,2773,0,3,32222,,103,2,1,3,196844,2211.0,0.87,1,0.22,786,B
CUST01993,62,Male,Married,High School,Salaried,27,81468.0,2173.0,5,0,4430,2482,0,0,13000,0.7,728,0,0,4,79616,884.0,0.81,1,0.13,677,C
CUST01994,34,Male,Married,High School,Salaried,18,83196.0,1827.0,2,15525,3327,2716,1,1,17035,0.64,872,1,0,4,134731,1820.0,0.79,1,0.26,660,C
CUST01995,31,Male,Married,Graduate,Business Owner,18,68504.0,5971.0,2,23256,3111,757,0,3,20205,0.4,646,1,0,1,51977,1856.0,0.7,1,0.33,687,C
CUST01996,38,Male,Divorced,Graduate,Self-Employed,22,89945.0,7695.0,2,17119,4823,2709,0,3,14203,0.36,409,2,0,3,40228,591.0,0.9,0,0.08,747,B
CUST01997,32,Female,Single,Post-Graduate,Unemployed,0,69603.0,8820.0,4,6801,3120,2543,0,3,28997,0.37,858,0,0,2,190504,6569.0,,1,1.13,674,C
CUST01998,43,Male,Divorced,Graduate,Business Owner,3,29485.0,2036.0,2,7533,3259,2936,3,0,3084,0.26,64,3,0,2,116267,1571.0,0.69,0,0.64,653,C
CUST01999,32,Male,Married,Graduate,Salaried,7,58962.0,,1,16767,1955,1851,0,0,13480,0.17,183,0,1,4,157288,2665.0,0.94,0,0.54,757,B
CUST02000,33,Male,Married,Graduate,Salaried,26,92928.0,10597.0,5,31622,3056,3100,0,1,28497,0.35,797,1,0,4,49971,494.0,0.71,1,0.06,725,B
CUST02001,45,Male,Married,Post-Graduate,Salaried,15,57192.0,,3,43175,0,3475,0,0,26970,0.11,237,1,2,3,119287,1310.0,0.63,0,0.27,738,B
CUST02002,65,Female,Married,Graduate,Business Owner,9,20018.0,7670.0,2,21438,2346,5529,0,0,6593,0.26,137,1,0,1,48373,987.0,0.6,0,0.59,673,C
CUST02003,39,Male,Married,Doctorate,Salaried,27,66198.0,0.0,5,0,3498,1938,2,4,14428,0.11,126,1,2,2,194793,1723.0,0.35,1,0.31,678,C
CUST02004,66,Female,Married,Doctorate,Salaried,29,23079.0,161.0,4,33515,2780,1325,0,0,5559,0.42,186,0,0,0,71582,4473.0,0.71,1,2.0,626,B
CUST02005,56,Male,Married,Post-Graduate,Unemployed,0,65748.0,7898.0,5,30278,2673,2711,1,1,15494,0.5,619,0,1,0,51985,764.0,0.6,1,0.14,673,C
CUST02006,65,Male,Divorced,Doctorate,Self-Employed,27,110561.0,4555.0,2,12011,3853,3123,1,0,19032,0.44,669,0,2,0,144764,1292.0,0.76,2,0.14,709,B
CUST02007,28,Female,Married,Graduate,Salaried,4,36848.0,7268.0,2,17177,5351,2642,0,5,5819,0.34,158,1,1,3,80087,861.0,0.49,0,0.28,672,C
CUST02008,49,Male,Single,Graduate,Salaried,18,94439.0,3116.0,2,41880,2400,2653,1,5,27600,,529,3,0,3,1744,26.0,0.72,1,0.0,732,B
CUST02009,52,Female,Single,Post-Graduate,Business Owner,17,126444.0,31.0,1,44081,4297,1834,1,0,26313,0.37,778,0,0,4,100333,1967.0,0.92,1,0.19,748,B
CUST02010,64,Female,Married,Post-Graduate,Business Owner,22,113190.0,5278.0,5,8354,2971,628,0,4,15477,0.06,74,2,0,1,433304,4049.0,0.38,0,0.43,694,C
CUST02011,38,Male,Single,Post-Graduate,Salaried,21,68171.0,809.0,3,53550,3786,3994,0,5,12720,0.45,457,0,0,0,97421,1082.0,0.96,0,0.19,742,B
CUST02012,26,Male,Married,Post-Graduate,Salaried,6,47543.0,5375.0,1,27259,6014,4436,0,1,14657,0.15,175,0,0,0,141790,1403.0,0.82,0,0.35,758,B
CUST02013,38,Female,Single,Doctorate,Business Owner,7,80246.0,2102.0,3,58079,4395,1618,0,5,16270,0.18,234,1,0,1,151600,1295.0,0.6,0,0.19,731,B
CUST02014,39,Male,Married,Graduate,Business Owner,25,80661.0,6957.0,2,155,4885,1771,0,3,15736,0.37,465,0,0,4,322359,23025.0,0.42,0,2.0,604,C
CUST02015,42,Male,Single,Post-Graduate,Business Owner,10,102648.0,4189.0,3,12369,2393,601,0,4,35748,0.35,1000,1,0,4,370135,4870.0,0.67,1,0.57,674,C
CUST02016,57,Male,Single,Post-Graduate,Self-Employed,10,76535.0,4094.0,3,0,2867,2023,0,0,28759,0.12,276,4,0,4,87747,953.0,0.96,0,0.15,776,D
CUST02017,52,Male,Married,Post-Graduate,Unemployed,0,87080.0,6025.0,1,17315,1382,2910,1,2,17111,0.32,438,0,0,1,279576,3289.0,0.73,0,0.45,705,B
CUST02018,61,Female,Married,Graduate,Salaried,6,,7786.0,1,32664,2089,1726,0,4,13787,0.37,408,0,0,3,105439,4055.0,0.87,0,1.02,667,A
CUST02019,23,Male,Divorced,Post-Graduate,Salaried,6,97190.0,5547.0,5,47837,3303,3402,1,4,39442,0.05,157,1,1,1,118790,2424.0,0.47,0,0.3,722,B
CUST02020,48,Male,Divorced,Doctorate,Self-Employed,29,36718.0,10347.0,3,9478,1958,1372,1,1,13804,0.2,220,3,0,0,75684,5406.0,0.76,0,1.77,653,C
CUST02021,30,Female,Married,Graduate,Self-Employed,19,56174.0,10223.0,1,25508,3349,3254,0,3,7174,0.26,149,0,0,4,74914,1085.0,0.61,0,0.23,719,B
CUST02022,55,Male,Single,Graduate,Business Owner,29,93025.0,2894.0,5,15653,2317,2871,2,3,22700,0.11,199,3,2,4,67264,565.0,0.68,1,0.07,738,B
CUST02023,49,Male,Married,Graduate,Salaried,8,113728.0,1648.0,3,30873,3219,2088,0,3,44275,0.46,1629,2,1,0,212726,7597.0,0.49,0,0.8,605,C
CUST02024,35,Female,Divorced,Doctorate,Business Owner,9,95515.0,1332.0,3,18173,4006,2196,0,4,16407,,196,1,0,2,162337,10146.0,0.7,1,1.27,675,D
CUST02025,53,Male,Married,Graduate,Salaried,1,74028.0,10407.0,2,16081,3889,3353,0,2,13204,0.23,242,3,0,1,93208,1553.0,0.65,0,0.25,708,B
CUST02026,27,Female,Single,Graduate,Self-Employed,16,74305.0,1345.0,1,0,3627,5767,1,1,26160,0.47,983,1,0,0,183953,1751.0,0.68,1,0.28,672,C
CUST02027,32,Female,Divorced,Graduate,Salaried,6,47764.0,3834.0,4,24451,4988,2348,0,2,10197,0.31,252,1,1,2,24517,437.0,0.73,0,0.11,730,B
CUST02028,69,Male,Single,Post-Graduate,Self-Employed,23,63917.0,5033.0,1,42138,216,3693,0,3,14668,0.21,246,0,2,2,248839,,0.49,0,0.79,660,C
CUST02029,50,Male,Married,High School,Self-Employed,27,17525.0,10312.0,2,1152,2954,4456,1,4,5417,0.36,156,1,0,4,14867,209.0,0.48,2,0.14,662,C
CUST02030,41,Male,Divorced,Graduate,Salaried,8,124769.0,1068.0,5,33857,4166,1709,0,3,49936,0.06,239,2,0,1,305765,3218.0,0.75,0,0.31,762,B
CUST02031,51,Male,Single,Doctorate,Salaried,15,141486.0,8261.0,1,21375,0,1437,1,2,42348,0.2,677,0,0,2,227393,2471.0,0.46,0,0.21,714,A
CUST02032,44,Female,Divorced,Post-Graduate,Self-Employed,12,16715.0,5042.0,3,0,5592,2512,0,3,7644,0.15,91,3,0,3,655,31.0,0.61,1,0.02,725,B
CUST02033,40,Female,Single,High School,Business Owner,10,31974.0,4616.0,4,14982,2548,2712,0,0,4561,0.17,62,4,1,4,27184,1699.0,0.62,1,0.64,661,C
CUST02034,57,Male,Divorced,Doctorate,Salaried,16,115871.0,4920.0,5,16005,1985,3106,0,1,46540,0.09,335,4,0,1,255460,3153.0,0.35,1,0.33,674,C
CUST02035,24,Female,Single,Post-Graduate,Salaried,15,51458.0,2888.0,1,26687,4151,1543,0,2,16335,0.1,130,2,1,0,71858,704.0,0.66,0,0.16,746,B
CUST02036,48,Female,Divorced,High School,Salaried,11,116553.0,3753.0,5,28365,1839,3394,0,0,49730,0.13,517,2,0,4,389917,7498.0,0.89,1,0.77,723,B
CUST02037,64,Female,Single,High School,Unemployed,0,97617.0,2827.0,3,22094,5024,1160,1,3,22116,0.08,141,1,1,4,262771,7728.0,0.59,2,0.95,666,C
CUST02038,40,Male,Married,High School,Salaried,7,65373.0,1065.0,4,30457,3030,2478,0,1,19143,0.62,949,2,0,1,40959,386.0,0.48,1,0.07,630,C
CUST02039,44,Male,Married,Post-Graduate,Salaried,8,,1468.0,3,6491,5127,2878,0,1,44378,0.44,1562,2,0,3,386588,13806.0,0.77,1,1.6,627,F
CUST02040,69,Male,Married,High School,Business Owner,11,73901.0,8548.0,4,17286,4847,853,1,1,31977,0.26,665,1,0,2,71358,1230.0,0.87,2,0.2,740,B
CUST02041,52,Female,Single,Graduate,Self-Employed,9,73378.0,3949.0,5,17809,3183,3013,1,4,18373,0.1,146,1,0,1,17825,1048.0,0.24,1,0.17,682,A
CUST02042,61,Male,Married,Post-Graduate,Salaried,26,90858.0,7013.0,1,37551,1979,2229,1,1,38967,0.28,872,0,0,1,176658,1563.0,0.8,1,0.21,740,B
CUST02043,56,Female,Single,Graduate,Unemployed,0,98762.0,4467.0,4,0,5607,1954,0,0,36834,0.04,117,2,0,0,172961,1517.0,0.82,2,0.18,774,B
CUST02044,54,Male,Married,Post-Graduate,Self-Employed,15,105070.0,4415.0,3,29038,725,2867,0,2,27714,0.1,221,1,0,0,206379,17198.0,0.87,0,1.96,716,B
CUST02045,56,Male,Single,Post-Graduate,Self-Employed,15,145652.0,4772.0,4,42568,2491,746,1,0,71061,0.32,1819,1,0,4,42103,353.0,0.74,0,0.03,744,B
CUST02046,22,Male,Divorced,High School,Salaried,16,85938.0,7191.0,5,21912,4301,2981,2,3,9655,0.2,154,2,0,1,102025,,0.64,0,0.3,706,B
CUST02047,35,Female,Single,Post-Graduate,Business Owner,3,113786.0,2941.0,5,69783,800,1057,2,4,28795,0.25,575,1,0,2,419555,18241.0,0.62,0,1.92,642,C
CUST02048,54,Male,Single,Graduate,Salaried,16,112951.0,4537.0,5,12706,1168,2924,0,4,25163,0.37,744,0,0,4,359523,22470.0,0.73,1,2.0,650,C
CUST02049,56,Female,Single,Graduate,Salaried,15,95550.0,7712.0,1,17940,2726,2629,1,3,45319,0.45,1631,1,0,2,56468,723.0,0.56,0,0.09,682,C
CUST02050,26,Male,Married,Graduate,Salaried,25,59174.0,8251.0,5,11673,3415,4303,2,2,8271,0.39,258,2,0,4,68205,598.0,0.75,0,0.12,701,B
CUST02051,59,Male,Single,High School,Business Owner,1,107907.0,9455.0,1,16673,169,4305,0,4,37897,0.36,1091,0,2,0,322467,23033.0,0.86,0,2.0,675,C
CUST02052,62,Male,Married,Doctorate,Self-Employed,14,88375.0,2112.0,2,29389,4698,3424,2,3,34170,0.18,492,0,0,1,303282,20218.0,0.56,3,2.0,635,C
CUST02053,32,Male,Divorced,Graduate,Self-Employed,24,,3080.0,4,14514,2772,2412,1,3,6310,0.11,55,0,0,2,20393,1274.0,0.77,1,0.42,740,B
CUST02054,23,Male,Married,High School,Salaried,22,105410.0,4404.0,3,7670,4061,2485,0,3,16863,0.12,161,1,0,2,251555,2150.0,0.89,0,0.24,783,B
CUST02055,65,Male,Married,Doctorate,Self-Employed,11,26214.0,1054.0,1,0,1880,1128,0,3,3122,0.27,67,0,0,0,46034,1353.0,0.66,1,0.62,680,C
CUST02056,38,Male,Single,Graduate,Business Owner,3,94427.0,7617.0,1,17670,2425,343,1,1,15443,0.03,37,0,0,0,183485,3903.0,0.87,0,0.5,774,B
CUST02057,60,Male,Married,Post-Graduate,Salaried,9,58436.0,5865.0,3,19706,3453,3793,0,2,24735,0.59,1167,3,1,0,185344,1611.0,0.77,0,0.33,652,C
CUST02058,41,Female,Single,Graduate,Business Owner,6,79897.0,4535.0,4,15448,3235,1980,0,5,38157,0.14,427,3,0,3,189580,9479.0,0.76,0,1.42,674,C
CUST02059,35,Female,Married,Post-Graduate,Salaried,23,33176.0,8089.0,5,53360,4010,1438,1,3,15279,0.25,305,0,0,1,73933,621.0,0.84,0,0.22,748,B
CUST02060,53,Male,Single,High School,Business Owner,16,53282.0,2734.0,4,29738,4084,372,1,1,13113,0.05,52,0,0,2,81026,890.0,0.93,1,0.2,797,B
CUST02061,55,Female,Married,Graduate,Salaried,11,59295.0,8386.0,1,11946,1262,2657,0,1,23145,0.32,592,4,0,1,76586,722.0,0.42,0,0.15,657,C
CUST02062,46,Female,Married,Graduate,Self-Employed,18,70431.0,10225.0,5,30670,3284,2180,2,0,30342,0.24,582,0,3,2,205491,6628.0,0.95,0,1.13,696,C
CUST02063,28,Male,Divorced,High School,Unemployed,0,57157.0,5923.0,2,32333,2750,1679,0,5,24291,0.54,1049,0,0,1,209180,4864.0,0.65,0,1.02,605,C
CUST02064,56,Female,Single,Post-Graduate,Unemployed,0,85435.0,4978.0,3,19924,3593,1619,1,3,10685,0.76,649,0,0,4,8713,217.0,0.71,0,0.03,660,C
CUST02065,68,Female,Married,Graduate,Salaried,3,89309.0,5505.0,4,13832,2520,2813,0,1,16605,0.25,332,2,0,0,170090,1453.0,0.59,0,0.2,709,B
CUST02066,50,Male,Single,Graduate,Salaried,27,61604.0,832.0,5,5350,3078,2556,1,5,29297,0.35,820,0,0,4,139705,2367.0,0.43,1,0.46,645,C
CUST02067,43,Male,Married,High School,Salaried,19,76171.0,4410.0,3,40588,5921,432,0,0,30160,0.62,1495,3,0,4,86434,1016.0,0.84,2,0.16,665,C
CUST02068,62,Female,Divorced,Post-Graduate,Business Owner,24,90946.0,11174.0,4,17586,1229,1425,1,0,39447,0.39,1230,0,0,1,32064,668.0,0.79,0,0.09,734,B
CUST02069,64,Male,Married,Post-Graduate,Self-Employed,23,15000.0,,1,17143,2325,3530,0,3,4584,0.28,102,1,0,4,10104,100.0,0.48,0,0.08,696,C
CUST02070,34,Male,Married,Graduate,Salaried,15,88264.0,,1,36712,0,1584,0,4,22703,0.22,399,2,1,1,249659,3082.0,0.56,1,0.42,685,C
CUST02071,34,Male,Divorced,Graduate,Salaried,10,55748.0,3365.0,1,20501,2192,3594,1,1,20096,0.47,755,0,1,2,48746,573.0,0.6,0,0.12,684,C
CUST02072,22,Male,Married,Graduate,Unemployed,0,15000.0,8086.0,2,56904,1340,2495,0,4,4337,0.21,72,0,0,4,23853,822.0,0.59,0,0.66,681,C
CUST02073,57,Female,Married,Graduate,Self-Employed,17,63245.0,,1,12111,5921,1909,0,0,15779,0.38,479,2,0,3,4000,53.0,0.46,1,0.01,675,C
CUST02074,25,Female,Married,High School,Salaried,4,44766.0,7839.0,1,14435,2509,2006,0,4,10705,0.24,205,0,0,0,30473,423.0,0.64,0,0.11,736,B
CUST02075,58,Female,Married,Graduate,Salaried,8,60922.0,2770.0,1,9462,2393,3186,0,4,9940,0.26,206,2,0,4,198935,7651.0,0.73,1,1.51,648,C
CUST02076,65,Male,Single,Graduate,Salaried,26,89011.0,5917.0,5,7544,3971,1363,1,3,27750,0.07,155,0,1,4,187452,5857.0,0.83,1,0.79,729,C
CUST02077,61,Male,Married,Doctorate,Self-Employed,2,100514.0,3916.0,3,26085,1392,882,0,0,30952,0.23,569,1,0,2,39340,666.0,0.91,1,0.08,775,B
CUST02078,67,Male,Married,Graduate,Unemployed,0,113688.0,4983.0,2,30630,4153,1620,0,2,38234,0.27,825,1,0,1,37683,1638.0,0.88,0,0.17,762,B
CUST02079,34,Male,Single,Post-Graduate,Business Owner,8,115521.0,3287.0,4,14274,4102,980,2,1,16922,0.26,351,2,0,1,425498,17019.0,0.87,0,1.77,671,C
CUST02080,59,Male,Married,Graduate,Salaried,25,43903.0,,2,20625,5352,1207,0,3,20457,0.11,180,0,0,1,65257,1450.0,0.7,0,0.4,742,B
CUST02081,45,Female,Married,Doctorate,Business Owner,7,111299.0,5908.0,3,23168,3821,1188,0,3,44165,0.52,1837,1,1,1,341334,10343.0,0.84,1,1.12,631,C
CUST02082,40,Female,Single,Graduate,Salaried,28,38300.0,7087.0,1,39401,240,2656,1,2,5836,0.2,93,1,1,0,66899,1858.0,,2,0.58,642,C
CUST02083,22,Male,Married,Graduate,Salaried,9,106740.0,4518.0,1,10918,4708,131,2,3,14061,0.4,449,0,0,2,52901,1202.0,0.75,0,0.14,719,B
CUST02084,59,Female,Divorced,Post-Graduate,Unemployed,0,92131.0,9350.0,4,22662,7766,2609,0,0,32906,0.19,500,1,0,0,193574,4118.0,0.86,0,0.54,738,B
CUST02085,26,Male,Divorced,High School,Salaried,27,80120.0,1139.0,2,26482,2956,2346,1,3,18956,0.27,409,3,1,1,31836,418.0,0.85,0,0.06,744,B
CUST02086,37,Male,Divorced,High School,Salaried,17,48411.0,511.0,2,26146,3001,3347,1,3,11019,0.2,176,2,0,1,167133,2063.0,0.95,0,0.51,734,F
CUST02087,45,Female,Divorced,High School,Unemployed,0,110926.0,3219.0,4,21124,2267,2857,0,2,48363,0.25,967,1,0,1,21854,346.0,0.78,0,0.04,762,B
CUST02088,48,Male,Single,Post-Graduate,Salaried,27,44771.0,5032.0,2,35344,547,2812,0,1,10658,0.06,51,2,0,2,125367,4044.0,0.77,0,1.08,693,C
CUST02089,22,Female,Married,High School,Business Owner,12,74322.0,9871.0,2,9580,3550,1286,0,5,26226,0.27,566,1,1,0,290592,3587.0,0.72,1,0.58,692,C
CUST02090,55,Female,Married,Post-Graduate,Unemployed,0,77038.0,4442.0,2,17414,2176,1985,0,1,24253,0.32,620,0,0,2,272951,2675.0,0.87,1,0.42,727,B
CUST02091,57,Male,Married,Graduate,Self-Employed,17,24065.0,2161.0,4,11140,3500,657,2,4,4937,0.16,63,2,0,1,87245,3965.0,0.65,1,1.98,639,C
CUST02092,25,Female,Married,High School,Salaried,7,79469.0,3073.0,4,10117,3546,3892,0,0,18488,0.35,517,1,0,0,81241,820.0,0.85,1,0.12,739,B
CUST02093,21,Male,Married,Graduate,Salaried,24,42138.0,5242.0,3,21748,5848,4104,1,2,20111,0.14,225,1,3,0,78813,679.0,0.73,1,0.19,743,B
CUST02094,60,Male,Married,High School,Salaried,3,118224.0,1770.0,2,34893,2397,3033,0,1,27492,0.44,967,2,0,1,109460,3530.0,0.62,0,0.36,669,C
CUST02095,32,Male,Divorced,Graduate,Salaried,1,156115.0,10789.0,3,8263,1136,1020,0,2,64569,0.18,929,4,1,2,429940,4387.0,0.57,0,0.34,699,C
CUST02096,56,Male,Married,Post-Graduate,Business Owner,19,52985.0,0.0,5,33798,3426,3250,1,5,23552,0.22,414,1,0,0,138926,1736.0,0.72,0,0.39,715,B
CUST02097,65,Female,Married,Graduate,Salaried,2,63210.0,2710.0,5,15017,2852,1924,1,4,8117,0.1,64,1,0,1,74941,706.0,0.79,2,0.13,762,B
CUST02098,43,Male,Divorced,High School,Salaried,6,79990.0,3315.0,2,5636,5807,482,0,1,29215,0.04,93,3,0,0,131066,1680.0,0.85,0,0.25,773,B
CUST02099,67,Female,Married,Post-Graduate,Self-Employed,11,15000.0,2075.0,1,10063,4248,2036,0,2,5995,0.21,100,1,0,1,22824,543.0,0.93,1,0.43,740,B
CUST02100,51,Female,Single,Post-Graduate,Self-Employed,23,124303.0,7018.0,5,34364,2801,3713,0,5,34010,0.11,299,2,0,2,346833,4686.0,0.81,0,0.45,749,B
CUST02101,31,Male,Married,Post-Graduate,Business Owner,25,65438.0,3030.0,1,4426,4531,2224,0,0,21445,0.39,669,0,0,3,4911,72.0,0.9,1,0.01,755,B
CUST02102,30,Female,Married,Post-Graduate,Salaried,21,63006.0,,3,50091,4672,2614,0,0,10378,0.31,257,2,1,3,233195,2242.0,0.65,0,0.43,683,C
CUST02103,23,Male,Married,Graduate,Business Owner,4,95690.0,9738.0,2,22085,1588,1042,2,4,21759,0.26,452,2,0,1,54028,857.0,0.62,1,0.11,706,B
CUST02104,34,Male,Married,Post-Graduate,Self-Employed,1,77549.0,8711.0,3,0,3675,2193,2,1,29706,0.21,499,0,1,2,97750,2172.0,0.79,0,0.34,737,B
CUST02105,36,Male,Married,Graduate,Salaried,11,79934.0,5479.0,3,4446,6329,2161,0,1,27259,0.48,1046,2,0,2,15024,141.0,0.65,0,0.02,692,C
CUST02106,30,Male,Single,High School,Salaried,16,100307.0,5005.0,4,32356,770,1254,0,0,15502,0.54,669,2,1,3,176206,2002.0,0.79,3,0.24,670,C
CUST02107,49,Male,Divorced,Post-Graduate,Salaried,6,71248.0,7651.0,2,0,1872,2701,0,5,35283,0.32,903,1,0,0,210172,3821.0,0.82,0,0.64,697,C
CUST02108,30,Female,Divorced,Doctorate,Self-Employed,11,41296.0,4141.0,4,29920,2695,2157,1,4,19620,,423,2,0,2,129568,3810.0,0.5,0,1.11,609,C
CUST02109,32,Male,Single,Post-Graduate,Salaried,8,111720.0,3537.0,3,2450,3774,3136,0,3,21187,0.15,254,1,0,3,161681,1880.0,0.67,0,0.2,749,B
CUST02110,50,Male,Single,Graduate,Unemployed,0,57435.0,2028.0,1,25498,3489,1854,0,0,25848,0.12,248,0,0,0,87750,2437.0,0.94,0,0.51,768,B
CUST02111,61,Female,Divorced,Graduate,Self-Employed,1,59077.0,5925.0,2,39757,3312,2654,0,0,12221,0.24,234,3,0,2,80268,764.0,0.76,0,0.16,729,B
CUST02112,21,Female,Divorced,Graduate,Unemployed,0,81922.0,1832.0,2,25681,2701,1596,0,2,26665,0.21,447,3,1,4,72011,782.0,0.7,0,0.11,733,B
CUST02113,25,Female,Divorced,Post-Graduate,Salaried,21,35815.0,2877.0,5,32782,3469,565,0,4,14785,0.04,47,0,0,0,102365,1066.0,0.79,1,0.36,766,D
CUST02114,40,Male,Divorced,High School,Salaried,26,82177.0,,1,30901,5123,3763,0,3,19527,0.08,124,1,0,3,293725,3814.0,0.93,1,0.56,760,B
CUST02115,28,Female,Married,Post-Graduate,Salaried,21,103426.0,7021.0,1,2887,5564,1913,0,5,33309,0.5,1332,0,3,2,168220,1848.0,0.71,0,0.21,698,C
CUST02116,63,Female,Married,Graduate,Salaried,2,122397.0,6210.0,3,1844,4626,1382,0,4,34288,0.09,246,4,0,3,352699,10687.0,0.86,0,1.05,696,C
CUST02117,32,Female,Married,Post-Graduate,Business Owner,6,97204.0,2838.0,3,0,4821,3105,0,4,39278,0.49,1539,0,0,3,190144,2066.0,0.81,0,0.26,710,C
CUST02118,21,Female,Single,Doctorate,Salaried,26,107190.0,7314.0,3,24641,3130,2494,0,0,31242,0.2,499,5,1,4,54995,1057.0,0.72,0,0.12,725,B
CUST02119,40,Male,Married,Graduate,Salaried,9,55814.0,1949.0,5,18497,6925,892,0,0,18238,0.35,510,0,0,4,114262,1038.0,0.43,1,0.22,671,C
CUST02120,48,Male,Married,Graduate,Salaried,14,99761.0,424.0,1,5039,839,2225,0,0,43717,0.23,804,1,0,2,106587,,0.62,1,0.17,724,B
CUST02121,63,Male,Married,Post-Graduate,Salaried,22,69266.0,3342.0,4,25010,3381,487,0,2,26283,0.06,126,4,1,0,185416,1854.0,0.65,0,0.32,724,B
CUST02122,57,Male,Married,Graduate,Business Owner,8,109783.0,1460.0,1,44099,4135,1677,0,3,34142,0.5,1365,0,0,3,197256,5331.0,,0,0.58,679,C
CUST02123,67,Female,Married,Post-Graduate,Self-Employed,26,78076.0,6395.0,4,30352,3111,4104,0,5,22213,0.23,408,2,0,4,211486,1777.0,0.73,0,0.27,726,B
CUST02124,57,Male,Single,Graduate,Self-Employed,3,107326.0,6097.0,2,40586,4671,1209,1,5,16174,0.58,750,2,0,3,206605,2909.0,,1,0.33,662,C
CUST02125,32,Female,Single,High School,Salaried,10,79838.0,5684.0,4,14208,2765,1626,1,3,9783,0.1,78,2,1,3,243097,5788.0,0.82,0,0.87,704,B
CUST02126,57,Female,Single,Post-Graduate,Unemployed,0,51977.0,6750.0,2,22626,4935,2727,1,4,25006,0.44,880,0,1,4,207335,4712.0,0.51,1,1.09,591,D
CUST02127,69,Male,Single,High School,Self-Employed,20,76187.0,6620.0,3,24791,3189,1196,0,5,13303,0.24,255,0,0,1,262162,2818.0,0.83,0,0.44,739,B
CUST02128,69,Male,Divorced,Doctorate,Salaried,28,65077.0,2969.0,1,32692,2429,1620,1,5,13714,0.13,142,4,0,4,184090,1859.0,0.75,0,0.34,719,B
CUST02129,64,Female,Single,Graduate,Salaried,9,113916.0,,3,0,2241,3725,0,5,39230,0.52,1631,0,0,4,111798,4471.0,0.8,1,0.47,681,C
CUST02130,48,Female,Single,Post-Graduate,Unemployed,0,34317.0,5941.0,1,42552,3434,1374,0,0,14796,0.11,130,2,0,3,78201,2234.0,0.89,0,0.78,720,B
CUST02131,67,Male,Married,Graduate,Self-Employed,19,24681.0,3151.0,4,23522,2113,2183,1,5,10693,0.32,273,4,0,0,62532,1158.0,0.45,1,0.56,610,C
CUST02132,35,Male,Married,Graduate,Self-Employed,28,83765.0,3926.0,1,39591,0,1631,1,4,36174,0.01,28,0,1,3,245414,2134.0,0.91,0,0.31,800,A
CUST02133,26,Male,Single,Graduate,Salaried,13,65300.0,7557.0,4,35829,184,1870,2,0,32077,0.37,949,2,1,3,50582,766.0,0.91,0,0.14,728,B
CUST02134,64,Female,Married,Post-Graduate,Salaried,1,40629.0,1053.0,1,0,2263,2655,1,4,4968,0.54,214,1,0,4,84005,1050.0,0.9,3,0.31,675,C
CUST02135,40,Male,Married,Graduate,Self-Employed,17,73944.0,6000.0,2,25004,2486,2497,0,4,19220,0.25,384,1,0,3,136782,2011.0,0.81,0,0.33,736,B
CUST02136,34,Female,Single,Post-Graduate,Self-Employed,4,82987.0,4675.0,4,27371,4883,1769,0,2,38625,0.43,1328,1,0,3,87205,863.0,0.59,0,0.12,691,C
CUST02137,22,Male,Single,Graduate,Self-Employed,4,111856.0,4915.0,3,16744,3530,2348,1,5,32095,0.19,487,1,1,0,241148,3131.0,0.53,0,0.34,704,B
CUST02138,29,Male,Divorced,Post-Graduate,Self-Employed,27,19417.0,4148.0,3,20140,3204,3600,2,2,8708,0.08,55,0,0,1,70604,3069.0,0.75,1,1.9,683,C
CUST02139,57,Male,Married,Post-Graduate,Salaried,16,80563.0,6263.0,3,6807,1897,2377,1,5,8625,0.42,289,1,0,1,247830,3644.0,0.78,0,0.54,678,C
CUST02140,40,Male,Married,High School,Business Owner,28,124237.0,269.0,3,17679,7287,2476,2,4,37488,0.62,1859,1,1,1,277238,2520.0,0.52,0,0.24,630,C
CUST02141,46,Male,Single,Graduate,Unemployed,0,122819.0,5756.0,2,15048,3026,1613,0,0,57599,0.32,1474,0,0,1,358487,6638.0,0.59,1,0.65,670,C
CUST02142,49,Male,Married,Graduate,Business Owner,15,77771.0,1854.0,2,12252,4415,3113,1,4,15905,0.1,127,1,0,3,245409,3408.0,0.6,1,0.53,704,B
CUST02143,21,Male,Married,Graduate,Salaried,26,57272.0,8094.0,5,14507,3039,1286,0,0,27024,0.38,821,2,0,2,165620,1505.0,0.82,2,0.32,696,C
CUST02144,55,Male,Single,Graduate,Salaried,6,66914.0,1121.0,5,0,3883,4089,1,1,6918,0.31,171,0,1,2,230354,5758.0,0.71,0,1.03,652,C
CUST02145,26,Male,Married,Post-Graduate,Business Owner,5,45455.0,0.0,5,12218,867,2359,1,3,5980,0.63,301,2,2,3,141271,2173.0,0.97,0,0.57,654,C
CUST02146,57,Female,Married,Graduate,Self-Employed,22,61757.0,0.0,5,6353,3588,2128,0,4,17954,0.36,517,1,1,3,204478,1911.0,0.62,0,0.37,683,C
CUST02147,25,Male,Single,Post-Graduate,Self-Employed,10,77348.0,4830.0,1,7507,3150,3915,0,1,11026,0.23,202,1,0,1,160612,3917.0,0.63,1,0.61,683,C
CUST02148,53,Male,Married,Doctorate,Unemployed,0,89117.0,341.0,4,0,3174,3341,1,4,16953,0.26,352,1,2,3,179315,1970.0,0.83,1,0.27,735,B
CUST02149,69,Female,Married,Graduate,Self-Employed,7,100602.0,1080.0,3,16515,4643,4177,1,2,22032,0.11,193,1,0,4,144133,2941.0,0.63,0,0.35,731,B
CUST02150,34,Female,Single,Graduate,Self-Employed,10,71682.0,2906.0,1,6695,622,3577,0,3,20974,0.43,721,1,0,0,141427,1836.0,0.81,0,0.31,705,B
CUST02151,32,Male,Married,High School,Salaried,10,69463.0,6586.0,2,6488,2295,1772,1,4,17796,0.36,512,2,0,0,193700,3228.0,0.84,0,0.56,687,C
CUST02152,62,Female,Single,Post-Graduate,Salaried,25,101293.0,2697.0,3,21821,0,1897,2,5,47492,0.1,379,1,0,4,126033,1969.0,0.83,0,0.23,768,B
CUST02153,40,Female,Married,Graduate,Salaried,15,64706.0,4370.0,4,44411,2605,2775,1,2,29402,0.48,1129,0,0,0,57774,621.0,0.76,0,0.12,707,B
CUST02154,44,Female,Single,Graduate,Unemployed,0,95961.0,4321.0,4,21981,4647,2102,1,2,38310,0.27,827,2,0,2,338181,4025.0,,0,0.5,713,B
CUST02155,63,Male,Single,Doctorate,Salaried,24,25443.0,663.0,2,36079,4484,3651,2,1,9254,0.27,199,1,0,1,2779,36.0,0.7,0,0.02,728,B
CUST02156,54,Female,Married,Graduate,Salaried,2,89012.0,6220.0,3,18553,2670,1367,1,5,16176,0.15,194,3,0,2,332797,3430.0,0.95,0,0.46,745,B
CUST02157,45,Male,Married,Post-Graduate,Business Owner,8,138396.0,11754.0,5,57141,3312,2334,0,2,47155,0.06,226,2,1,2,470829,4904.0,0.57,0,0.43,726,B
CUST02158,49,Female,Divorced,Graduate,Self-Employed,25,47205.0,0.0,3,3171,2452,2049,2,5,7497,,329,2,0,4,124374,4288.0,0.7,0,1.09,584,D
CUST02159,59,Female,Married,High School,Self-Employed,20,117993.0,,3,0,3067,2024,2,1,33166,0.14,371,3,0,4,358557,9435.0,0.86,0,0.96,687,C
CUST02160,51,Male,Single,Post-Graduate,Salaried,15,95818.0,1182.0,4,33425,4667,2464,0,0,27270,0.27,589,0,0,1,229868,,0.69,0,0.24,733,B
CUST02161,67,Female,Married,High School,Business Owner,21,101238.0,4405.0,2,31023,5571,2000,2,0,38053,0.34,1035,1,0,4,232021,8286.0,0.81,0,0.98,655,C
CUST02162,63,Male,Married,Post-Graduate,Salaried,21,95086.0,646.0,3,0,4078,2018,0,0,41272,0.28,924,1,1,0,246772,11751.0,0.85,2,1.48,669,C
CUST02163,43,Female,Single,High School,Salaried,18,55942.0,8758.0,1,17769,2900,1168,0,0,12766,0.42,428,1,0,0,1197,18.0,0.47,1,0.0,677,C
CUST02164,64,Male,Married,Post-Graduate,Salaried,5,35895.0,9241.0,1,46931,5629,2432,1,4,4180,0.25,83,2,1,0,119815,1130.0,0.75,3,0.38,690,C
CUST02165,58,Male,Married,High School,Salaried,25,89234.0,7076.0,2,33388,3879,1639,0,5,10599,0.08,67,2,0,0,291350,2884.0,0.71,0,0.39,741,B
CUST02166,40,Male,Divorced,Graduate,Salaried,4,71316.0,7807.0,5,0,2599,1607,1,1,32087,0.37,949,1,1,4,138739,1756.0,0.93,0,0.3,730,B
CUST02167,43,Female,Divorced,Graduate,Self-Employed,10,33236.0,5346.0,3,0,2797,2362,0,0,9789,0.48,375,0,0,2,31499,346.0,0.81,0,0.12,716,B
CUST02168,65,Male,Single,Graduate,Salaried,19,61382.0,8239.0,3,44270,2362,2806,0,2,12227,0.57,557,2,0,0,82080,3730.0,0.93,0,0.73,651,C
CUST02169,36,Male,Married,Graduate,Self-Employed,14,43380.0,4089.0,4,7264,4112,4557,0,5,4898,0.09,35,3,0,1,74112,1043.0,0.72,0,0.29,736,B
CUST02170,62,Male,Married,Graduate,Salaried,23,132534.0,3390.0,3,34523,3473,1716,0,1,41285,0.6,1981,0,0,3,84297,1109.0,0.85,0,0.1,715,B
CUST02171,28,Female,Married,Graduate,Salaried,24,100254.0,6992.0,5,30662,3324,3358,1,5,15523,0.36,447,2,1,2,243840,2216.0,0.78,0,0.27,708,B
CUST02172,41,Male,Married,Graduate,Self-Employed,13,45662.0,3843.0,3,19634,2131,2167,1,5,12183,0.57,555,2,0,0,27730,308.0,0.73,0,0.08,673,C
CUST02173,21,Male,Divorced,Graduate,Unemployed,0,90044.0,11414.0,3,8761,5968,4271,0,5,27592,0.27,595,4,0,4,246104,5723.0,0.69,0,0.76,655,C
CUST02174,28,Male,Married,Graduate,Business Owner,10,40245.0,8162.0,4,42353,2794,4845,1,4,7714,0.36,222,0,0,2,90768,1067.0,0.73,1,0.32,699,C
CUST02175,49,Male,Divorced,Graduate,Unemployed,0,20460.0,3327.0,1,0,4731,1325,1,0,3673,0.49,143,2,2,0,68403,844.0,0.59,0,0.49,626,C
CUST02176,52,Male,Married,Doctorate,Self-Employed,6,54047.0,4494.0,1,36441,1498,2664,0,1,5832,0.57,265,0,0,4,86064,878.0,0.53,1,0.19,649,C
CUST02177,58,Male,Divorced,Graduate,Self-Employed,13,70480.0,4577.0,5,15128,3806,2914,0,3,23555,0.78,1469,1,0,1,255378,6902.0,0.86,0,1.18,587,D
CUST02178,25,Female,Married,High School,Self-Employed,21,86478.0,2747.0,2,8566,2063,4168,1,0,15581,0.43,535,0,0,1,225865,14116.0,0.74,0,1.96,637,C
CUST02179,67,Male,Married,Graduate,Self-Employed,11,101096.0,7665.0,2,18179,3818,1383,0,1,45623,0.36,1313,0,0,3,326,9.0,0.81,0,0.0,757,B
CUST02180,42,Male,Single,Post-Graduate,Salaried,22,64263.0,2381.0,4,36912,1795,3713,1,0,21946,0.33,579,2,1,3,112422,1277.0,0.84,0,0.24,721,F
CUST02181,67,Male,Married,High School,Self-Employed,25,95211.0,4719.0,3,1283,1233,2548,1,3,30711,0.37,909,1,0,3,368268,4137.0,0.96,0,0.52,718,B
CUST02182,54,Female,Single,Post-Graduate,Salaried,15,27073.0,2688.0,4,24972,1564,289,1,2,8172,0.15,98,0,0,0,104030,1106.0,0.76,0,0.49,729,B
CUST02183,21,Female,Married,Graduate,Salaried,2,118984.0,3358.0,1,28973,638,2401,0,2,22145,0.24,425,0,0,1,272032,20925.0,0.68,0,2.0,671,C
CUST02184,46,Female,Married,High School,Self-Employed,26,28119.0,7306.0,5,16994,1918,3311,0,3,13715,0.4,438,0,0,0,74468,1306.0,0.73,1,0.56,673,C
CUST02185,63,Male,Married,Post-Graduate,Salaried,27,60184.0,7034.0,2,3420,4211,4137,1,1,29298,0.44,1031,2,0,0,56985,1540.0,0.65,1,0.31,660,C
CUST02186,30,Male,Divorced,Graduate,Salaried,15,,3950.0,3,7653,1863,2693,1,4,12309,0.15,147,2,0,1,69231,586.0,0.61,0,0.13,727,B
CUST02187,50,Male,Divorced,Graduate,Salaried,19,31882.0,8411.0,2,46714,2033,2419,0,0,13087,0.38,397,1,1,1,50436,1200.0,0.97,0,0.45,721,B
CUST02188,38,Male,Single,Post-Graduate,Unemployed,0,84933.0,6718.0,1,34153,3493,342,0,4,12544,0.19,190,2,0,3,140510,3345.0,0.65,1,0.47,699,C
CUST02189,37,Male,Married,Graduate,Salaried,20,,5351.0,3,28986,138,2901,0,0,52026,0.24,998,0,0,2,356879,11512.0,0.65,2,1.09,658,C
CUST02190,46,Female,Married,Post-Graduate,Salaried,18,20581.0,7724.0,1,51945,4018,1726,0,4,4415,0.17,60,1,0,4,6263,164.0,0.82,1,0.1,761,B
CUST02191,28,Female,Married,Graduate,Business Owner,6,15000.0,9256.0,2,8169,2897,2151,0,0,3234,0.56,144,0,0,3,2746,37.0,0.8,0,0.03,706,B
CUST02192,67,Female,Married,Post-Graduate,Salaried,15,48756.0,6320.0,2,19750,3643,3562,0,2,14767,0.49,578,1,0,1,101525,882.0,0.76,0,0.22,692,C
CUST02193,60,Male,Married,Post-Graduate,Salaried,29,67943.0,5819.0,1,20712,2848,3143,0,0,17456,0.51,712,2,1,3,157229,5240.0,0.54,0,0.93,587,D
CUST02194,69,Female,Married,High School,Salaried,17,98001.0,0.0,3,38549,2585,3067,0,0,14419,0.42,484,1,0,4,151884,3894.0,0.63,0,0.48,668,C
CUST02195,32,Male,Divorced,Post-Graduate,Salaried,24,60601.0,5786.0,1,0,4368,1431,0,3,20436,0.63,1029,1,0,3,181056,1534.0,0.5,0,0.3,622,C
CUST02196,47,Male,Married,Graduate,Salaried,26,19700.0,6394.0,3,21244,2958,804,1,3,3655,0.15,43,2,0,0,13270,198.0,0.58,1,0.12,714,B
CUST02197,28,Female,Single,High School,Salaried,22,113493.0,5943.0,4,19969,3917,1656,1,0,31527,0.1,252,0,0,2,449858,7892.0,0.86,0,0.83,733,B
CUST02198,45,Male,Married,Graduate,Salaried,9,47559.0,2296.0,4,32357,4502,992,0,0,9150,0.2,146,0,0,1,66677,2667.0,,0,0.67,695,C
CUST02199,66,Male,Married,High School,Business Owner,12,93917.0,2939.0,3,13487,1210,3802,0,1,41608,0.26,865,1,0,1,124571,1073.0,0.72,0,0.14,740,B
CUST02200,24,Male,Single,Post-Graduate,Self-Employed,22,40854.0,7167.0,1,38210,1955,2721,2,2,9609,0.28,215,1,0,3,64276,793.0,,0,0.23,750,B
CUST02201,53,Female,Single,Graduate,Self-Employed,26,69498.0,3835.0,3,26065,1755,4720,0,0,31621,0.08,202,0,0,3,232591,2673.0,0.61,1,0.46,727,B
CUST02202,21,Female,Married,Doctorate,Salaried,23,85672.0,5532.0,2,8297,2480,3032,2,0,19742,0.04,63,1,1,1,75504,4194.0,0.82,1,0.59,738,C
CUST02203,39,Male,Married,High School,Salaried,5,49316.0,0.0,1,28658,3248,4206,3,2,8472,0.28,189,1,1,1,90003,989.0,0.91,0,0.24,736,B
CUST02204,51,Female,Single,Graduate,Business Owner,14,87745.0,4953.0,3,18207,1665,3014,0,1,29013,0.05,116,1,2,1,93333,818.0,0.65,1,0.11,765,B
CUST02205,36,Male,Married,Graduate,Salaried,24,64243.0,7418.0,2,27341,1787,3828,0,5,20689,0.15,248,0,0,2,10900,363.0,0.89,1,0.07,791,B
CUST02206,34,Male,Married,Graduate,Business Owner,8,61300.0,5906.0,5,2220,2470,2515,0,3,21305,0.22,374,1,0,2,90043,1304.0,0.79,1,0.26,738,B
CUST02207,68,Female,Single,Post-Graduate,Salaried,26,120257.0,4582.0,2,15943,4358,4005,0,3,26559,0.18,382,1,1,4,36548,794.0,0.9,0,0.08,790,B
CUST02208,25,Female,Single,Post-Graduate,Business Owner,25,85650.0,1851.0,3,35281,2220,3540,0,2,19527,0.37,577,0,0,4,332415,7914.0,0.67,0,1.11,642,C
CUST02209,61,Female,Married,Post-Graduate,Salaried,28,89659.0,0.0,1,41082,3141,835,0,0,17480,0.25,349,2,0,3,50485,1030.0,0.71,0,0.14,733,B
CUST02210,46,Male,Single,Post-Graduate,Salaried,22,97095.0,2655.0,1,26606,2552,3575,1,5,45766,0.5,1830,1,1,0,382338,4606.0,0.88,0,0.57,678,C
CUST02211,48,Female,Divorced,High School,Business Owner,17,92276.0,8120.0,4,16459,2833,3316,1,3,34435,0.42,1157,1,0,4,169820,1451.0,0.88,0,0.19,726,B
CUST02212,22,Female,Married,Graduate,Business Owner,9,85701.0,4837.0,3,11771,2002,183,1,0,34494,0.45,1241,1,0,2,56835,997.0,0.85,1,0.14,715,B
CUST02213,26,Female,Single,Post-Graduate,Salaried,3,112214.0,7072.0,2,9493,0,2339,0,4,19936,0.55,877,1,0,2,119278,1403.0,0.41,1,0.15,638,C
CUST02214,29,Male,Single,Graduate,Unemployed,0,46880.0,9303.0,2,9466,2035,3764,1,0,17093,0.1,136,2,1,3,72575,788.0,0.94,0,0.2,778,B
CUST02215,53,Female,Single,High School,Salaried,7,79444.0,5372.0,3,7292,3337,0,0,3,32180,0.37,952,1,2,2,215588,3266.0,0.9,0,0.49,714,B
CUST02216,61,Female,Single,Graduate,Salaried,12,65708.0,7536.0,2,18730,3097,3308,0,0,15571,0.15,186,0,2,1,187567,,0.46,0,0.7,675,C
CUST02217,45,Male,Single,Graduate,Self-Employed,29,79231.0,8405.0,5,11216,4043,2945,0,5,12920,,434,0,2,0,69142,658.0,0.64,0,0.1,709,B
CUST02218,68,Male,Married,Graduate,Self-Employed,3,54048.0,802.0,4,28288,788,2561,3,0,20473,0.24,393,2,0,0,42678,1376.0,0.59,1,0.31,677,C
CUST02219,33,Male,Single,Post-Graduate,Unemployed,0,26319.0,2714.0,1,25407,3557,6298,0,5,9065,0.08,58,3,0,0,96148,2003.0,0.85,0,0.91,700,B
CUST02220,29,Female,Married,Graduate,Salaried,14,99003.0,0.0,2,36462,2173,3365,0,1,32695,0.48,1255,1,0,3,179046,,0.79,0,0.57,673,C
CUST02221,33,Female,Married,High School,Salaried,23,147381.0,0.0,5,28490,1848,1858,0,1,25500,0.23,469,1,0,3,211640,5426.0,0.52,0,0.44,695,C
CUST02222,51,Female,Single,High School,Self-Employed,23,107287.0,3504.0,3,32572,3783,2151,4,5,21993,0.26,457,1,0,1,268698,20669.0,0.78,1,2.0,649,C
CUST02223,61,Female,Single,Post-Graduate,Salaried,23,101016.0,4233.0,2,7728,4187,3583,0,0,35350,0.09,254,0,0,1,221790,3310.0,0.95,1,0.39,786,B
CUST02224,31,Male,Single,Doctorate,Salaried,18,82652.0,0.0,3,27347,4720,3229,2,2,28550,0.58,1324,2,0,2,295709,8448.0,0.65,0,1.23,576,D
CUST02225,24,Male,Single,Post-Graduate,Salaried,11,70353.0,,5,23738,3830,2187,1,2,22645,0.53,960,1,1,2,44597,637.0,0.58,0,0.11,666,C
CUST02226,54,Male,Married,Graduate,Salaried,4,72133.0,3540.0,5,0,2843,3706,2,2,29376,0.28,658,0,0,2,130265,3101.0,0.91,0,0.52,726,B
CUST02227,58,Male,Single,Doctorate,Salaried,26,71756.0,9305.0,1,19162,794,1251,1,2,30558,0.48,1173,4,0,3,57264,4404.0,0.75,0,0.74,621,C
CUST02228,66,Male,Married,Post-Graduate,Salaried,8,55564.0,5551.0,3,4919,4862,3570,0,3,11702,0.09,84,0,0,2,23690,230.0,0.71,1,0.05,775,D
CUST02229,24,Male,Married,Post-Graduate,Self-Employed,28,25355.0,5529.0,4,0,3341,1950,0,2,4133,0.19,62,1,0,4,29238,609.0,0.97,0,0.29,768,B
CUST02230,58,Male,Married,Post-Graduate,Self-Employed,18,80965.0,4385.0,1,15344,1614,3287,1,3,14611,0.54,631,2,0,3,21902,304.0,0.85,0,0.05,703,B
CUST02231,39,Male,Married,Graduate,Salaried,13,66640.0,4642.0,3,10493,3320,4673,0,2,14162,0.02,22,2,1,0,160618,3735.0,0.67,0,0.67,717,B
CUST02232,26,Male,Married,Graduate,Salaried,4,109178.0,6111.0,3,8700,804,272,0,5,52307,0.35,1464,3,0,2,371880,4535.0,0.55,0,0.5,653,C
CUST02233,54,Male,Single,High School,Salaried,10,97183.0,7717.0,5,0,5027,2076,0,0,15050,0.12,144,1,2,0,117472,1587.0,0.77,0,0.2,768,E
CUST02234,38,Male,Single,Graduate,Salaried,8,15000.0,1001.0,5,46670,2404,0,1,5,6772,0.33,178,1,0,3,37972,1808.0,0.56,0,1.45,612,C
CUST02235,33,Female,Married,Post-Graduate,Self-Employed,12,126413.0,2488.0,3,1311,1345,3262,1,2,22925,0.32,586,0,0,4,65628,1058.0,0.84,0,0.1,758,B
CUST02236,61,Female,Single,Post-Graduate,Unemployed,0,59519.0,5880.0,5,14947,4934,3895,2,0,14247,0.17,193,0,1,0,55900,3726.0,0.57,0,0.75,672,C
CUST02237,43,Female,Married,Post-Graduate,Self-Employed,12,64168.0,4883.0,3,30234,1019,1703,0,5,9647,0.45,347,1,0,3,173472,1845.0,0.7,0,0.35,681,C
CUST02238,39,Male,Married,Graduate,Self-Employed,22,24683.0,7375.0,3,34677,2960,3029,1,0,3488,0.25,69,2,0,0,90778,1031.0,0.61,0,0.5,672,C
CUST02239,65,Female,Married,High School,Salaried,28,82995.0,2982.0,1,3474,3200,2894,0,5,11458,0.45,412,0,1,3,6317,59.0,0.63,0,0.01,711,B
CUST02240,31,Female,Married,High School,Salaried,2,87335.0,8791.0,1,16724,1040,2921,0,1,20707,0.45,745,1,0,4,224537,4777.0,0.43,0,0.66,615,C
CUST02241,21,Female,Married,Graduate,Unemployed,0,126418.0,3448.0,4,28303,2395,3283,0,5,39123,0.28,876,0,0,1,356293,3361.0,0.54,0,0.32,705,B
CUST02242,44,Male,Married,Graduate,Unemployed,0,100529.0,4048.0,1,24469,164,3162,0,5,18127,0.2,290,0,1,1,240256,2451.0,0.63,0,0.29,732,B
CUST02243,27,Female,Married,Graduate,Salaried,28,59889.0,8284.0,2,25712,2352,1956,1,4,28331,0.23,521,3,0,2,102414,2438.0,0.63,0,0.49,677,C
CUST02244,45,Female,Married,High School,Salaried,13,21814.0,6713.0,2,2096,198,2067,0,5,7298,0.21,122,5,0,2,86212,1180.0,0.54,0,0.65,638,C
CUST02245,41,Female,Married,Doctorate,Business Owner,1,57716.0,10946.0,5,7615,4336,712,1,4,26204,0.26,545,2,2,0,62970,2332.0,0.89,0,0.48,718,B
CUST02246,35,Female,Divorced,Graduate,Salaried,3,106318.0,7846.0,2,17726,2057,0,3,5,16960,0.16,217,0,0,2,198355,2960.0,0.43,0,0.33,692,C
CUST02247,21,Male,Married,Post-Graduate,Business Owner,2,63076.0,8869.0,1,15317,1187,2457,1,0,9928,0.07,55,2,1,3,169981,1752.0,0.88,3,0.33,750,B
CUST02248,32,Male,Married,Graduate,Business Owner,23,42182.0,4109.0,4,22465,3309,4549,0,5,18505,0.18,266,0,0,2,9,0.0,0.27,0,0.0,701,B
CUST02249,27,Male,Married,High School,Salaried,23,80075.0,8910.0,3,4148,365,1329,0,4,26199,0.33,691,0,0,2,115680,1205.0,,3,0.18,662,C
CUST02250,35,Female,Married,Post-Graduate,Unemployed,0,64963.0,5206.0,4,34647,1890,1795,0,4,30885,0.5,1235,0,0,2,102114,1674.0,0.79,0,0.31,696,C
CUST02251,41,Male,Single,Post-Graduate,Unemployed,0,,0.0,1,2116,4088,2574,1,2,9732,0.06,46,0,0,1,2588,215.0,0.79,2,0.04,784,B
CUST02252,39,Male,Divorced,Graduate,Unemployed,0,52550.0,6423.0,1,23458,893,2092,0,4,5801,0.18,83,1,0,3,5499,96.0,0.95,0,0.02,795,B
CUST02253,49,Male,Single,Graduate,Salaried,8,78270.0,6680.0,1,7802,2577,2463,0,4,36522,0.41,1197,0,1,3,309505,3438.0,0.84,0,0.53,702,B
CUST02254,45,Male,Married,High School,Salaried,3,105770.0,1724.0,5,16022,1745,2921,0,4,40143,0.05,160,0,1,4,46101,2561.0,,0,0.29,801,A
CUST02255,53,Male,Married,Post-Graduate,Self-Employed,25,90426.0,6078.0,2,0,0,2748,2,5,38238,0.5,1529,1,0,1,85446,1499.0,0.92,1,0.2,706,B
CUST02256,69,Female,Divorced,Doctorate,Salaried,21,,,1,17479,1252,1350,1,1,3752,0.39,117,1,0,3,9526,250.0,0.7,0,0.17,697,C
CUST02257,52,Female,Single,High School,Salaried,29,121532.0,8638.0,3,29980,1942,1232,0,4,12302,0.74,728,0,0,1,249714,,0.52,1,0.23,622,C
CUST02258,69,Male,Married,Graduate,Salaried,15,97542.0,6314.0,2,38987,3355,2755,1,2,28594,0.07,160,3,2,3,287182,9902.0,0.77,1,1.22,680,C
CUST02259,55,Male,Married,Doctorate,Self-Employed,2,84116.0,5001.0,2,18531,5061,872,2,3,41721,0.09,300,0,0,1,25900,319.0,0.66,0,0.05,766,B
CUST02260,64,Male,Single,Graduate,Salaried,25,87734.0,1006.0,5,1727,2965,3800,0,1,40622,0.3,974,0,0,3,205647,5875.0,0.79,1,0.8,686,C
CUST02261,58,Female,Single,Post-Graduate,Salaried,17,92538.0,0.0,4,32230,3159,2844,0,2,11919,0.51,486,2,0,1,130673,3531.0,0.68,0,0.46,653,C
CUST02262,46,Male,Married,Graduate,Salaried,27,86675.0,8796.0,2,25204,4129,3852,0,0,15177,0.26,315,1,0,0,170076,8951.0,0.7,0,1.24,659,C
CUST02263,31,Male,Married,Graduate,Self-Employed,24,46160.0,6182.0,2,17464,3633,3109,2,2,10362,0.38,315,1,0,4,49110,962.0,0.91,0,0.25,721,B
CUST02264,55,Male,Single,Graduate,Self-Employed,6,90225.0,4279.0,1,11887,1992,2411,0,3,38991,0.5,1559,1,0,0,311717,3801.0,0.75,0,0.51,668,C
CUST02265,28,Female,Married,Graduate,Salaried,28,79889.0,6663.0,3,18184,2130,3712,0,1,34343,0.26,714,2,0,0,144556,3212.0,0.51,0,0.48,669,B
CUST02266,66,Female,Married,High School,Unemployed,0,87538.0,4288.0,1,20434,3848,2472,1,3,15231,0.49,597,1,0,1,56203,535.0,,0,0.07,683,C
CUST02267,34,Female,Married,Post-Graduate,Salaried,4,55926.0,0.0,3,32143,3739,2010,0,5,17517,0.64,896,0,0,1,177131,2530.0,0.41,0,0.54,592,D
CUST02268,30,Female,Divorced,Post-Graduate,Self-Employed,19,107750.0,8039.0,2,7282,3304,519,1,0,32402,0.04,103,7,2,1,324038,3375.0,0.82,0,0.38,725,B
CUST02269,22,Male,Married,Post-Graduate,Business Owner,7,58174.0,8422.0,3,9852,2060,2321,0,0,15457,0.16,197,5,0,1,112836,1296.0,0.74,1,0.27,710,B
CUST02270,66,Male,Divorced,Graduate,Business Owner,23,73553.0,4013.0,1,16476,5435,1536,2,5,23122,0.23,425,1,0,4,212323,8166.0,0.88,1,1.33,675,C
CUST02271,29,Male,Divorced,Graduate,Salaried,22,59765.0,4875.0,1,0,1795,1607,1,0,12975,0.33,342,4,1,4,143933,1515.0,0.96,0,0.3,718,B
CUST02272,23,Male,Single,High School,Unemployed,0,45072.0,3160.0,4,30316,2836,1898,1,5,14090,0.19,214,1,1,1,29717,272.0,0.58,0,0.07,727,B
CUST02273,41,Male,Single,Post-Graduate,Unemployed,0,96469.0,10533.0,5,28867,5109,3121,1,5,36102,0.29,837,3,0,4,385608,3240.0,0.6,0,0.4,674,C
CUST02274,46,Male,Married,Graduate,Self-Employed,14,59970.0,8612.0,4,24468,3182,1265,1,5,7496,0.1,59,1,1,2,185272,8055.0,0.82,0,1.61,698,C
CUST02275,28,Male,Married,Graduate,Salaried,10,79389.0,2563.0,2,56303,2907,929,0,2,38656,0.19,587,0,0,3,211634,12449.0,0.82,0,1.88,696,C
CUST02276,68,Female,Married,High School,Salaried,28,33305.0,6815.0,3,30201,3438,348,1,2,5532,0.52,230,1,0,3,110723,2129.0,0.92,0,0.77,654,C
CUST02277,22,Female,Married,High School,Self-Employed,24,20464.0,2368.0,1,40177,2035,3011,2,4,4995,0.34,135,1,1,0,75971,690.0,0.75,1,0.4,683,C
CUST02278,26,Female,Married,Graduate,Salaried,7,126912.0,2561.0,1,20915,2859,3313,1,0,36582,0.5,1463,0,0,3,293313,7520.0,0.57,1,0.71,625,C
CUST02279,48,Female,Married,Post-Graduate,Business Owner,16,122593.0,3671.0,1,11773,4107,1851,0,3,14269,0.2,228,4,0,1,288548,8015.0,0.87,0,0.78,697,C
CUST02280,49,Male,Single,Doctorate,Salaried,4,56867.0,3176.0,1,0,4406,1926,1,0,18160,0.19,276,3,1,3,5341,46.0,0.79,0,0.01,751,B
CUST02281,46,Female,Divorced,Post-Graduate,Self-Employed,7,88666.0,322.0,2,24594,5393,3542,0,1,39721,0.48,1525,1,0,3,147149,9196.0,0.75,0,1.24,627,C
CUST02282,45,Male,Single,Doctorate,Salaried,15,61623.0,8979.0,5,28115,1889,2319,0,2,28371,0.44,998,0,1,4,125395,3582.0,0.57,0,0.7,639,C
CUST02283,32,Female,Divorced,Doctorate,Salaried,17,95024.0,5633.0,4,33944,4976,2947,0,0,21900,0.29,508,1,0,2,89021,2225.0,0.92,0,0.28,752,B
CUST02284,25,Male,Single,Graduate,Salaried,3,42546.0,9661.0,4,12457,3904,2777,0,4,13764,0.35,385,3,1,4,61189,1529.0,0.9,0,0.43,704,B
CUST02285,54,Female,Divorced,Graduate,Salaried,16,39676.0,4501.0,1,30002,4622,1300,0,0,16295,0.33,430,0,0,1,58132,2527.0,0.79,0,0.76,683,C
CUST02286,68,Male,Single,Post-Graduate,Self-Employed,2,75649.0,597.0,1,531,1000,3007,0,4,15215,0.29,352,0,0,4,111305,5858.0,0.78,0,0.93,678,C
CUST02287,57,Male,Single,Graduate,Business Owner,7,86469.0,8076.0,3,21352,1871,2698,0,2,26925,0.29,624,0,0,1,330583,5331.0,0.44,0,0.74,646,F
CUST02288,35,Female,Single,Graduate,Self-Employed,25,54053.0,5784.0,1,28262,3346,1814,0,2,13334,0.46,490,1,0,2,127029,2190.0,0.8,1,0.49,675,A
CUST02289,64,Male,Married,Graduate,Self-Employed,16,35864.0,4203.0,4,29669,4058,2090,0,4,9011,0.15,108,0,0,0,45029,789.0,0.69,0,0.26,745,B
CUST02290,56,Female,Divorced,Graduate,Self-Employed,21,112752.0,8614.0,3,32299,2356,849,0,5,15520,0.23,285,2,1,0,137425,10571.0,,1,1.13,652,C
CUST02291,35,Female,Married,Graduate,Salaried,9,61069.0,970.0,3,28034,2442,3458,0,1,16046,0.42,539,1,0,2,206871,1798.0,0.59,0,0.35,669,C
CUST02292,63,Female,Divorced,High School,Salaried,12,61375.0,7943.0,1,21670,1407,2726,1,5,10087,0.33,266,2,0,3,157545,2670.0,0.53,0,0.52,649,C
CUST02293,68,Female,Married,Graduate,Salaried,29,111978.0,7154.0,3,38608,2248,2655,3,5,24692,0.24,474,0,1,2,381195,6249.0,0.84,0,0.67,709,B
CUST02294,43,Female,Married,Post-Graduate,Self-Employed,24,142247.0,,5,19215,2426,2597,0,2,33017,0.51,1347,1,0,1,366232,8719.0,0.87,0,0.74,670,C
CUST02295,26,Male,Married,Graduate,Salaried,1,84827.0,566.0,1,19845,2435,2964,0,4,23093,0.31,572,3,2,4,310375,4030.0,0.47,0,0.57,639,C
CUST02296,66,Female,Single,Post-Graduate,Salaried,14,101388.0,7814.0,5,43696,1649,698,1,2,47324,0.15,567,0,0,2,163133,2718.0,0.88,1,0.32,766,B
CUST02297,64,Female,Married,High School,Self-Employed,11,40854.0,7232.0,1,0,5882,5796,0,0,14396,0.43,495,1,0,4,137673,1496.0,,1,0.44,655,C
CUST02298,63,Female,Divorced,High School,Unemployed,0,96925.0,5798.0,5,28632,4531,3360,0,3,47472,0.24,911,1,0,1,68202,710.0,0.73,0,0.09,750,B
CUST02299,65,Male,Divorced,Graduate,Self-Employed,22,100632.0,4836.0,1,29136,3998,2934,0,1,33838,0.4,1082,1,0,3,269474,5182.0,0.68,1,0.62,662,C
CUST02300,41,Female,Divorced,Graduate,Business Owner,5,46278.0,1614.0,4,13688,4719,4718,0,3,19538,0.38,593,2,0,1,67337,2927.0,0.89,0,0.76,675,C
CUST02301,43,Female,Divorced,Post-Graduate,Self-Employed,15,,1639.0,1,20280,3867,2921,1,1,25568,0.06,122,1,0,4,123808,1076.0,0.85,0,0.22,779,B
CUST02302,63,Female,Single,Post-Graduate,Salaried,27,,2674.0,4,19799,6352,4810,0,0,44187,0.14,494,2,0,4,329075,23505.0,0.91,1,2.0,703,B
CUST02303,36,Male,Married,Post-Graduate,Self-Employed,7,66715.0,274.0,2,16798,1792,5044,0,4,24548,0.1,196,0,1,2,150630,1931.0,0.83,0,0.35,771,B
CUST02304,67,Male,Married,Doctorate,Business Owner,25,117719.0,373.0,2,19051,0,4136,0,5,31450,0.2,503,2,0,4,343740,9548.0,0.69,0,0.97,667,C
CUST02305,35,Male,Divorced,Graduate,Salaried,14,75580.0,3668.0,1,25712,1672,2494,0,4,24707,0.31,612,0,0,3,11053,315.0,0.89,0,0.05,770,B
CUST02306,45,Female,Married,Graduate,Salaried,20,74124.0,999.0,4,11110,189,2418,0,4,13156,0.22,231,0,0,1,118510,2323.0,0.95,0,0.38,766,B
CUST02307,56,Female,Married,Graduate,Salaried,8,104288.0,4302.0,4,19931,1153,2065,0,0,36219,0.12,347,1,1,4,398041,9477.0,0.5,0,1.09,656,C
CUST02308,31,Male,Married,High School,Salaried,4,136579.0,5196.0,3,0,2084,3472,1,5,41754,0.15,501,0,1,2,416144,29724.0,0.28,2,2.0,615,C
CUST02309,35,Male,Single,Graduate,Business Owner,3,94792.0,653.0,3,10779,2785,1265,1,3,39976,0.12,383,1,0,3,183174,8722.0,0.77,0,1.1,691,C
CUST02310,24,Male,Single,Graduate,Salaried,12,80244.0,7482.0,5,3707,4602,2319,0,2,36993,0.26,769,2,0,0,227442,2208.0,0.78,0,0.33,723,B
CUST02311,41,Male,Divorced,Graduate,Salaried,18,112995.0,8032.0,3,22327,5505,0,0,5,17301,0.21,290,1,0,1,12189,162.0,0.78,0,0.02,772,B
CUST02312,33,Female,Married,High School,Business Owner,24,115071.0,0.0,1,4406,3443,1248,0,5,43308,0.37,1281,2,1,3,134678,1247.0,0.63,1,0.13,698,C
CUST02313,42,Female,Single,High School,Self-Employed,15,91038.0,9057.0,3,0,1170,2619,1,4,43699,0.52,1817,1,0,1,328851,9965.0,0.86,0,1.31,632,C
CUST02314,39,Male,Married,Post-Graduate,Self-Employed,11,86351.0,6678.0,3,0,2239,3204,2,2,40339,0.38,1226,1,0,0,171455,6123.0,0.84,1,0.85,657,C
CUST02315,54,Male,Married,Graduate,Business Owner,24,96037.0,5281.0,1,4516,2559,3709,1,3,41658,0.12,399,4,0,1,365957,7037.0,0.68,1,0.88,661,C
CUST02316,34,Male,Married,Post-Graduate,Salaried,11,32097.0,,1,35472,2359,2592,2,2,3830,0.33,101,1,0,0,34022,540.0,0.46,1,0.2,661,C
CUST02317,24,Female,Single,Post-Graduate,Self-Employed,12,43590.0,5318.0,5,43041,981,1833,1,2,8761,0.21,147,2,1,0,145486,9699.0,0.67,1,2.0,641,C
CUST02318,68,Male,Divorced,High School,Salaried,19,82223.0,2659.0,4,14925,4926,1792,0,5,13099,0.02,20,3,0,4,6435,102.0,0.85,0,0.01,798,B
CUST02319,66,Male,Married,Graduate,Salaried,17,51891.0,522.0,3,0,685,1715,0,2,24428,0.5,977,2,0,3,814,28.0,0.34,0,0.01,639,C
CUST02320,47,Male,Married,High School,Salaried,29,76090.0,4647.0,2,15489,2203,4940,1,0,30402,0.1,243,0,0,0,41634,429.0,0.34,0,0.07,719,B
CUST02321,49,Female,Married,Post-Graduate,Salaried,6,81105.0,4636.0,4,40788,3203,1985,0,3,25362,0.43,872,1,2,4,84844,1368.0,0.65,0,0.2,692,C
CUST02322,67,Female,Single,Post-Graduate,Unemployed,0,45541.0,0.0,1,23438,3257,2963,1,2,22395,0.27,483,1,0,3,7761,485.0,0.51,0,0.13,697,E
CUST02323,48,Female,Married,Graduate,Unemployed,0,92890.0,3926.0,3,0,2390,2220,0,4,16523,0.33,436,0,0,0,78545,1190.0,0.91,0,0.15,763,B
CUST02324,55,Male,Single,Graduate,Business Owner,15,17907.0,9606.0,5,47356,3459,3214,1,4,6386,0.37,189,1,0,4,62527,687.0,0.61,0,0.46,661,C
CUST02325,28,Male,Single,Doctorate,Salaried,22,65349.0,6513.0,2,14624,1403,1330,1,5,22463,0.06,107,2,0,2,239291,2750.0,0.58,0,0.5,707,B
CUST02326,36,Male,Married,Graduate,Unemployed,0,29016.0,957.0,4,11990,2849,1856,2,3,6853,0.5,274,2,0,2,13742,259.0,0.86,0,0.11,695,C
CUST02327,62,Female,Divorced,Post-Graduate,Self-Employed,26,65333.0,5913.0,3,37576,1052,3043,0,5,19217,0.25,384,3,0,1,82420,1831.0,0.88,0,0.34,730,B
CUST02328,56,Male,Married,Graduate,Salaried,10,103687.0,7105.0,1,24154,1680,1697,2,0,20131,0.16,257,0,0,2,252899,4863.0,0.5,1,0.56,681,C
CUST02329,50,Female,Single,Graduate,Self-Employed,28,52743.0,8090.0,4,39335,4463,3308,1,2,19559,0.23,359,0,0,4,139441,1743.0,0.61,0,0.4,703,B
CUST02330,38,Female,Married,Post-Graduate,Salaried,15,15000.0,6752.0,2,17941,2653,3132,0,0,4009,0.08,25,2,0,2,1667,119.0,0.8,1,0.1,766,B
CUST02331,22,Female,Divorced,Post-Graduate,Salaried,12,67974.0,8484.0,1,18878,2719,2504,1,3,7437,0.52,309,0,0,3,247994,5767.0,0.25,0,1.02,545,D
CUST02332,69,Male,Married,Post-Graduate,Business Owner,11,50086.0,7266.0,2,12858,2262,2241,0,1,24057,0.26,500,2,0,4,85576,1555.0,0.78,1,0.37,711,B
CUST02333,33,Male,Divorced,Graduate,Self-Employed,18,75048.0,4268.0,3,22307,1989,2278,0,4,22557,0.39,703,5,1,1,132448,1865.0,0.95,0,0.3,705,E
CUST02334,24,Male,Married,Graduate,Salaried,24,67933.0,5991.0,4,19413,3033,3482,1,2,25967,0.38,789,1,0,4,23242,305.0,0.77,0,0.05,726,B
CUST02335,46,Female,Married,Post-Graduate,Self-Employed,5,80265.0,4313.0,5,9438,6357,3121,1,2,14349,0.13,149,2,1,4,168588,12968.0,0.58,0,1.94,651,C
CUST02336,45,Female,Single,Graduate,Unemployed,0,110180.0,6210.0,3,0,878,4385,0,3,16625,0.3,399,1,0,4,258942,4623.0,0.92,1,0.5,728,B
CUST02337,50,Male,Single,Graduate,Self-Employed,24,63688.0,7205.0,3,27131,1530,1004,0,3,29358,0.31,728,0,1,2,116435,1058.0,0.66,2,0.2,711,B
CUST02338,31,Male,Married,Post-Graduate,Salaried,5,77595.0,4772.0,5,24847,1583,773,0,5,26100,0.64,1336,1,0,4,275513,,0.83,0,2.0,609,C
CUST02339,27,Female,Married,Graduate,Salaried,22,65307.0,5910.0,5,16042,0,2075,0,5,19418,0.1,155,1,1,1,28410,411.0,0.55,1,0.08,741,B
CUST02340,51,Female,Divorced,Graduate,Salaried,29,105301.0,3551.0,1,34194,2817,2227,0,5,32481,0.36,935,3,1,1,77814,1255.0,0.74,0,0.14,712,B
CUST02341,64,Male,Divorced,Post-Graduate,Unemployed,0,79706.0,4084.0,2,22240,2671,2402,1,0,15501,0.17,210,2,0,2,119621,1785.0,0.48,0,0.27,695,C
CUST02342,30,Female,Single,Doctorate,Salaried,14,90585.0,4792.0,3,26546,2050,4325,2,5,42128,0.09,303,1,0,1,220729,2829.0,0.92,0,0.37,770,B
CUST02343,59,Male,Single,Graduate,Salaried,16,97800.0,3318.0,1,19928,3974,2903,0,4,18161,0.12,174,2,1,2,165866,1675.0,0.54,2,0.21,715,B
CUST02344,33,Male,Married,Graduate,Salaried,5,16669.0,8982.0,1,0,2316,2763,1,0,2720,0.19,41,2,0,0,56734,506.0,0.87,0,0.36,734,B
CUST02345,51,Female,Single,Post-Graduate,Business Owner,11,98607.0,6789.0,3,39588,2742,1837,1,3,46544,0.23,856,0,0,3,83873,2396.0,0.86,0,0.29,756,B
CUST02346,27,Female,Married,Post-Graduate,Self-Employed,19,,7220.0,2,25686,3242,2324,1,4,17544,0.2,280,0,0,4,82898,2438.0,0.6,0,0.34,717,B
CUST02347,69,Female,Divorced,Post-Graduate,Self-Employed,26,54765.0,6679.0,5,102,2455,2672,0,3,24370,0.17,331,1,0,1,195324,5918.0,0.7,0,1.3,671,C
CUST02348,62,Male,Divorced,Graduate,Salaried,8,113651.0,5509.0,3,13208,5547,2326,1,5,46483,0.49,1822,1,0,1,212820,2763.0,0.97,0,0.29,720,B
CUST02349,62,Female,Married,Graduate,Salaried,19,,1348.0,2,28605,2401,2699,0,0,26443,0.48,1015,1,2,0,272856,11369.0,0.93,0,1.3,656,C
CUST02350,56,Male,Married,Graduate,Unemployed,0,69302.0,8366.0,5,42669,3975,2998,0,5,13971,0.48,536,2,1,4,104148,5207.0,0.88,0,0.9,646,C
CUST02351,40,Male,Married,Post-Graduate,Unemployed,0,15000.0,11243.0,4,24309,2888,3602,1,0,6053,0.19,92,2,1,2,22518,662.0,0.36,1,0.53,637,C
CUST02352,24,Male,Single,Post-Graduate,Unemployed,0,73278.0,6984.0,3,31072,2959,3604,0,0,24844,0.24,477,1,0,0,42449,1179.0,0.84,0,0.19,755,B
CUST02353,27,Male,Married,High School,Unemployed,0,45041.0,2639.0,3,44720,4306,2942,0,1,9080,0.28,203,1,0,4,159859,1648.0,0.67,0,0.44,696,C
CUST02354,21,Female,Married,Graduate,Business Owner,21,15000.0,6782.0,2,44007,2533,4012,1,0,6845,0.27,147,0,0,4,49584,427.0,0.69,0,0.34,709,B
CUST02355,64,Female,Married,Graduate,Self-Employed,12,92447.0,2600.0,1,23956,2919,2886,0,2,35905,0.37,1062,0,0,2,198153,3416.0,0.71,1,0.44,694,C
CUST02356,65,Male,Single,Doctorate,Business Owner,26,120808.0,3570.0,1,29884,3372,1561,1,0,56020,0.3,1344,0,0,0,18777,268.0,0.73,1,0.03,745,B
CUST02357,62,Male,Married,Post-Graduate,Self-Employed,13,72180.0,0.0,2,5319,2113,573,0,5,19848,0.56,889,0,0,0,64961,595.0,0.88,0,0.1,719,B
CUST02358,67,Male,Married,Graduate,Salaried,21,82776.0,9109.0,3,19226,3740,4155,0,3,12522,0.21,210,4,0,3,63373,667.0,0.75,0,0.1,734,B
CUST02359,33,Male,Divorced,High School,Salaried,21,115282.0,5950.0,3,26096,5262,1819,0,5,54139,0.12,519,2,1,2,247575,3929.0,0.76,0,0.41,742,B
CUST02360,42,Female,Married,Graduate,Unemployed,0,80335.0,6718.0,3,13709,1717,3606,0,0,27359,0.17,372,2,2,3,50695,974.0,0.52,0,0.15,716,B
CUST02361,41,Female,Married,High School,Salaried,29,56726.0,7368.0,4,99,2038,4289,1,3,19424,0.38,590,1,0,4,98179,3506.0,0.79,0,0.74,666,C
CUST02362,42,Male,Married,Post-Graduate,Business Owner,18,15000.0,6432.0,1,19406,1436,1388,0,3,5005,0.18,72,1,0,3,11682,229.0,0.91,0,0.18,770,B
CUST02363,48,Male,Single,Post-Graduate,Salaried,27,99450.0,7930.0,4,0,5712,1499,0,5,28736,0.04,91,2,0,2,113860,2919.0,0.89,1,0.35,775,B
CUST02364,29,Female,Married,Graduate,Salaried,29,87537.0,9096.0,3,42651,3905,3613,0,4,17683,0.53,749,1,1,4,105537,2029.0,,0,0.28,701,B
CUST02365,46,Female,Divorced,Graduate,Salaried,15,102825.0,4892.0,1,19140,1068,3022,0,1,35496,0.31,880,1,0,0,93517,,0.82,1,0.12,744,B
CUST02366,29,Male,Married,Post-Graduate,Salaried,15,15000.0,16.0,3,35935,756,2194,0,3,5811,0.25,116,2,0,3,15785,177.0,0.7,0,0.14,722,B
CUST02367,35,Male,Divorced,Graduate,Salaried,12,137299.0,2469.0,3,6808,3945,2865,1,3,64066,0.39,1998,2,1,0,84700,1008.0,0.84,0,0.09,732,B
CUST02368,30,Female,Single,Graduate,Salaried,26,,6856.0,2,12454,6497,3394,1,2,6608,0.58,306,1,1,0,158608,9329.0,0.59,0,2.0,576,D
CUST02369,44,Male,Single,Doctorate,Business Owner,9,107777.0,1918.0,1,28814,2907,3525,0,0,21758,0.24,417,1,1,2,419342,12707.0,0.87,1,1.41,686,C
CUST02370,62,Male,Divorced,Post-Graduate,Salaried,19,18006.0,4811.0,3,42393,779,4269,0,1,7394,0.26,153,0,0,3,56314,4692.0,0.85,0,2.0,681,C
CUST02371,28,Female,Married,Post-Graduate,Salaried,12,51756.0,12502.0,5,22788,539,1736,2,1,21223,0.42,713,2,1,1,75868,671.0,0.88,1,0.16,706,B
CUST02372,44,Female,Divorced,High School,Salaried,23,58676.0,8134.0,5,7597,2463,3932,0,5,10844,0.33,286,1,0,0,177521,1659.0,0.86,1,0.34,721,B
CUST02373,36,Female,Married,High School,Self-Employed,5,44344.0,0.0,3,33106,899,4859,0,4,7710,0.26,160,3,0,2,11156,111.0,0.67,0,0.03,722,B
CUST02374,69,Female,Divorced,High School,Self-Employed,26,50319.0,11993.0,2,3932,2619,3145,0,3,12421,0.66,655,1,0,1,71182,1873.0,0.69,0,0.45,631,C
CUST02375,46,Female,Married,Graduate,Self-Employed,26,123604.0,9101.0,3,39529,3773,4346,1,3,15471,0.1,123,2,0,4,196212,7546.0,0.84,0,0.73,725,B
CUST02376,47,Male,Married,Post-Graduate,Salaried,21,64814.0,6989.0,5,35925,3397,2286,0,2,25416,0.05,101,2,0,1,3309,30.0,0.94,0,0.01,812,A
CUST02377,57,Male,Married,Graduate,Salaried,20,138870.0,5403.0,1,8626,3661,2737,1,1,51093,0.36,1471,0,0,2,527769,9595.0,0.37,0,0.83,616,C
CUST02378,24,Male,Married,Post-Graduate,Self-Employed,10,106666.0,861.0,2,18129,3377,3126,1,0,47305,0.37,1400,3,0,4,198180,4718.0,0.5,0,0.53,634,C
CUST02379,44,Male,Divorced,Graduate,Business Owner,22,15000.0,3880.0,3,12335,4091,2716,0,4,4080,0.08,26,4,0,0,59271,740.0,0.38,1,0.59,644,C
CUST02380,39,Female,Married,Graduate,Salaried,7,64733.0,0.0,5,25703,2620,1664,1,4,22960,0.24,440,2,0,4,72274,1017.0,0.7,0,0.19,720,B
CUST02381,56,Female,Married,Doctorate,Salaried,23,63414.0,7854.0,1,27040,3151,1197,1,4,30538,0.37,903,2,0,3,248311,2086.0,0.8,0,0.39,694,C
CUST02382,59,Female,Married,Graduate,Salaried,11,46600.0,5556.0,5,0,4952,3679,1,4,22532,0.1,180,1,0,0,114297,1058.0,0.39,1,0.27,692,C
CUST02383,30,Female,Married,Graduate,Salaried,28,111593.0,2769.0,2,27779,4189,3577,1,5,14332,0.3,343,0,0,0,185790,3378.0,0.69,1,0.36,709,B
CUST02384,45,Male,Married,Graduate,Self-Employed,8,100859.0,8030.0,4,18531,1108,486,1,1,10161,0.33,268,0,1,4,335850,6458.0,0.36,1,0.77,615,C
CUST02385,38,Male,Single,High School,Self-Employed,21,139712.0,5997.0,3,1722,1792,3343,0,3,67619,0.42,2271,0,0,1,302742,3363.0,,0,0.29,708,B
CUST02386,39,Female,Divorced,Graduate,Salaried,7,61245.0,9917.0,1,29148,1087,2970,1,1,19238,0.3,461,1,0,3,202539,3022.0,0.8,1,0.59,691,C
CUST02387,56,Female,Married,Graduate,Salaried,16,88149.0,3668.0,2,43762,2697,1869,0,5,33510,0.21,562,2,1,3,178339,2409.0,0.81,0,0.33,738,B
CUST02388,30,Female,Married,Post-Graduate,Unemployed,0,64429.0,9179.0,2,21655,0,2951,0,0,29961,0.3,719,2,0,2,107867,2696.0,0.52,2,0.5,650,C
CUST02389,53,Female,Single,Post-Graduate,Business Owner,16,63051.0,5674.0,4,40959,3885,1360,0,4,17229,0.1,137,1,0,0,153384,1381.0,0.4,2,0.26,697,A
CUST02390,25,Female,Single,Graduate,Business Owner,14,99335.0,2676.0,4,32314,1580,2007,1,5,27442,0.32,702,4,0,2,300532,12021.0,0.66,0,1.45,616,C
CUST02391,67,Female,Single,High School,Salaried,15,141036.0,6781.0,3,32484,321,1525,0,1,23523,0.26,489,0,1,2,26571,279.0,0.79,1,0.02,770,B
CUST02392,69,Male,Married,Graduate,Self-Employed,20,104539.0,5223.0,3,26975,6225,3572,1,0,48331,0.29,1121,1,0,2,168522,1620.0,0.94,0,0.19,760,B
CUST02393,55,Female,Single,High School,Salaried,9,101328.0,6367.0,2,16682,1918,2125,3,2,36383,0.31,902,1,0,3,68396,3799.0,0.34,1,0.45,627,C
CUST02394,64,Female,Divorced,Graduate,Salaried,16,73234.0,2040.0,3,8870,409,1928,0,4,12604,0.44,443,1,0,2,278241,19874.0,0.72,0,2.0,628,C
CUST02395,54,Male,Single,Post-Graduate,Salaried,16,100429.0,0.0,3,66126,2135,1666,0,5,32530,0.41,1066,0,1,4,390486,4593.0,0.84,1,0.55,698,C
CUST02396,53,Female,Single,High School,Self-Employed,5,110336.0,3515.0,4,22590,5359,3397,0,3,25516,0.47,959,1,0,3,401534,6273.0,0.45,1,0.68,610,C
CUST02397,41,Male,Single,Post-Graduate,Salaried,3,49237.0,6715.0,2,22308,0,3250,0,3,7822,0.09,56,2,2,4,101035,1030.0,0.74,0,0.25,751,B
CUST02398,37,Female,Single,Doctorate,Business Owner,21,76246.0,6626.0,5,36295,4491,2068,1,3,13171,0.45,474,2,0,3,230543,2076.0,0.87,0,0.33,697,C
CUST02399,42,Male,Married,Post-Graduate,Salaried,25,65275.0,3638.0,5,0,342,3032,1,0,21129,0.35,591,1,0,0,240764,6687.0,0.76,0,1.23,644,C
CUST02400,68,Female,Divorced,Graduate,Salaried,13,56025.0,5701.0,1,28636,3702,0,0,1,18250,0.69,1007,0,0,2,195323,4542.0,0.77,0,0.97,599,D
CUST02401,57,Male,Married,Graduate,Salaried,29,,3823.0,4,40217,1319,1500,0,4,43467,0.28,973,2,0,2,223913,3392.0,0.85,1,0.39,723,B
CUST02402,35,Female,Single,Doctorate,Salaried,27,67936.0,4597.0,1,39831,3044,3944,0,4,13532,0.08,86,0,1,0,40464,1498.0,0.57,2,0.26,734,B
CUST02403,55,Male,Single,Graduate,Salaried,8,89223.0,8786.0,2,28597,2243,2223,1,5,41607,0.22,732,0,1,0,324693,,0.47,1,0.5,675,C
CUST02404,48,Male,Married,Post-Graduate,Salaried,17,89474.0,998.0,5,4907,3469,1138,0,4,27508,0.03,66,5,0,1,293679,9789.0,0.53,0,1.31,645,C
CUST02405,27,Male,Divorced,High School,Salaried,5,66909.0,10660.0,5,33483,3858,4617,1,4,12155,0.08,77,0,0,2,107401,1293.0,,0,0.23,722,B
CUST02406,52,Female,Single,High School,Salaried,6,31338.0,5521.0,5,3338,3751,547,1,2,8314,0.34,226,1,0,1,58189,1097.0,0.51,0,0.42,657,C
CUST02407,31,Male,Married,Post-Graduate,Self-Employed,29,64480.0,11056.0,1,42608,1901,1032,0,5,30263,0.44,1065,1,0,3,255133,19625.0,0.44,1,2.0,580,D
CUST02408,30,Male,Married,Post-Graduate,Salaried,26,90848.0,10583.0,3,31719,3403,1452,1,4,26460,0.11,232,3,0,4,218541,12855.0,0.92,1,1.7,695,C
CUST02409,29,Female,Single,Post-Graduate,Self-Employed,29,84073.0,0.0,1,14323,4389,1627,1,2,37823,0.07,211,0,0,3,56982,513.0,0.64,2,0.07,760,B
CUST02410,34,Male,Married,Doctorate,Self-Employed,27,16471.0,5551.0,5,36191,2642,4128,0,1,2700,0.58,125,2,0,0,10776,291.0,0.67,0,0.21,652,C
CUST02411,33,Female,Single,High School,Salaried,2,99340.0,2056.0,4,17684,3250,2268,1,3,46251,0.26,962,0,0,1,25807,248.0,0.93,3,0.03,770,B
CUST02412,45,Male,Married,Graduate,Business Owner,22,58394.0,4594.0,4,21498,1299,5289,0,2,15897,0.25,317,3,0,4,137293,1737.0,0.58,0,0.36,682,C
CUST02413,22,Female,Single,Doctorate,Self-Employed,14,92180.0,6372.0,1,30819,3427,170,0,3,43734,0.03,104,0,0,2,9903,186.0,0.83,0,0.02,816,A
CUST02414,55,Male,Married,High School,Salaried,25,99447.0,9371.0,1,19216,2036,3707,0,3,44396,0.34,1207,1,0,1,324945,5326.0,0.67,0,0.64,674,C
CUST02415,27,Male,Single,Post-Graduate,Unemployed,0,89108.0,1745.0,2,16683,2686,2024,0,0,32434,0.21,544,0,0,0,113453,2521.0,0.79,0,0.34,749,B
CUST02416,41,Female,Divorced,Graduate,Business Owner,3,131465.0,12587.0,1,10622,2977,2026,0,2,48528,0.28,1087,1,0,0,180078,,0.76,0,0.22,740,B
CUST02417,38,Female,Single,High School,Unemployed,0,104981.0,3257.0,1,34166,3295,1940,1,4,19379,0.6,930,1,0,1,319492,3132.0,0.79,0,0.36,666,C
CUST02418,23,Female,Divorced,Graduate,Self-Employed,18,61395.0,,5,20650,2376,2153,1,5,20943,0.07,117,2,1,1,25955,233.0,0.76,2,0.05,762,B
CUST02419,62,Male,Married,Graduate,Salaried,12,64455.0,8284.0,3,35749,5484,3569,0,0,20612,0.18,296,1,0,0,136215,9081.0,0.89,0,1.69,699,C
CUST02420,59,Male,Divorced,Post-Graduate,Salaried,9,72741.0,5382.0,5,11413,1549,1712,0,4,16996,0.45,611,1,0,4,107636,2446.0,0.77,0,0.4,688,C
CUST02421,61,Male,Married,Post-Graduate,Self-Employed,27,64455.0,11633.0,3,5390,607,2503,0,5,19481,0.22,342,1,0,3,26003,376.0,0.73,0,0.07,752,B
CUST02422,69,Female,Married,Graduate,Unemployed,0,86085.0,2047.0,5,36521,1094,3812,0,3,40602,0.18,584,2,0,0,102398,984.0,0.77,0,0.14,754,B
CUST02423,31,Male,Married,Graduate,Self-Employed,27,40984.0,5552.0,5,3918,1465,0,1,0,4185,0.42,140,2,0,3,103096,1586.0,0.79,1,0.46,669,C
CUST02424,59,Male,Single,Graduate,Business Owner,27,116466.0,8810.0,2,11715,3004,4958,0,4,31078,0.82,2038,1,0,3,308941,8581.0,0.51,0,0.88,544,D
CUST02425,44,Male,Married,High School,Salaried,18,76244.0,2463.0,3,28852,5697,3972,3,4,17799,0.29,412,2,0,4,38496,334.0,0.94,1,0.05,746,B
CUST02426,66,Female,Single,Graduate,Salaried,13,115594.0,8844.0,5,47070,3568,3098,0,1,56004,0.39,1747,1,0,1,434002,11729.0,0.81,0,1.22,656,C
CUST02427,39,Male,Divorced,High School,Unemployed,0,39492.0,6193.0,5,25522,2598,2992,0,0,19333,0.5,773,1,1,1,28970,344.0,0.88,0,0.1,718,B
CUST02428,24,Female,Single,Graduate,Business Owner,14,39599.0,1983.0,3,4128,1941,2806,2,0,13236,0.15,158,1,1,1,105043,1029.0,0.98,0,0.31,767,B
CUST02429,46,Male,Married,Graduate,Unemployed,0,107380.0,8789.0,2,6424,4738,1790,2,3,34361,0.18,494,0,1,0,139785,3176.0,0.74,0,0.35,738,B
CUST02430,58,Female,Married,Graduate,Business Owner,3,55580.0,4410.0,3,19955,1341,3546,0,5,25638,0.53,1087,2,0,2,156230,1905.0,0.59,0,0.41,636,C
CUST02431,62,Male,Married,High School,Salaried,29,45094.0,8565.0,2,29622,607,2286,0,3,4627,0.22,81,2,0,2,146677,1370.0,0.46,0,0.36,675,D
CUST02432,52,Female,Married,Graduate,Self-Employed,7,109922.0,2891.0,2,5808,1658,1319,0,0,35715,0.19,542,1,0,2,35498,385.0,0.81,0,0.04,777,B
CUST02433,59,Female,Single,Graduate,Unemployed,0,50636.0,,4,6578,2179,4049,0,1,5562,0.03,13,0,0,4,161428,2096.0,0.5,0,0.5,719,B
CUST02434,65,Male,Married,High School,Self-Employed,16,74437.0,3679.0,2,19108,3860,1471,0,1,36270,0.45,1305,2,0,4,36034,467.0,0.94,0,0.08,735,B
CUST02435,66,Female,Single,Doctorate,Salaried,17,58755.0,4633.0,4,30647,4192,3589,0,5,13399,0.41,439,1,0,2,121960,3127.0,0.93,0,0.64,696,C
CUST02436,56,Male,Divorced,High School,Salaried,25,97731.0,5584.0,1,641,3772,2319,1,3,30132,0.4,964,0,0,1,132133,1201.0,0.69,0,0.15,713,B
CUST02437,60,Female,Married,Post-Graduate,Self-Employed,6,81798.0,6601.0,2,0,0,3198,0,2,21842,0.11,192,0,1,1,100475,1068.0,0.72,0,0.16,772,B
CUST02438,57,Female,Divorced,High School,Salaried,25,102338.0,10878.0,3,18567,2996,1363,0,4,46814,0.38,1423,1,1,2,62303,561.0,0.43,1,0.07,678,C
CUST02439,53,Male,Single,Post-Graduate,Self-Employed,12,39032.0,4689.0,4,60797,3054,1331,0,3,19513,0.16,249,2,1,1,105640,934.0,0.72,0,0.29,731,B
CUST02440,56,Male,Single,High School,Salaried,19,82232.0,10345.0,1,13049,3589,3426,0,1,10472,,108,1,0,2,99564,2928.0,0.71,0,0.43,735,B
CUST02441,23,Male,Single,Post-Graduate,Salaried,3,77746.0,,1,37696,705,4357,2,0,30539,0.34,830,1,0,0,157202,10480.0,0.55,0,1.62,611,C
CUST02442,29,Male,Single,Graduate,Business Owner,26,52531.0,4757.0,2,4651,2348,3955,0,1,12985,0.18,186,3,1,3,3179,31.0,0.9,0,0.01,773,B
CUST02443,28,Male,Single,Post-Graduate,Salaried,28,43928.0,5919.0,3,21850,2307,2899,0,0,6836,0.54,295,0,0,3,106178,1179.0,0.72,2,0.32,665,C
CUST02444,53,Male,Married,Graduate,Business Owner,3,72384.0,6187.0,2,36386,4325,1176,0,3,18977,0.22,333,0,0,3,196082,3631.0,0.81,1,0.6,719,B
CUST02445,26,Male,Single,High School,Salaried,18,66270.0,8077.0,5,18033,3023,0,1,4,33085,0.59,1561,0,0,2,16524,826.0,0.64,0,0.15,667,C
CUST02446,61,Female,Married,Post-Graduate,Unemployed,0,110396.0,8534.0,1,2068,1946,4778,0,5,26829,0.44,944,0,1,0,235153,2157.0,0.81,1,0.23,718,B
CUST02447,59,Male,Divorced,High School,Salaried,11,99773.0,799.0,5,20923,233,1855,1,4,21048,,151,2,0,4,285053,6478.0,0.38,0,0.78,651,C
CUST02448,24,Male,Married,Doctorate,Salaried,6,54414.0,7935.0,5,32302,939,4098,0,3,23858,0.27,515,1,0,3,30814,1283.0,0.8,0,0.28,733,B
CUST02449,33,Female,Married,High School,Business Owner,19,67291.0,6223.0,4,49614,3834,3204,0,4,30090,0.3,722,2,0,1,11784,143.0,0.59,0,0.03,713,B
CUST02450,69,Male,Married,Graduate,Business Owner,5,91409.0,6177.0,5,0,0,0,0,4,21531,0.4,688,3,0,2,70754,3930.0,0.36,1,0.52,607,C
CUST02451,22,Male,Married,Post-Graduate,Salaried,13,94708.0,4601.0,1,25192,34,2304,1,5,20785,0.17,282,1,0,2,133218,2183.0,0.41,0,0.28,693,C
CUST02452,25,Male,Single,Graduate,Unemployed,0,110658.0,7111.0,1,7311,4124,3056,0,2,39716,0.09,285,1,0,4,188812,3702.0,0.94,0,0.4,783,B
CUST02453,64,Female,Married,Graduate,Self-Employed,5,73084.0,7665.0,3,22435,3937,497,0,2,13306,0.41,436,0,0,1,21296,332.0,0.46,1,0.05,682,C
CUST02454,47,Female,Married,Post-Graduate,Unemployed,0,79775.0,5336.0,2,7126,933,2031,0,2,23411,0.15,280,1,0,0,312495,3396.0,0.92,0,0.51,755,B
CUST02455,52,Male,Divorced,Post-Graduate,Self-Employed,3,21596.0,,3,9968,2556,1206,0,0,3380,0.55,148,0,2,3,59554,589.0,,0,0.33,664,C
CUST02456,41,Female,Married,Doctorate,Salaried,19,41694.0,3106.0,3,44304,5149,4209,1,2,9251,0.28,207,1,0,0,22303,455.0,0.59,0,0.13,707,B
CUST02457,28,Male,Married,Graduate,Salaried,17,102333.0,5035.0,2,20994,3037,1522,0,3,22410,0.51,914,0,0,1,326422,7096.0,0.25,0,0.83,571,D
CUST02458,58,Female,Married,Graduate,Salaried,22,42244.0,6082.0,1,650,3507,3031,1,5,15966,0.29,370,1,1,1,54056,965.0,0.78,1,0.27,716,B
CUST02459,28,Female,Single,Graduate,Self-Employed,3,24731.0,4071.0,4,17492,5208,1505,1,2,5265,0.17,71,2,0,2,37110,2474.0,0.38,1,1.2,602,C
CUST02460,23,Female,Married,Graduate,Salaried,15,98062.0,4007.0,5,29901,5708,1700,2,5,45049,0.35,1261,1,0,0,28427,312.0,0.78,0,0.04,733,B
CUST02461,64,Male,Married,Post-Graduate,Salaried,17,63158.0,2210.0,4,23175,3003,2308,0,3,31150,0.24,598,1,0,4,106834,1526.0,0.18,2,0.29,636,C
CUST02462,23,Male,Single,Graduate,Salaried,13,51153.0,6294.0,5,26998,5121,2629,1,2,6773,0.4,216,3,0,1,15916,260.0,0.72,2,0.06,687,C
CUST02463,42,Male,Single,Graduate,Salaried,14,30630.0,10834.0,2,48594,4298,2559,1,4,7934,0.68,431,1,1,2,83345,1111.0,0.33,1,0.44,561,D
CUST02464,26,Female,Single,Graduate,Business Owner,29,30845.0,6806.0,2,34600,2257,492,0,2,6808,0.33,179,0,1,3,42364,368.0,0.94,0,0.14,760,B
CUST02465,22,Female,Married,Post-Graduate,Self-Employed,26,61602.0,4496.0,3,40958,3546,3603,0,3,14833,0.22,261,0,1,4,73010,682.0,0.72,1,0.13,747,B
CUST02466,43,Female,Single,Doctorate,Business Owner,16,70762.0,8947.0,2,25811,280,4357,0,3,14587,,781,0,1,4,183513,1853.0,0.52,0,0.31,626,C
CUST02467,64,Female,Married,Post-Graduate,Unemployed,0,112314.0,4897.0,5,33141,3839,2722,1,5,28422,0.15,341,0,0,2,309138,9972.0,0.6,0,1.07,670,C
CUST02468,22,Male,Married,Graduate,Self-Employed,11,71008.0,7250.0,4,9662,2169,2346,1,3,11117,0.24,213,1,1,4,181428,9548.0,0.6,1,1.61,636,C
CUST02469,58,Female,Married,Post-Graduate,Unemployed,0,65376.0,6680.0,4,31187,1759,3827,0,2,13854,0.25,277,2,0,4,206248,4124.0,0.96,1,0.76,706,B
CUST02470,37,Female,Divorced,Graduate,Salaried,5,66318.0,521.0,4,43407,4506,3164,0,0,26469,0.3,635,1,0,2,169321,2170.0,0.77,1,0.39,710,B
CUST02471,55,Female,Divorced,High School,Salaried,21,15000.0,5300.0,4,23296,1429,2496,0,3,3564,0.36,102,1,0,2,56705,683.0,0.55,1,0.55,645,C
CUST02472,54,Female,Married,High School,Salaried,15,60299.0,11429.0,3,13737,3522,1982,0,5,11042,0.74,653,3,0,1,136570,1252.0,0.58,0,0.25,604,C
CUST02473,43,Female,Single,High School,Salaried,18,94038.0,3374.0,4,40024,4362,2542,0,0,13482,0.17,183,1,0,2,332855,13314.0,,0,1.7,687,C
CUST02474,50,Male,Married,Graduate,Business Owner,16,77609.0,9779.0,5,8141,2277,375,2,2,18564,0.02,29,1,0,3,298383,3140.0,0.6,0,0.49,722,B
CUST02475,28,Female,Married,Post-Graduate,Self-Employed,14,98273.0,8037.0,3,54365,3228,2842,0,5,35119,0.36,1011,2,0,0,64346,2010.0,0.55,0,0.25,680,C
CUST02476,42,Male,Married,Graduate,Salaried,14,107458.0,3652.0,3,25029,1821,4300,0,0,21633,0.17,294,0,0,2,290904,6060.0,0.79,0,0.68,728,B
CUST02477,64,Female,Married,Graduate,Self-Employed,13,25644.0,5316.0,3,0,1574,28,1,0,6897,0.2,110,1,2,1,67304,862.0,0.93,0,0.4,746,B
CUST02478,56,Female,Single,Doctorate,Self-Employed,1,55488.0,2126.0,2,26763,2623,0,1,3,26687,0.15,320,1,0,3,192985,2297.0,0.97,0,0.5,756,B
CUST02479,25,Male,Married,Post-Graduate,Salaried,6,105121.0,7851.0,3,41199,7714,3525,1,5,33738,0.56,1511,1,0,0,141708,3829.0,0.95,1,0.44,685,C
CUST02480,33,Female,Single,Post-Graduate,Self-Employed,23,78146.0,2164.0,5,36887,5672,5133,1,2,24442,0.19,371,3,0,2,123148,1310.0,0.65,0,0.2,715,B
CUST02481,49,Male,Married,Graduate,Unemployed,0,70515.0,6508.0,4,20554,2176,4913,1,3,18614,0.36,536,0,1,1,13300,144.0,0.85,1,0.02,747,B
CUST02482,51,Male,Single,High School,Business Owner,11,106009.0,10785.0,2,22270,2774,2260,1,4,34212,0.4,1094,0,0,0,324929,7556.0,0.73,0,0.86,656,C
CUST02483,67,Male,Married,High School,Self-Employed,25,51248.0,3359.0,4,36848,2354,3311,3,1,25307,0.36,728,2,1,0,54580,3898.0,,0,0.91,634,C
CUST02484,36,Female,Single,High School,Salaried,16,53054.0,6336.0,1,0,1015,4004,0,0,10691,0.17,145,1,0,1,197141,2942.0,0.73,0,0.67,705,B
CUST02485,62,Female,Married,Graduate,Salaried,24,51085.0,814.0,2,11691,1855,815,3,2,24355,0.04,77,1,0,0,135485,3871.0,0.74,0,0.91,693,C
CUST02486,50,Female,Married,Graduate,Salaried,26,35114.0,5426.0,5,9428,2249,364,1,0,5605,0.08,35,2,0,4,46719,537.0,0.5,0,0.18,716,B
CUST02487,36,Male,Single,High School,Business Owner,3,68350.0,,2,32680,0,2278,0,2,9872,0.24,189,1,0,3,223739,3151.0,0.75,0,0.55,708,B
CUST02488,32,Female,Married,High School,Salaried,25,80411.0,6034.0,3,6860,2524,1457,0,3,29098,0.34,791,3,0,4,262892,9736.0,0.43,0,1.45,588,D
CUST02489,37,Female,Married,High School,Salaried,17,43678.0,3693.0,2,9431,4055,2919,2,1,8756,0.28,196,3,0,0,28226,320.0,0.5,1,0.09,672,C
CUST02490,36,Male,Married,Graduate,Unemployed,0,71784.0,2328.0,3,13258,5881,2102,0,1,19938,0.27,430,1,0,2,155586,4321.0,0.66,0,0.72,675,C
CUST02491,32,Male,Married,Graduate,Business Owner,22,57062.0,4887.0,4,7632,3777,4729,1,1,22360,0.35,626,3,0,1,2314,22.0,0.77,0,0.0,720,B
CUST02492,28,Male,Married,Graduate,Self-Employed,29,72696.0,0.0,2,36041,1632,3384,0,1,22821,0.35,638,1,0,1,100053,1334.0,0.56,1,0.22,685,C
CUST02493,40,Female,Married,Graduate,Salaried,14,118333.0,2135.0,2,13009,1495,2347,0,0,12484,0.15,149,3,0,3,328679,6573.0,0.86,1,0.67,716,B
CUST02494,23,Female,Married,Graduate,Salaried,26,77582.0,12412.0,5,28221,2865,70,1,2,17249,0.42,579,1,0,1,102437,1164.0,0.81,1,0.18,709,B
CUST02495,36,Female,Married,High School,Salaried,2,78179.0,4610.0,1,12176,3049,3083,0,4,9840,0.07,55,2,0,1,41893,391.0,0.69,0,0.06,768,B
CUST02496,50,Male,Married,Graduate,Self-Employed,26,136137.0,3870.0,2,19869,2810,2905,1,2,64045,0.64,3279,2,0,3,314378,5328.0,0.79,0,0.47,645,C
CUST02497,65,Female,Single,Post-Graduate,Salaried,25,59778.0,,4,17222,4735,2264,3,0,24978,0.29,579,1,0,4,229906,2910.0,0.78,1,0.58,680,C
CUST02498,43,Male,Single,Doctorate,Business Owner,9,93383.0,8477.0,3,0,3642,1848,0,5,46087,0.2,737,1,0,4,154247,2614.0,0.53,0,0.34,705,B
CUST02499,48,Male,Single,Graduate,Unemployed,0,59063.0,10250.0,4,2336,3713,1896,0,3,26817,0.26,557,1,0,0,216879,1919.0,0.71,0,0.39,712,B
CUST02500,60,Female,Single,Doctorate,Salaried,29,98572.0,5153.0,5,1387,3496,4332,1,4,28598,0.19,434,1,1,1,357046,22315.0,0.69,0,2.0,667,C
CUST02501,25,Male,Married,Graduate,Salaried,11,47856.0,4731.0,2,36382,1965,4170,0,4,21680,0.65,1127,2,0,0,127967,1254.0,0.81,0,0.31,655,C
CUST02502,40,Female,Married,High School,Self-Employed,7,64954.0,6506.0,1,39320,526,2138,1,5,23966,0.27,517,0,1,0,18285,215.0,0.87,1,0.04,764,B
CUST02503,60,Male,Single,Doctorate,Unemployed,0,58165.0,5529.0,1,12610,2800,3050,0,4,18021,0.11,158,2,0,0,152122,2112.0,0.59,0,0.44,709,B
CUST02504,64,Female,Divorced,High School,Business Owner,2,43692.0,4853.0,2,26719,2015,3129,1,0,10846,0.05,43,1,0,3,103295,1639.0,0.57,0,0.45,717,F
CUST02505,21,Male,Married,Post-Graduate,Salaried,4,15000.0,7160.0,1,9544,3957,1028,1,1,5585,0.17,75,0,1,2,34883,367.0,0.69,1,0.29,726,B
CUST02506,50,Female,Divorced,Graduate,Salaried,26,87223.0,7115.0,4,24276,2121,1713,0,5,29311,0.08,187,1,1,4,118075,1026.0,0.76,1,0.14,773,B
CUST02507,41,Male,Married,Graduate,Business Owner,23,55894.0,5532.0,3,14683,4739,4154,0,1,19321,0.14,216,2,1,3,167805,1459.0,0.86,0,0.31,755,B
CUST02508,40,Male,Married,Graduate,Self-Employed,14,66851.0,12588.0,2,12281,3964,1339,0,1,17376,0.08,111,0,0,2,236105,3577.0,0.71,0,0.64,730,B
CUST02509,26,Female,Single,Graduate,Salaried,13,71114.0,11072.0,3,29023,5497,1879,0,2,28141,0.21,472,0,0,0,191947,12796.0,0.6,0,2.0,659,C
CUST02510,42,Male,Single,Graduate,Self-Employed,22,31023.0,7020.0,1,24822,5358,2311,0,1,4111,0.44,144,1,2,3,18358,215.0,0.92,1,0.08,731,B
CUST02511,38,Female,Single,Graduate,Business Owner,25,63209.0,8828.0,5,8755,4102,2282,0,4,24680,0.19,375,0,0,2,198381,2610.0,0.79,1,0.5,730,B
CUST02512,28,Female,Married,Graduate,Salaried,13,21399.0,3329.0,3,45729,1280,1433,0,1,8394,0.22,147,3,0,4,13394,171.0,0.63,0,0.1,714,B
CUST02513,59,Male,Single,Doctorate,Business Owner,13,61212.0,5443.0,5,47673,2335,2114,0,5,18753,0.15,225,1,0,2,195842,2040.0,0.93,1,0.4,759,B
CUST02514,52,Male,Married,Post-Graduate,Salaried,5,119945.0,7545.0,4,21780,1945,219,1,5,24626,0.24,472,0,0,3,291597,5717.0,0.53,0,0.57,682,C
CUST02515,53,Female,Single,Graduate,Business Owner,28,58862.0,9538.0,5,29100,3165,3300,2,4,18112,0.62,898,2,1,4,80697,3668.0,0.33,1,0.75,535,D
CUST02516,36,Female,Married,High School,Self-Employed,12,40573.0,2249.0,3,54985,3676,2409,1,4,6054,0.1,48,1,1,4,91950,843.0,,1,0.25,771,B
CUST02517,32,Female,Single,Post-Graduate,Salaried,6,60295.0,3380.0,3,29047,2527,811,0,2,12906,0.3,309,0,1,1,198574,1772.0,0.45,0,0.35,677,C
CUST02518,58,Male,Single,High School,Self-Employed,26,122051.0,5591.0,2,0,3895,1821,0,5,32773,0.27,707,0,1,2,249804,2498.0,0.22,0,0.25,665,C
CUST02519,54,Female,Single,Graduate,Business Owner,22,61524.0,9930.0,5,20646,2012,0,0,1,22720,0.22,399,3,1,2,117268,1447.0,0.87,0,0.28,738,B
CUST02520,34,Male,Married,Graduate,Unemployed,0,28503.0,5585.0,4,14815,0,1149,3,3,4984,0.73,291,3,0,2,24201,780.0,0.79,0,0.33,611,C
CUST02521,56,Female,Single,Post-Graduate,Salaried,8,20230.0,8811.0,2,13358,3328,461,1,1,3302,0.11,29,4,0,0,29606,955.0,0.72,1,0.57,687,C
CUST02522,53,Female,Married,High School,Self-Employed,24,62844.0,4876.0,2,26651,2582,5275,0,3,21562,0.32,551,0,0,4,130666,1156.0,0.77,0,0.22,734,B
CUST02523,43,Male,Single,High School,Self-Employed,22,99396.0,7545.0,4,12782,3188,2853,1,5,36957,0.45,1330,0,0,2,45437,890.0,0.92,0,0.11,742,B
CUST02524,65,Male,Married,Graduate,Self-Employed,8,88230.0,2085.0,2,32520,4170,2569,1,2,11775,0.3,282,3,1,3,251446,5587.0,0.7,2,0.76,644,C
CUST02525,22,Male,Married,Graduate,Business Owner,7,107934.0,3092.0,4,10618,2653,1406,0,0,12225,0.29,283,6,0,3,386362,21464.0,0.45,0,2.0,581,D
CUST02526,61,Male,Single,Graduate,Salaried,17,93836.0,4600.0,1,3525,1169,2861,0,2,14906,0.25,298,0,0,1,296661,5114.0,0.9,0,0.65,731,B
CUST02527,41,Female,Divorced,Graduate,Salaried,21,75336.0,1760.0,2,39021,2112,2711,1,2,34685,0.17,471,0,0,4,146565,2484.0,0.78,1,0.4,737,B
CUST02528,22,Male,Divorced,Graduate,Self-Employed,11,15000.0,1587.0,3,15925,5123,3461,0,3,5535,0.04,17,2,0,0,494,12.0,0.67,0,0.01,767,B
CUST02529,47,Male,Single,High School,Salaried,26,116545.0,3996.0,1,31959,3657,1947,0,2,54590,0.37,1615,4,0,1,212665,,0.77,0,0.38,687,C
CUST02530,29,Male,Single,High School,Unemployed,0,31296.0,808.0,2,5876,4746,1798,1,4,11450,0.2,183,2,1,2,15494,1191.0,0.55,1,0.46,672,C
CUST02531,21,Female,Married,Post-Graduate,Self-Employed,13,144318.0,4804.0,4,17256,2276,1767,0,2,70152,0.09,505,2,1,4,428350,28556.0,0.41,0,2.0,646,C
CUST02532,31,Female,Married,Post-Graduate,Salaried,10,51995.0,6005.0,1,29776,4101,2216,0,5,14327,0.29,332,0,1,0,26408,287.0,0.83,1,0.07,755,B
CUST02533,23,Male,Married,Graduate,Business Owner,21,53237.0,2635.0,1,8379,4450,2709,0,2,18081,0.12,173,0,1,4,26232,397.0,0.81,0,0.09,786,B
CUST02534,43,Male,Married,High School,Salaried,26,59015.0,4085.0,3,26901,695,4089,1,3,20093,0.22,353,0,0,2,121102,3784.0,0.93,1,0.77,716,B
CUST02535,46,Female,Married,High School,Self-Employed,14,75411.0,4002.0,2,37923,3442,4015,0,5,7635,0.11,67,1,1,1,72703,,0.43,0,0.15,721,B
CUST02536,24,Female,Single,Graduate,Salaried,9,33876.0,9766.0,2,25347,3295,2277,0,2,3759,0.47,141,0,1,2,32721,629.0,0.49,0,0.22,661,C
CUST02537,38,Male,Married,Post-Graduate,Salaried,7,48455.0,5481.0,4,11926,1240,5509,0,2,7661,0.19,116,0,0,3,185992,3049.0,0.7,0,0.76,696,C
CUST02538,26,Male,Married,Graduate,Salaried,7,103034.0,11771.0,1,10707,1253,3110,3,5,31368,0.32,803,1,1,1,121177,3275.0,0.76,1,0.38,695,C
CUST02539,55,Male,Married,Post-Graduate,Self-Employed,26,115231.0,3762.0,3,8635,6061,3206,1,5,31367,0.09,225,3,0,3,423730,3590.0,0.76,0,0.37,739,B
CUST02540,42,Male,Divorced,Post-Graduate,Salaried,18,41843.0,3755.0,4,6812,3256,3507,0,5,13218,0.2,211,1,0,2,38927,1216.0,0.9,0,0.35,753,B
CUST02541,63,Female,Married,Doctorate,Salaried,16,85006.0,8450.0,4,32432,4895,4036,0,1,35719,0.21,600,0,0,1,305482,9854.0,0.54,1,1.39,646,C
CUST02542,35,Female,Single,High School,Salaried,8,59297.0,0.0,3,6021,4108,3697,0,5,25432,,345,3,0,2,48258,766.0,0.64,1,0.16,718,B
CUST02543,42,Male,Married,High School,Salaried,16,90063.0,7341.0,2,15595,3078,1839,0,4,44203,0.1,353,0,0,4,62953,1085.0,0.59,1,0.14,752,B
CUST02544,57,Female,Married,High School,Unemployed,0,48076.0,4721.0,3,22654,1479,2090,0,4,15529,0.35,434,1,0,4,53387,464.0,0.96,0,0.12,756,B
CUST02545,62,Male,Single,Post-Graduate,Salaried,15,96933.0,5339.0,2,14416,3974,942,0,4,23155,0.16,296,1,0,0,163499,1587.0,0.81,0,0.2,767,B
CUST02546,32,Female,Divorced,Post-Graduate,Business Owner,25,71001.0,,5,9715,3013,3192,1,2,15848,0.45,570,0,0,2,59261,722.0,0.53,0,0.12,679,C
CUST02547,67,Female,Single,Graduate,Self-Employed,15,60231.0,6769.0,1,37923,3245,3666,0,4,14232,0.43,489,3,0,3,148493,4367.0,0.77,0,0.87,632,F
CUST02548,69,Male,Married,High School,Self-Employed,6,73881.0,0.0,3,10811,3410,3732,0,1,16958,0.26,352,1,0,0,138367,4941.0,0.77,0,0.8,686,C
CUST02549,62,Male,Married,Graduate,Salaried,9,118332.0,2769.0,4,22663,3532,2842,0,0,30431,0.16,389,2,2,1,255066,6073.0,,0,0.62,736,B
CUST02550,58,Female,Single,Graduate,Unemployed,0,72165.0,10877.0,2,12221,3816,3289,1,0,9378,0.06,45,1,1,3,191861,2311.0,0.54,0,0.38,720,B
CUST02551,38,Male,Divorced,Graduate,Salaried,25,83549.0,5192.0,1,11364,1639,545,0,1,29523,0.42,991,2,1,4,154387,2968.0,0.75,0,0.43,681,C
CUST02552,65,Male,Divorced,Graduate,Self-Employed,7,77696.0,1452.0,1,54,4054,2008,0,0,25423,,406,2,0,3,29343,261.0,0.71,0,0.04,749,B
CUST02553,55,Male,Married,High School,Unemployed,0,77826.0,5185.0,3,20234,4101,1897,0,0,22163,0.24,425,0,0,3,110028,5790.0,0.71,0,0.89,680,C
CUST02554,50,Female,Single,Post-Graduate,Business Owner,28,111540.0,7241.0,4,570,3310,4267,2,3,14772,0.21,248,4,0,0,231027,2625.0,0.58,0,0.28,685,C
CUST02555,44,Male,Single,Graduate,Self-Employed,8,99970.0,5290.0,3,24336,3906,2925,0,2,13724,0.09,98,1,0,2,71551,2104.0,0.8,1,0.25,769,B
CUST02556,62,Female,Married,Graduate,Unemployed,0,34196.0,4662.0,4,15585,5164,2881,0,3,10875,0.36,313,0,0,4,67401,748.0,0.9,2,0.26,729,B
CUST02557,50,Male,Single,High School,Self-Employed,21,91459.0,3228.0,5,5640,4271,903,2,3,10484,0.22,184,0,0,1,45088,450.0,0.84,0,0.06,770,B
CUST02558,34,Female,Married,Post-Graduate,Salaried,16,123365.0,1202.0,3,2957,1279,982,1,1,48101,,2809,3,0,1,173871,1811.0,0.86,0,0.18,657,C
CUST02559,26,Female,Divorced,Graduate,Salaried,15,68016.0,0.0,2,0,2192,2268,0,0,33838,0.08,216,3,0,4,228227,5851.0,0.74,3,1.03,665,C
CUST02560,23,Female,Married,Doctorate,Salaried,3,100641.0,2506.0,3,29799,2715,3430,2,1,34113,0.47,1282,1,0,1,18907,230.0,0.82,0,0.03,718,B
CUST02561,36,Male,Divorced,Graduate,Salaried,1,15000.0,,3,19193,2115,1454,0,4,5840,0.36,168,1,0,3,2188,35.0,0.69,0,0.03,718,B
CUST02562,27,Female,Married,Doctorate,Business Owner,13,46015.0,3725.0,5,22360,918,4269,1,3,12680,0.33,334,1,1,1,73476,,0.86,0,0.19,733,B
CUST02563,34,Female,Married,Post-Graduate,Self-Employed,22,146847.0,4511.0,5,27445,4411,1575,0,0,53887,0.09,387,1,1,3,537207,6320.0,0.8,0,0.52,755,B
CUST02564,29,Male,Divorced,Graduate,Salaried,29,97897.0,432.0,3,43718,1813,3155,0,2,35312,0.26,734,1,0,4,240621,3759.0,0.85,1,0.46,727,B
CUST02565,35,Male,Married,Doctorate,Business Owner,12,81547.0,,4,5632,4838,1698,0,3,35035,0.15,420,1,0,4,224145,4310.0,0.69,0,0.63,710,B
CUST02566,41,Male,Divorced,Graduate,Salaried,9,130218.0,,5,10687,574,4011,0,0,50073,0.2,801,0,0,0,289901,7628.0,0.87,0,0.7,735,B
CUST02567,55,Male,Single,Graduate,Unemployed,0,41677.0,4000.0,5,27910,4167,4817,0,4,16654,0.26,346,3,1,1,129223,1389.0,0.92,0,0.4,726,B
CUST02568,22,Female,Single,High School,Unemployed,0,113076.0,3217.0,4,31030,4283,3254,0,1,36484,0.23,671,1,0,0,184371,3178.0,0.94,0,0.34,763,B
CUST02569,47,Male,Divorced,Graduate,Unemployed,0,49275.0,3259.0,1,20917,3347,1760,0,0,14477,0.25,289,2,0,3,147637,1406.0,0.84,0,0.34,729,B
CUST02570,22,Male,Married,Post-Graduate,Business Owner,27,77839.0,4270.0,5,0,2616,1454,1,0,22066,0.12,211,2,1,1,290867,2744.0,,1,0.42,743,B
CUST02571,55,Female,Divorced,Post-Graduate,Salaried,25,26254.0,4905.0,5,0,2982,1655,0,3,6742,0.07,37,5,0,0,36229,1393.0,0.68,1,0.64,680,C
CUST02572,38,Male,Divorced,High School,Self-Employed,5,63491.0,0.0,4,18825,3027,1954,0,0,13105,0.08,83,1,1,4,104296,1158.0,0.92,0,0.22,792,B
CUST02573,34,Male,Single,Graduate,Salaried,13,114709.0,0.0,4,36273,3692,1824,0,4,12999,0.49,509,1,2,3,80316,5354.0,0.58,0,0.56,643,C
CUST02574,40,Male,Married,High School,Salaried,2,,3417.0,3,41544,2730,4054,0,2,21989,0.06,105,2,0,3,28107,598.0,0.76,0,0.12,772,B
CUST02575,38,Female,Married,Post-Graduate,Self-Employed,10,89792.0,7766.0,3,0,2951,2650,1,4,41338,0.32,1058,3,2,1,269258,15838.0,0.43,1,2.0,583,D
CUST02576,30,Female,Married,High School,Salaried,26,60397.0,750.0,1,26981,3504,3176,0,0,28519,0.23,524,0,1,1,142079,4305.0,0.51,0,0.86,653,C
CUST02577,45,Female,Married,Doctorate,Unemployed,0,,6741.0,1,26654,3038,1018,0,2,29208,0.2,467,0,0,4,251749,3186.0,0.88,0,0.43,756,B
CUST02578,22,Male,Single,Graduate,Unemployed,0,97343.0,9969.0,1,12031,1668,2109,0,4,13399,,621,2,0,2,65461,921.0,0.79,0,0.11,689,C
CUST02579,45,Female,Married,Graduate,Salaried,3,54657.0,4200.0,2,22111,1820,3253,1,2,24675,0.18,355,2,1,1,165537,1689.0,0.6,0,0.37,699,C
CUST02580,53,Male,Married,Post-Graduate,Self-Employed,14,49038.0,3654.0,4,16355,2886,1984,1,5,19570,0.22,344,1,1,2,61584,580.0,0.81,0,0.14,751,B
CUST02581,56,Male,Single,Graduate,Salaried,16,62933.0,6613.0,5,2810,407,2890,3,3,12622,0.69,696,2,0,1,156037,4217.0,0.58,1,0.8,551,D
CUST02582,51,Male,Married,High School,Business Owner,6,62278.0,5327.0,4,10647,2783,2028,0,0,26245,0.12,251,1,0,3,211125,9596.0,0.64,0,1.85,672,C
CUST02583,34,Female,Married,Graduate,Self-Employed,22,15000.0,3132.0,4,50261,3257,3946,0,2,4332,0.58,201,0,0,2,36924,384.0,0.66,0,0.31,656,C
CUST02584,21,Male,Divorced,High School,Salaried,8,85047.0,,1,24339,2862,2529,1,1,38699,0.17,526,1,0,0,58284,654.0,0.65,0,0.09,744,B
CUST02585,66,Male,Single,Doctorate,Salaried,1,86449.0,2942.0,4,1825,3685,1780,1,3,17207,0.3,412,0,0,1,172921,1695.0,0.58,0,0.24,705,B
CUST02586,36,Male,Single,Graduate,Salaried,20,21099.0,9128.0,2,3129,3303,2882,0,0,8869,0.3,212,0,1,3,21360,350.0,,0,0.2,738,B
CUST02587,66,Male,Married,Graduate,Unemployed,0,100168.0,4355.0,5,43359,4280,2885,0,3,38541,0.24,739,0,0,0,221505,2605.0,0.93,1,0.31,763,B
CUST02588,23,Female,Single,Graduate,Salaried,17,63006.0,6270.0,1,12659,3237,3662,1,1,6664,0.31,165,2,0,1,19917,1048.0,0.69,1,0.2,700,B
CUST02589,55,Male,Divorced,High School,Salaried,24,84848.0,9994.0,3,14394,5901,1042,1,0,27603,0.14,309,2,0,1,333429,4220.0,0.86,0,0.6,728,B
CUST02590,61,Female,Single,Post-Graduate,Business Owner,18,67554.0,4457.0,5,31887,3045,1393,0,3,26090,0.36,751,1,0,2,167622,2993.0,0.67,0,0.53,677,C
CUST02591,26,Male,Married,Doctorate,Business Owner,24,84781.0,2746.0,3,14896,4142,2790,0,3,13782,0.19,209,3,0,2,129421,,0.6,0,0.22,712,B
CUST02592,45,Female,Married,Post-Graduate,Business Owner,3,78515.0,3282.0,3,12022,2722,1849,0,2,24556,0.48,942,0,0,2,108313,1041.0,0.91,1,0.16,728,B
CUST02593,33,Female,Married,Graduate,Self-Employed,24,101335.0,4989.0,4,23330,3054,2681,0,2,22458,0.22,395,1,0,3,235480,4205.0,0.72,0,0.5,716,B
CUST02594,54,Male,Single,Graduate,Self-Employed,6,,4570.0,5,9377,1580,2794,0,3,28409,0.11,249,2,0,4,201790,2017.0,0.76,0,0.32,747,B
CUST02595,28,Male,Married,High School,Self-Employed,17,97619.0,4465.0,2,12975,2848,1415,0,2,30853,0.09,222,1,0,2,91532,810.0,0.82,0,0.1,790,B
CUST02596,41,Female,Married,Post-Graduate,Salaried,23,117743.0,6049.0,4,43902,1755,2839,0,0,41043,0.66,2167,1,1,0,259484,3414.0,0.75,0,0.35,657,C
CUST02597,54,Female,Single,Graduate,Self-Employed,13,72539.0,5365.0,3,7652,4722,1864,0,2,9358,0.53,396,3,0,2,248606,9207.0,0.7,1,1.52,589,D
CUST02598,24,Male,Divorced,Graduate,Salaried,23,67097.0,3613.0,5,16264,3272,606,1,0,10407,0.37,308,1,1,3,217480,3815.0,0.83,0,0.68,680,C
CUST02599,45,Male,Single,Doctorate,Salaried,22,91878.0,5032.0,4,52051,3855,2486,2,0,29477,0.42,990,2,0,0,67807,4843.0,0.92,0,0.63,680,C
CUST02600,35,Female,Married,High School,Unemployed,0,15000.0,2930.0,5,0,381,2008,1,0,2587,0.19,39,1,0,3,22993,323.0,0.56,0,0.26,703,B
CUST02601,24,Female,Married,High School,Salaried,21,48776.0,3548.0,1,48488,563,1740,0,0,14607,0.06,70,2,0,2,154285,2857.0,0.76,1,0.7,714,B
CUST02602,65,Male,Single,High School,Unemployed,0,47726.0,0.0,2,27898,2524,2630,0,3,17945,0.38,545,3,0,4,59015,1341.0,0.88,0,0.34,704,B
CUST02603,32,Male,Divorced,Graduate,Salaried,17,91564.0,2500.0,2,26996,869,3094,1,4,38814,0.14,434,2,0,0,281579,3433.0,0.83,1,0.45,733,B
CUST02604,52,Male,Married,High School,Salaried,1,79503.0,7447.0,2,26765,0,1836,0,4,12498,0.59,589,0,1,1,225561,,0.8,0,0.29,685,C
CUST02605,52,Female,Single,Graduate,Self-Employed,16,113043.0,6886.0,3,13537,4201,3523,1,0,44849,0.39,1399,0,0,0,82631,718.0,0.58,0,0.08,706,B
CUST02606,48,Male,Married,Graduate,Business Owner,6,111244.0,7192.0,3,4926,3486,1372,0,4,27285,0.18,392,0,0,3,310085,11926.0,0.51,0,1.29,656,C
CUST02607,33,Female,Married,High School,Self-Employed,8,16166.0,6276.0,2,19608,1805,1835,1,0,6006,0.41,196,0,0,2,54139,652.0,0.79,0,0.48,686,C
CUST02608,51,Male,Married,Post-Graduate,Business Owner,1,24402.0,3545.0,5,18308,3184,4287,0,4,3858,0.14,43,3,0,4,88546,2459.0,0.89,0,1.21,686,C
CUST02609,34,Male,Married,Graduate,Salaried,2,76159.0,1204.0,1,23399,5755,1558,0,5,23309,0.27,503,0,0,0,74608,6217.0,0.74,0,0.98,671,C
CUST02610,40,Female,Single,Post-Graduate,Unemployed,0,28591.0,4048.0,3,15444,1607,2483,0,1,12437,0.48,477,4,0,0,114008,,0.5,1,0.64,587,D
CUST02611,38,Female,Single,Graduate,Salaried,5,15832.0,0.0,4,32611,4369,1585,1,2,2257,0.57,102,0,0,0,31049,365.0,0.83,1,0.28,676,C
CUST02612,49,Female,Married,Graduate,Business Owner,24,52861.0,8426.0,4,32255,2317,4238,2,4,22786,0.09,164,0,1,1,53179,1969.0,0.41,0,0.45,689,C
CUST02613,26,Male,Single,Doctorate,Salaried,27,15000.0,5614.0,3,0,2074,1484,2,0,4216,,50,0,1,2,43312,646.0,0.84,1,0.52,727,B
CUST02614,52,Female,Divorced,High School,Business Owner,20,,7563.0,2,0,1119,4526,0,2,18962,0.27,409,0,0,4,125959,5476.0,0.39,0,1.49,613,C
CUST02615,49,Female,Single,Graduate,Self-Employed,15,96341.0,3459.0,5,8328,3213,3800,0,2,46566,0.2,745,0,0,0,236694,2366.0,0.59,0,0.29,726,B
CUST02616,63,Male,Married,Post-Graduate,Salaried,21,60419.0,181.0,1,18,4209,3001,0,3,9900,0.53,419,1,0,3,34997,357.0,0.75,1,0.07,693,C
CUST02617,22,Male,Married,Graduate,Unemployed,0,119931.0,5552.0,4,35976,3465,3536,0,3,44353,0.39,1383,0,0,3,15331,,0.82,0,0.02,753,B
CUST02618,43,Male,Married,Graduate,Salaried,5,57955.0,5516.0,3,10301,2674,4850,0,4,11245,0.51,458,1,0,3,170465,8971.0,0.81,1,1.86,622,C
CUST02619,39,Male,Single,Graduate,Salaried,3,91593.0,4587.0,5,27805,2028,1861,1,3,14125,0.26,293,0,1,1,127900,1540.0,0.78,1,0.2,741,B
CUST02620,51,Female,Single,Post-Graduate,Business Owner,6,59116.0,5855.0,2,17959,5595,2698,0,0,20763,0.34,564,1,1,4,23099,228.0,0.82,1,0.05,740,B
CUST02621,25,Male,Single,Post-Graduate,Salaried,21,68517.0,3567.0,1,33623,2162,2493,1,3,9811,0.11,86,3,0,3,255199,3314.0,0.84,0,0.58,723,B
CUST02622,39,Female,Single,High School,Salaried,15,63231.0,5597.0,1,13461,2150,1568,0,1,18088,0.11,159,1,0,1,234277,1968.0,0.94,0,0.37,776,B
CUST02623,54,Male,Single,High School,Self-Employed,18,91684.0,6406.0,4,0,655,2011,0,4,32491,0.23,597,1,0,4,235549,2804.0,0.95,2,0.37,749,B
CUST02624,30,Female,Married,Graduate,Business Owner,14,96733.0,10026.0,4,9600,5627,2847,0,2,29005,0.24,556,0,0,0,93927,1806.0,0.5,0,0.22,712,B
CUST02625,45,Male,Married,Graduate,Salaried,10,136844.0,7297.0,3,0,458,5209,0,5,51840,0.19,787,2,0,4,538969,7591.0,0.5,0,0.67,670,C
CUST02626,22,Male,Married,Graduate,Self-Employed,4,75446.0,1282.0,1,0,4425,1217,1,2,31729,0.22,558,0,0,4,72746,2346.0,0.94,0,0.37,760,B
CUST02627,31,Male,Married,Graduate,Self-Employed,11,91435.0,3830.0,2,25098,3898,2478,1,1,41045,0.23,755,0,1,4,3888,34.0,0.79,0,0.0,771,B
CUST02628,51,Male,Married,High School,Business Owner,20,44196.0,2433.0,2,22912,2279,2058,1,0,14317,0.48,549,1,0,4,159021,1622.0,0.7,0,0.44,660,C
CUST02629,35,Female,Married,High School,Unemployed,0,95630.0,9112.0,3,11434,3341,3181,1,2,20144,0.39,628,0,0,4,75027,843.0,0.91,1,0.11,746,B
CUST02630,29,Male,Married,Doctorate,Business Owner,15,75757.0,3529.0,1,17429,3698,3199,0,1,23019,0.18,331,0,0,4,190835,2765.0,0.66,1,0.44,719,B
CUST02631,43,Female,Married,High School,Self-Employed,23,15000.0,4208.0,4,0,6401,913,1,3,3826,0.08,24,1,0,0,14300,126.0,0.42,0,0.1,717,B
CUST02632,39,Male,Married,Graduate,Salaried,9,48936.0,4664.0,2,30136,5640,2708,0,4,9315,0.07,52,2,1,3,87474,849.0,0.84,0,0.21,773,B
CUST02633,29,Male,Single,Graduate,Salaried,15,15000.0,6208.0,5,16923,4107,7,0,1,4674,0.26,97,0,0,1,24183,383.0,0.83,0,0.31,739,B
CUST02634,55,Male,Single,Doctorate,Self-Employed,26,52848.0,1431.0,3,27911,3379,3858,1,1,5763,0.22,101,2,0,4,79263,747.0,0.87,0,0.17,750,B
CUST02635,41,Female,Married,Post-Graduate,Unemployed,0,84197.0,4967.0,2,27040,3999,436,0,3,28814,0.41,945,1,0,0,107039,1754.0,0.82,0,0.25,717,B
CUST02636,29,Female,Single,Post-Graduate,Self-Employed,18,66037.0,7815.0,5,24250,3352,1405,0,0,28306,0.26,588,2,1,0,4019,103.0,0.39,0,0.02,691,C
CUST02637,48,Male,Divorced,High School,Salaried,6,93482.0,4013.0,5,5784,3533,3026,2,5,46719,0.12,448,2,0,0,80251,,0.56,0,0.09,729,B
CUST02638,66,Male,Divorced,Post-Graduate,Salaried,18,15000.0,10485.0,2,24167,2024,1713,1,5,7030,0.33,185,0,0,1,59649,774.0,0.81,2,0.62,681,C
CUST02639,27,Male,Single,Graduate,Self-Employed,25,103749.0,2347.0,3,26564,2898,2946,0,3,14102,0.25,282,2,0,1,3215,41.0,0.83,0,0.0,765,E
CUST02640,36,Female,Single,Graduate,Self-Employed,18,82367.0,3486.0,5,9910,4169,4672,0,3,13588,0.06,65,0,0,3,23683,493.0,0.46,0,0.07,750,B
CUST02641,36,Female,Married,Graduate,Self-Employed,22,37050.0,7323.0,5,24772,3082,3786,2,2,5759,0.2,92,2,0,2,4787,45.0,0.88,0,0.01,762,B
CUST02642,53,Male,Married,Post-Graduate,Self-Employed,24,74251.0,5098.0,1,0,3735,1920,0,5,24008,0.25,480,2,0,3,152678,2035.0,0.72,0,0.33,715,B
CUST02643,24,Female,Single,Post-Graduate,Salaried,6,140730.0,4313.0,1,28235,2226,2225,2,1,16658,0.32,426,0,0,4,20752,228.0,0.46,0,0.02,705,B
CUST02644,24,Male,Married,Post-Graduate,Unemployed,0,118956.0,1641.0,1,24606,2929,1071,0,1,56479,0.16,722,1,0,4,255278,6381.0,0.8,1,0.64,723,B
CUST02645,59,Female,Married,Doctorate,Self-Employed,15,125326.0,3250.0,5,42363,1146,3760,0,3,15632,0.17,212,0,2,1,163621,2442.0,0.39,0,0.23,710,B
CUST02646,60,Male,Single,Graduate,Salaried,19,68613.0,10492.0,5,48846,4187,3102,0,3,17599,0.03,42,1,3,3,240886,13382.0,,1,2.0,693,C
CUST02647,37,Female,Single,Graduate,Salaried,5,109093.0,5958.0,3,16194,366,1507,1,1,49919,0.35,1397,1,0,0,156640,2848.0,0.59,0,0.31,686,C
CUST02648,57,Male,Married,High School,Unemployed,0,114306.0,6729.0,4,27660,3720,2888,3,1,54792,0.1,438,0,0,0,374858,5355.0,0.39,0,0.56,677,C
CUST02649,59,Female,Single,Post-Graduate,Business Owner,17,43683.0,3129.0,1,25186,948,631,1,1,12498,0.64,639,2,0,3,123105,2322.0,0.86,0,0.64,629,C
CUST02650,49,Female,Married,High School,Salaried,21,113719.0,5584.0,4,15878,1577,2935,0,0,33589,0.17,456,0,0,4,441009,3902.0,0.66,0,0.41,733,B
CUST02651,56,Female,Married,Post-Graduate,Salaried,10,106924.0,4172.0,1,0,1526,4043,0,3,37901,0.03,90,1,0,0,189256,2200.0,0.66,0,0.25,764,B
CUST02652,58,Female,Married,Graduate,Salaried,12,54814.0,1258.0,1,2965,4289,3363,0,3,14419,,749,3,0,4,209330,7218.0,0.93,0,1.58,604,C
CUST02653,59,Female,Divorced,Graduate,Salaried,5,77804.0,2797.0,3,11995,1183,2838,0,2,17884,0.33,472,1,0,3,201257,3593.0,0.7,0,0.55,686,C
CUST02654,57,Male,Divorced,High School,Self-Employed,7,115745.0,3440.0,3,24041,2721,3770,1,2,45808,0.17,622,1,0,0,177188,2567.0,0.87,0,0.27,765,B
CUST02655,55,Male,Married,Graduate,Self-Employed,12,73261.0,11285.0,2,40727,2373,1974,0,4,24772,0.28,554,1,0,4,143564,3880.0,0.42,0,0.64,644,C
CUST02656,27,Male,Single,Post-Graduate,Self-Employed,23,101502.0,10612.0,1,18465,2616,0,0,1,29706,0.23,546,0,0,2,296504,12354.0,0.49,0,1.46,642,C
CUST02657,47,Female,Married,High School,Self-Employed,2,60856.0,0.0,1,35604,4122,4170,2,1,8539,0.4,273,1,1,0,215431,4583.0,0.25,0,0.9,562,D
CUST02658,48,Male,Married,Graduate,Salaried,20,42151.0,2521.0,1,41732,2808,3567,0,4,5376,0.32,137,0,1,1,68432,,0.91,0,0.16,757,B
CUST02659,42,Female,Single,High School,Salaried,17,39027.0,4453.0,3,11408,2785,2911,0,3,11876,0.27,256,1,2,2,147199,1911.0,0.81,1,0.59,700,B
CUST02660,34,Female,Divorced,Graduate,Salaried,13,66562.0,5079.0,1,0,1631,2629,0,1,23148,0.14,259,1,1,3,127357,2894.0,0.78,2,0.52,723,B
CUST02661,27,Male,Single,High School,Salaried,5,88149.0,4605.0,2,20561,1571,3497,1,2,31998,0.2,511,1,1,4,271632,6964.0,0.65,0,0.95,662,C
CUST02662,57,Male,Single,Graduate,Salaried,5,22283.0,10549.0,5,0,897,3495,0,0,10204,0.12,97,2,0,0,80898,834.0,0.69,0,0.45,717,B
CUST02663,42,Male,Single,Post-Graduate,Self-Employed,20,132787.0,3583.0,2,47260,2467,2304,0,5,56632,0.37,1676,2,0,1,116790,2048.0,0.63,0,0.19,700,B
CUST02664,25,Male,Married,Graduate,Business Owner,26,107033.0,10447.0,5,37490,5227,4078,1,3,16729,0.07,93,0,0,0,86021,2530.0,0.79,0,0.28,777,B
CUST02665,22,Male,Married,Graduate,Business Owner,12,90414.0,7885.0,3,41135,3269,3435,0,0,37772,,1178,0,0,2,246614,7253.0,0.7,1,0.96,642,C
CUST02666,47,Male,Single,Graduate,Business Owner,12,99473.0,4811.0,4,0,3085,1801,0,0,36856,0.26,766,1,1,4,251526,2245.0,0.92,0,0.27,759,B
CUST02667,41,Female,Single,High School,Self-Employed,7,55569.0,3066.0,3,14547,665,5275,0,4,23961,0.26,498,1,0,4,184133,3347.0,0.69,1,0.72,674,C
CUST02668,58,Female,Single,Graduate,Self-Employed,6,30724.0,3021.0,4,20799,4672,1572,1,0,13436,0.29,311,0,0,1,66542,1330.0,0.78,0,0.52,704,B
CUST02669,35,Male,Married,Graduate,Salaried,29,87295.0,10827.0,5,26026,5402,164,0,1,20794,0.36,598,0,0,4,253717,3964.0,0.66,1,0.54,679,C
CUST02670,41,Male,Single,Graduate,Unemployed,0,106324.0,7163.0,4,14584,1744,917,2,4,21829,0.28,488,0,0,1,72315,682.0,0.83,0,0.08,758,B
CUST02671,30,Male,Divorced,Post-Graduate,Salaried,19,60186.0,5884.0,5,0,1535,3936,0,2,19322,0.18,278,2,1,2,131284,3861.0,0.73,1,0.77,683,C
CUST02672,43,Female,Single,Graduate,Salaried,16,46674.0,0.0,4,26936,5157,3987,1,0,10242,0.32,262,1,1,1,1908,29.0,0.67,1,0.01,718,B
CUST02673,59,Female,Divorced,Post-Graduate,Salaried,2,58740.0,3516.0,5,46503,3580,1352,1,1,14090,0.33,371,0,0,3,160227,1930.0,0.86,1,0.39,719,B
CUST02674,25,Male,Single,Doctorate,Unemployed,0,89434.0,3891.0,4,50149,5578,1795,0,1,11417,,255,0,0,3,347216,3275.0,,1,0.44,739,B
CUST02675,21,Male,Married,High School,Unemployed,0,93058.0,5652.0,5,16015,4767,1807,1,2,46207,0.05,184,2,0,4,65303,709.0,0.6,0,0.09,752,B
CUST02676,33,Female,Single,Graduate,Business Owner,26,129300.0,4589.0,2,21177,116,3528,0,4,28926,0.63,1457,2,0,1,70675,648.0,,2,0.06,662,E
CUST02677,41,Female,Single,Graduate,Self-Employed,5,88390.0,3848.0,1,4907,5386,1090,1,4,36419,0.36,1048,1,0,1,167435,4924.0,0.89,0,0.67,694,C
CUST02678,46,Male,Divorced,High School,Self-Employed,1,50008.0,5965.0,2,21192,3195,3684,1,4,24867,0.68,1352,0,0,0,89293,1488.0,0.96,0,0.36,678,C
CUST02679,65,Female,Divorced,Post-Graduate,Unemployed,0,66078.0,7698.0,3,13567,3034,2729,0,2,32222,0.34,876,2,1,1,117041,1026.0,0.76,0,0.19,717,B
CUST02680,41,Male,Married,Post-Graduate,Self-Employed,19,43583.0,3209.0,4,12225,3049,1850,0,2,15408,,258,1,0,0,50631,973.0,0.45,0,0.27,691,C
CUST02681,38,Male,Married,Graduate,Unemployed,0,108205.0,2029.0,5,0,2882,1973,0,2,34134,0.32,873,1,0,2,59824,964.0,0.77,1,0.11,737,B
CUST02682,57,Female,Married,Graduate,Salaried,23,41544.0,3312.0,2,43114,719,2225,1,4,9293,0.16,118,0,1,0,153359,1533.0,0.68,0,0.44,721,B
CUST02683,65,Female,Divorced,High School,Salaried,3,58034.0,2119.0,2,16348,5077,2250,0,0,25802,0.11,227,4,0,4,80927,,0.77,0,0.43,722,B
CUST02684,52,Male,Single,Graduate,Business Owner,1,89442.0,4201.0,5,12824,2169,1680,0,2,21036,0.25,420,0,0,3,145699,5603.0,0.97,0,0.75,732,B
CUST02685,56,Female,Married,Post-Graduate,Salaried,4,122858.0,11010.0,4,23365,2532,5019,1,2,17530,0.17,238,3,0,4,207097,6471.0,0.93,0,0.63,728,B
CUST02686,37,Male,Married,Graduate,Unemployed,0,160685.0,3980.0,3,11318,3866,3194,1,4,34971,0.19,531,1,1,0,82160,4832.0,0.48,0,0.36,700,B
CUST02687,55,Female,Married,Graduate,Self-Employed,28,34788.0,1698.0,3,0,5624,3594,0,2,7863,0.03,18,1,1,0,27547,1449.0,0.79,1,0.5,748,B
CUST02688,69,Male,Divorced,Post-Graduate,Unemployed,0,94127.0,3673.0,3,39582,2874,2685,0,0,36464,0.46,1341,1,1,0,4830,109.0,0.84,0,0.01,734,B
CUST02689,31,Female,Single,Graduate,Salaried,7,74309.0,,5,20517,3299,2852,1,4,12470,0.58,578,1,0,4,147822,4619.0,0.81,1,0.75,629,C
CUST02690,41,Female,Single,Graduate,Self-Employed,5,67521.0,4164.0,2,31810,5101,2129,0,2,15310,0.62,759,1,0,1,149699,1559.0,0.96,0,0.28,696,C
CUST02691,46,Male,Married,Graduate,Salaried,13,66513.0,2574.0,3,22904,3849,3861,0,2,8688,0.18,125,2,0,2,56806,668.0,0.85,0,0.12,765,B
CUST02692,24,Female,Married,Graduate,Self-Employed,11,37959.0,0.0,2,34231,3703,2606,1,3,16677,0.08,106,1,0,4,64225,558.0,0.6,1,0.18,734,B
CUST02693,54,Female,Single,Post-Graduate,Self-Employed,14,125003.0,3998.0,3,30530,0,1705,0,3,48739,0.24,935,0,0,0,345526,4373.0,0.81,0,0.42,744,B
CUST02694,68,Female,Married,Post-Graduate,Unemployed,0,15000.0,654.0,3,0,2553,0,0,1,4124,0.13,42,2,0,1,15556,777.0,0.84,0,0.62,721,B
CUST02695,38,Male,Divorced,High School,Self-Employed,17,70571.0,5648.0,4,26724,3252,1456,0,1,19195,0.07,107,3,0,4,103657,987.0,0.64,0,0.17,742,B
CUST02696,60,Female,Single,Doctorate,Salaried,23,119921.0,3736.0,5,6603,3237,2299,0,2,19972,0.1,159,1,0,4,337742,8660.0,0.73,1,0.87,703,B
CUST02697,55,Female,Married,Graduate,Unemployed,0,81812.0,0.0,4,6536,4374,2569,0,3,20763,0.05,83,3,0,4,195298,1859.0,0.77,1,0.27,752,B
CUST02698,61,Male,Married,Post-Graduate,Salaried,21,54891.0,9990.0,2,0,1165,1099,1,1,25399,0.51,1036,1,0,0,111138,1134.0,0.66,1,0.25,662,C
CUST02699,49,Female,Married,Post-Graduate,Salaried,23,56107.0,11412.0,2,47126,1465,0,2,4,8722,0.23,160,0,0,1,194848,,0.71,0,0.42,712,B
CUST02700,49,Male,Divorced,Graduate,Salaried,21,,5770.0,5,17955,4458,5158,0,3,41161,0.35,1152,1,0,4,28539,335.0,0.86,0,0.04,755,B
CUST02701,58,Male,Married,Post-Graduate,Business Owner,21,65826.0,9608.0,3,13756,4634,2504,0,0,7824,0.79,494,2,1,3,138517,2826.0,0.55,0,0.52,574,D
CUST02702,62,Male,Married,High School,Salaried,19,74038.0,5687.0,5,8516,1448,2113,0,0,16634,0.28,372,3,0,2,207230,2204.0,0.6,1,0.36,677,C
CUST02703,41,Female,Married,High School,Salaried,5,93666.0,0.0,3,55208,3403,2732,1,0,41098,0.21,690,2,1,4,103461,884.0,0.55,0,0.11,714,B
CUST02704,62,Female,Married,Post-Graduate,Unemployed,0,102905.0,4234.0,1,35199,2634,1217,0,0,28606,0.38,869,2,0,0,118399,1096.0,0.38,0,0.13,662,C
CUST02705,33,Male,Married,Post-Graduate,Business Owner,8,58257.0,3103.0,1,0,2033,3810,0,3,22200,0.2,355,2,1,1,116180,3227.0,0.69,0,0.66,688,C
CUST02706,69,Female,Divorced,Post-Graduate,Salaried,2,34030.0,509.0,5,40461,1200,1924,0,4,4812,0.23,88,1,1,2,46406,1450.0,0.81,1,0.51,714,B
CUST02707,61,Male,Married,Graduate,Business Owner,27,44914.0,5004.0,1,6218,1654,1630,0,0,16769,0.34,456,0,0,3,76149,2456.0,0.62,1,0.66,661,C
CUST02708,37,Male,Single,Graduate,Unemployed,0,116429.0,2763.0,1,29862,1767,1787,0,4,49786,0.11,438,0,1,0,321817,11919.0,0.69,0,1.23,696,C
CUST02709,29,Male,Single,Graduate,Salaried,2,77054.0,5563.0,2,13349,5327,1691,0,1,32524,0.12,312,3,0,3,114930,8840.0,,1,1.38,695,C
CUST02710,61,Female,Single,Doctorate,Business Owner,27,37524.0,7199.0,3,0,3742,1148,0,1,10339,0.13,107,0,2,2,4126,71.0,0.81,0,0.02,789,B
CUST02711,21,Female,Single,Graduate,Self-Employed,23,46999.0,10095.0,1,12271,3426,3029,0,2,21697,0.45,781,0,0,0,17519,372.0,0.49,0,0.09,678,C
CUST02712,22,Female,Divorced,Post-Graduate,Self-Employed,3,109935.0,4900.0,4,23617,1320,3199,1,3,36277,0.35,1015,2,0,4,222394,4633.0,0.87,2,0.51,693,C
CUST02713,68,Female,Married,Graduate,Salaried,24,77604.0,1633.0,2,23860,4987,921,1,0,33148,0.39,1034,3,0,4,290277,13194.0,0.41,1,2.0,566,D
CUST02714,49,Male,Married,Graduate,Self-Employed,20,24757.0,3388.0,3,14745,5164,2173,1,4,4589,0.53,194,1,0,1,28258,1569.0,0.89,0,0.76,648,C
CUST02715,53,Male,Married,Graduate,Salaried,26,41935.0,3739.0,2,20799,3367,2660,3,4,7720,0.01,6,1,0,3,4003,42.0,0.94,0,0.01,809,A
CUST02716,30,Male,Married,Doctorate,Business Owner,26,109586.0,11896.0,4,21984,3199,1889,1,5,44025,0.32,1127,1,0,1,356762,6860.0,0.72,1,0.75,667,C
CUST02717,60,Male,Married,Graduate,Salaried,24,57965.0,4678.0,3,33688,3203,3459,1,3,20789,0.22,365,2,1,0,178960,,0.8,1,2.0,660,C
CUST02718,41,Male,Divorced,Doctorate,Salaried,18,137843.0,6526.0,5,39660,4110,4368,0,1,51074,0.04,163,2,1,0,480281,7504.0,0.48,1,0.65,691,C
CUST02719,48,Female,Married,High School,Salaried,29,132463.0,8264.0,5,20028,808,3066,0,3,25781,0.69,1423,0,0,3,247009,2872.0,0.63,1,0.26,646,C
CUST02720,31,Male,Divorced,Graduate,Business Owner,15,119686.0,9128.0,2,146,1402,2501,1,4,31100,0.31,771,0,0,0,36233,489.0,0.52,1,0.05,710,A
CUST02721,54,Female,Married,Post-Graduate,Salaried,5,89945.0,5617.0,5,29603,1799,1581,0,3,18290,0.03,43,2,0,3,53172,748.0,0.85,0,0.1,797,B
CUST02722,28,Male,Single,Post-Graduate,Salaried,22,105991.0,3951.0,3,30244,2295,741,0,5,13487,0.36,388,0,0,4,407169,7830.0,0.43,1,0.89,615,C
CUST02723,42,Male,Married,Doctorate,Salaried,17,,3526.0,4,33374,3457,1541,1,1,13314,0.41,436,1,0,0,251076,,0.7,1,0.4,674,C
CUST02724,28,Female,Married,High School,Business Owner,14,74103.0,1151.0,4,5612,4526,3387,1,1,36908,0.3,885,1,1,2,179836,4087.0,0.54,0,0.66,652,C
CUST02725,69,Male,Single,High School,Salaried,1,38997.0,7664.0,5,32098,4395,1319,0,5,7550,0.22,132,1,0,3,8080,425.0,0.67,0,0.13,734,B
CUST02726,35,Female,Married,Graduate,Business Owner,14,73662.0,13218.0,1,24745,642,3979,0,0,12059,0.22,212,0,0,3,19636,236.0,,0,0.04,753,B
CUST02727,37,Female,Single,High School,Salaried,9,36943.0,9055.0,1,28695,5836,2034,0,0,13992,0.52,582,0,0,0,27063,2255.0,0.93,0,0.73,672,C
CUST02728,43,Male,Single,Doctorate,Salaried,5,75187.0,5063.0,1,8521,6316,1134,0,5,25628,0.41,840,3,1,3,198119,2751.0,0.68,0,0.44,663,C
CUST02729,44,Female,Divorced,Graduate,Self-Employed,4,38668.0,1144.0,5,0,5463,2764,0,0,15405,0.41,505,4,0,1,150465,3499.0,0.45,0,1.09,566,D
CUST02730,65,Male,Married,Graduate,Unemployed,0,48944.0,3336.0,5,0,1965,1451,1,1,17691,0.28,396,1,0,2,113425,1070.0,0.84,0,0.26,733,B
CUST02731,39,Male,Divorced,High School,Salaried,3,15000.0,,5,33248,2261,3533,0,4,2837,0.08,18,1,0,1,50280,3591.0,0.58,0,2.0,665,C
CUST02732,25,Female,Married,Graduate,Salaried,29,51520.0,3978.0,3,45673,637,1521,1,0,15474,0.57,705,0,1,2,157838,1644.0,0.9,0,0.38,687,C
CUST02733,52,Male,Married,Graduate,Salaried,20,53408.0,4619.0,1,31704,3429,62,0,3,9114,0.61,444,1,1,4,55992,699.0,0.69,0,0.16,666,C
CUST02734,64,Female,Married,High School,Self-Employed,11,,6155.0,2,1618,3408,1869,0,4,13239,0.48,508,0,1,4,153288,,0.87,0,0.51,694,C
CUST02735,21,Female,Married,Graduate,Salaried,16,110719.0,5638.0,3,19343,2454,599,0,5,54780,0.18,788,0,2,0,313278,2772.0,0.7,1,0.3,742,B
CUST02736,43,Female,Divorced,Graduate,Business Owner,11,73417.0,11972.0,3,24379,1629,3433,0,2,28740,0.17,390,2,1,3,94629,3785.0,0.43,0,0.62,660,C
CUST02737,57,Male,Single,Doctorate,Salaried,21,102842.0,11830.0,5,20666,3333,3747,0,0,42488,0.41,1393,0,1,2,251240,4118.0,0.82,1,0.48,701,B
CUST02738,28,Male,Divorced,Graduate,Salaried,10,104060.0,4072.0,5,22382,2746,1802,0,2,11657,0.17,158,0,0,4,53858,1538.0,,1,0.18,760,B
CUST02739,33,Female,Divorced,Graduate,Salaried,12,117302.0,8095.0,3,4036,3584,4370,0,0,29660,0.2,474,2,0,0,375728,3511.0,0.93,0,0.36,758,B
CUST02740,28,Male,Married,Doctorate,Self-Employed,5,47821.0,825.0,5,0,5342,1488,0,4,15403,0.46,566,2,0,4,59450,653.0,0.34,1,0.16,627,C
CUST02741,43,Male,Divorced,Post-Graduate,Self-Employed,10,39542.0,7822.0,1,5273,4003,2123,2,2,6321,0.26,131,2,0,2,48195,547.0,0.94,1,0.17,741,B
CUST02742,63,Male,Married,Doctorate,Salaried,24,71505.0,6451.0,3,1331,3363,1198,0,1,31420,0.47,1181,1,1,3,208657,3260.0,0.37,0,0.55,610,C
CUST02743,21,Male,Divorced,Doctorate,Unemployed,0,43729.0,2294.0,3,21712,3297,484,0,0,6814,0.28,152,2,1,2,137214,3920.0,0.53,0,1.08,617,C
CUST02744,65,Male,Married,Graduate,Salaried,29,68107.0,8459.0,3,23471,1443,2949,0,5,24150,0.05,96,1,0,1,198885,9944.0,0.8,0,1.75,710,B
CUST02745,44,Female,Single,Post-Graduate,Self-Employed,19,46514.0,1924.0,5,0,2922,4296,0,5,14943,0.08,95,2,1,4,61888,680.0,0.59,0,0.18,736,B
CUST02746,55,Female,Divorced,High School,Self-Employed,7,,4601.0,3,18738,3466,1958,0,3,16896,0.31,419,1,1,4,141479,1198.0,0.92,1,0.37,729,B
CUST02747,44,Male,Married,Graduate,Salaried,16,85662.0,5437.0,2,47681,4383,2503,1,2,19250,0.25,385,2,0,2,203914,3707.0,0.67,0,0.52,687,C
CUST02748,37,Male,Married,Post-Graduate,Business Owner,29,130953.0,0.0,2,22134,4005,1001,1,5,27975,0.23,514,2,2,2,188301,3692.0,0.62,0,0.34,705,B
CUST02749,25,Male,Married,Graduate,Business Owner,6,67492.0,5478.0,1,13537,2612,1804,1,3,29599,0.23,544,1,1,4,93576,935.0,0.86,1,0.17,751,B
CUST02750,40,Female,Single,Post-Graduate,Salaried,10,83317.0,2294.0,3,33014,5061,654,0,2,15710,0.69,867,1,1,0,26293,1011.0,0.9,1,0.15,683,C
CUST02751,41,Male,Married,Post-Graduate,Self-Employed,27,76949.0,3761.0,3,55657,76,4296,0,4,30657,0.32,784,1,0,2,51462,1255.0,0.68,0,0.2,716,B
CUST02752,60,Female,Married,Graduate,Salaried,10,73965.0,4707.0,5,23114,3852,1059,1,3,13051,0.19,198,0,0,2,193352,3648.0,,0,0.59,726,B
CUST02753,51,Male,Single,Post-Graduate,Self-Employed,26,117868.0,0.0,4,11101,1567,2498,1,0,53073,0.19,806,2,0,0,148310,6179.0,0.75,1,0.63,699,C
CUST02754,66,Female,Single,Graduate,Salaried,11,66701.0,3476.0,4,21761,5297,4399,0,1,29056,0.63,1464,2,1,1,68814,969.0,0.55,1,0.17,630,C
CUST02755,56,Male,Single,Graduate,Business Owner,22,15000.0,4475.0,3,40748,4486,2637,0,4,6224,0.06,29,1,0,0,305,2.0,0.78,0,0.0,788,B
CUST02756,31,Female,Married,Post-Graduate,Salaried,10,48680.0,3900.0,1,18885,794,2375,1,2,14437,0.11,127,2,0,2,164315,5134.0,0.75,1,1.27,671,C
CUST02757,35,Male,Married,Graduate,Salaried,25,78201.0,2139.0,2,20502,1493,2884,0,0,8878,0.08,56,0,0,3,85019,752.0,0.89,1,0.12,801,A
CUST02758,39,Female,Married,Post-Graduate,Salaried,14,71792.0,936.0,3,41268,401,963,1,2,10983,0.25,219,1,0,4,88203,980.0,0.8,0,0.16,745,B
CUST02759,27,Male,Divorced,Graduate,Salaried,15,68112.0,1942.0,3,21696,4137,313,0,3,19251,0.11,169,1,0,2,270802,22566.0,0.62,0,2.0,672,C
CUST02760,48,Female,Married,Graduate,Self-Employed,7,59694.0,0.0,1,45803,3678,2779,0,3,7011,0.13,72,0,0,2,114285,1656.0,0.35,0,0.33,694,C
CUST02761,63,Female,Single,Post-Graduate,Salaried,13,77579.0,2460.0,1,0,4361,2646,0,1,9727,0.1,77,0,0,3,166605,6170.0,0.52,1,0.95,667,C
CUST02762,25,Male,Divorced,Graduate,Business Owner,11,136653.0,8685.0,4,26866,0,2874,3,3,20525,0.29,476,4,0,3,32222,805.0,0.57,0,0.07,687,C
CUST02763,25,Female,Married,Graduate,Salaried,7,65211.0,365.0,3,49624,1769,0,0,4,13325,0.04,42,1,0,1,132489,1351.0,0.8,0,0.25,779,B
CUST02764,50,Female,Married,High School,Self-Employed,11,139901.0,7728.0,3,56893,4101,885,0,2,55922,0.19,850,0,0,0,238293,2535.0,0.82,0,0.22,774,B
CUST02765,52,Male,Married,Post-Graduate,Self-Employed,14,89150.0,972.0,5,13831,4914,2638,0,2,10626,0.1,85,1,1,4,310293,6745.0,0.65,1,0.91,684,C
CUST02766,28,Male,Divorced,High School,Unemployed,0,54890.0,6510.0,2,16021,2477,2298,0,4,27085,0.1,216,2,1,3,114803,1688.0,0.66,1,0.37,722,B
CUST02767,30,Male,Married,Post-Graduate,Unemployed,0,101007.0,12890.0,5,49137,3431,3587,1,3,21164,0.33,558,2,0,0,351176,9241.0,0.74,0,1.1,642,C
CUST02768,58,Female,Married,Graduate,Business Owner,1,15000.0,6770.0,5,14833,4173,2861,1,3,3421,0.09,24,2,1,1,45288,637.0,0.88,0,0.51,739,B
CUST02769,67,Female,Married,Graduate,Business Owner,9,74541.0,4423.0,2,12258,5318,3931,2,4,14845,0.37,439,0,0,3,3763,34.0,0.87,1,0.01,745,B
CUST02770,52,Male,Single,Doctorate,Salaried,9,90555.0,4514.0,3,12558,666,3854,0,1,30875,0.29,716,1,0,0,352454,2986.0,0.53,0,0.4,683,C
CUST02771,68,Male,Married,High School,Business Owner,28,90932.0,7663.0,4,6759,2681,3234,0,0,9799,0.14,109,2,1,1,26633,385.0,0.98,1,0.05,796,B
CUST02772,48,Female,Married,Graduate,Unemployed,0,94111.0,6180.0,2,3991,716,2364,2,0,12933,0.36,372,2,0,4,13172,731.0,0.65,0,0.09,699,C
CUST02773,37,Female,Single,Post-Graduate,Salaried,10,96742.0,5797.0,1,17180,3689,2891,0,3,13496,0.46,496,0,0,0,120004,1379.0,0.84,0,0.17,728,B
CUST02774,51,Male,Single,Post-Graduate,Self-Employed,19,83917.0,3593.0,3,0,828,3013,0,5,30697,0.33,810,2,0,0,142400,,0.82,0,0.35,715,B
CUST02775,28,Female,Single,Graduate,Salaried,15,96686.0,5990.0,2,10968,2999,3939,1,0,22412,0.12,215,2,1,3,86358,1693.0,0.55,0,0.21,722,B
CUST02776,60,Male,Married,Graduate,Self-Employed,16,58206.0,0.0,2,43631,3174,2073,3,0,16006,0.16,204,1,0,1,115758,5512.0,0.79,0,1.14,672,C
CUST02777,45,Male,Married,Post-Graduate,Salaried,11,110290.0,3205.0,2,33351,1785,3007,0,5,52938,,889,1,0,2,427013,12939.0,0.59,0,1.41,654,C
CUST02778,29,Female,Divorced,Post-Graduate,Self-Employed,27,61198.0,10366.0,4,11611,4502,827,0,0,11016,0.12,105,0,0,3,135971,3090.0,0.45,0,0.61,686,C
CUST02779,22,Male,Single,Post-Graduate,Self-Employed,24,109708.0,7615.0,5,23949,3351,2044,0,3,14051,0.33,370,1,1,2,49047,563.0,0.77,0,0.06,744,B
CUST02780,35,Male,Married,Graduate,Unemployed,0,74397.0,4612.0,5,18640,3070,2774,2,2,20575,0.31,510,2,0,0,271366,3667.0,0.85,0,0.59,690,C
CUST02781,23,Male,Divorced,Doctorate,Self-Employed,17,81544.0,1723.0,2,8752,1960,2954,1,3,13506,0.25,270,0,0,1,35883,348.0,0.56,1,0.05,722,B
CUST02782,69,Female,Single,Graduate,Business Owner,28,101464.0,11042.0,2,0,2704,3247,0,3,16017,0.28,358,2,1,2,185674,5802.0,0.78,0,0.69,690,C
CUST02783,56,Female,Married,High School,Salaried,19,120195.0,3131.0,5,6662,1637,1635,0,5,31737,0.13,330,2,0,0,221989,1930.0,0.59,0,0.19,736,B
CUST02784,24,Male,Married,Graduate,Salaried,13,76216.0,2126.0,4,15493,2529,2565,0,1,28036,0.22,493,0,0,0,222003,4530.0,0.74,1,0.71,700,B
CUST02785,34,Male,Single,High School,Salaried,6,81483.0,5521.0,3,57541,3017,1901,0,1,16063,0.4,514,3,0,2,221534,3692.0,0.97,1,0.54,695,C
CUST02786,61,Male,Divorced,High School,Salaried,15,15000.0,3378.0,5,29433,6889,4707,0,3,6755,0.55,297,0,0,1,36988,410.0,0.78,0,0.33,678,C
CUST02787,61,Female,Married,Graduate,Salaried,16,,0.0,2,18566,2885,692,0,4,11984,0.28,268,0,0,4,124559,2896.0,0.78,0,0.71,696,C
CUST02788,45,Male,Single,High School,Self-Employed,4,29668.0,676.0,4,27650,1934,5050,0,4,14051,0.43,483,1,0,0,90249,1114.0,0.67,1,0.45,661,C
CUST02789,30,Female,Single,Post-Graduate,Self-Employed,8,62839.0,4406.0,4,23837,1070,3310,1,1,18660,0.22,328,1,1,4,43295,983.0,0.89,0,0.19,760,B
CUST02790,41,Male,Single,High School,Self-Employed,25,54963.0,1613.0,2,9595,3959,0,2,5,21473,0.04,68,1,0,0,214654,,0.89,1,0.5,753,B
CUST02791,56,Male,Single,Graduate,Salaried,7,51259.0,342.0,1,19185,1431,1902,0,1,22533,0.37,666,1,0,4,111873,1026.0,0.89,1,0.24,727,B
CUST02792,32,Male,Married,High School,Salaried,27,43995.0,603.0,4,14767,3570,2794,0,2,13721,0.46,504,0,0,0,126970,3096.0,,0,0.84,670,C
CUST02793,47,Male,Married,High School,Self-Employed,17,90760.0,4442.0,5,0,5074,2441,1,1,39946,0.2,639,0,1,4,210160,5530.0,0.73,1,0.73,697,C
CUST02794,60,Female,Single,Graduate,Salaried,16,21291.0,4613.0,1,11643,4138,562,2,5,5348,0.11,47,1,1,0,74553,2014.0,0.87,1,1.14,688,C
CUST02795,22,Male,Divorced,Graduate,Salaried,2,42269.0,7521.0,3,18595,1596,1108,0,0,10371,0.11,91,1,1,1,99288,1481.0,0.78,0,0.42,745,B
CUST02796,33,Male,Married,Doctorate,Salaried,17,75994.0,1392.0,5,26753,3356,2643,1,3,31737,0.16,406,1,1,2,29068,296.0,0.78,0,0.05,768,B
CUST02797,52,Male,Single,Post-Graduate,Salaried,25,104090.0,4445.0,2,20557,4937,832,0,3,20454,0.14,229,4,0,0,363779,4915.0,0.77,0,0.57,710,B
CUST02798,51,Male,Single,Post-Graduate,Salaried,4,47094.0,2987.0,1,34555,3506,3502,0,5,18216,0.73,1063,2,2,0,19279,275.0,0.54,0,0.07,622,A
CUST02799,36,Male,Married,High School,Salaried,26,106511.0,6654.0,5,17039,2692,2180,0,3,13935,0.12,133,2,1,1,222230,5698.0,0.45,0,0.64,674,C
CUST02800,52,Male,Married,Graduate,Salaried,14,15000.0,5051.0,4,39523,4341,3210,0,5,5313,0.04,17,1,0,4,12109,807.0,0.76,0,0.65,730,B
CUST02801,52,Male,Single,High School,Self-Employed,8,75063.0,6029.0,2,23089,3756,1176,0,2,35787,0.19,543,1,1,0,36322,422.0,0.86,0,0.07,778,B
CUST02802,54,Female,Single,Post-Graduate,Salaried,5,84182.0,8696.0,1,27094,3202,873,1,2,23788,0.1,190,3,1,3,41163,1286.0,0.9,0,0.18,771,B
CUST02803,31,Male,Married,High School,Salaried,5,45350.0,5594.0,4,24380,4018,3739,1,0,12080,0.26,251,0,0,4,157070,1869.0,0.87,0,0.49,728,B
CUST02804,30,Male,Divorced,Graduate,Unemployed,0,35703.0,8288.0,2,12917,3435,2421,1,3,11289,0.5,451,0,0,2,49385,2147.0,0.79,0,0.72,651,C
CUST02805,35,Female,Single,Graduate,Business Owner,27,78800.0,1070.0,2,29872,2309,516,0,0,30560,0.21,513,1,0,2,111258,984.0,0.36,0,0.15,693,C
CUST02806,37,Male,Married,Graduate,Salaried,5,73929.0,620.0,1,11288,3294,1499,0,1,18004,0.5,720,0,0,0,202640,16886.0,0.61,1,2.0,603,C
CUST02807,60,Male,Married,Doctorate,Unemployed,0,50654.0,8972.0,1,5799,2612,2739,2,3,5068,0.32,129,2,1,1,168525,2633.0,0.73,1,0.62,660,C
CUST02808,38,Male,Married,Post-Graduate,Salaried,6,66336.0,5840.0,1,24147,4728,727,0,0,19956,0.33,526,0,0,4,217433,3245.0,0.96,0,0.59,727,B
CUST02809,29,Male,Married,Post-Graduate,Salaried,1,56943.0,6788.0,5,19085,2591,0,1,2,15244,0.58,707,3,0,2,147528,6414.0,0.34,0,1.35,524,D
CUST02810,45,Female,Divorced,Graduate,Unemployed,0,112522.0,8508.0,2,8420,2596,691,0,5,35228,0.14,394,1,0,2,323062,3296.0,0.82,0,0.35,760,B
CUST02811,60,Male,Married,Post-Graduate,Business Owner,13,95399.0,2728.0,3,21546,4232,3432,0,2,36835,0.09,265,0,0,0,235000,2025.0,0.31,0,0.25,707,B
CUST02812,34,Female,Married,Graduate,Salaried,20,80813.0,3152.0,4,30454,2650,408,0,2,17241,0.38,524,2,0,0,268895,3319.0,0.85,0,0.49,698,B
CUST02813,45,Male,Married,Doctorate,Self-Employed,6,131615.0,7462.0,1,17169,3143,3647,0,5,39761,0.47,1495,2,1,2,181431,1695.0,0.52,2,0.15,659,C
CUST02814,42,Male,Divorced,Graduate,Self-Employed,18,106044.0,3963.0,2,44029,2488,2830,0,0,21352,0.35,597,1,1,3,100969,885.0,0.83,1,0.1,741,B
CUST02815,50,Female,Married,Graduate,Salaried,18,112318.0,3330.0,4,37368,1827,1600,0,0,31868,0.21,535,1,0,3,88350,1359.0,0.76,1,0.15,752,B
CUST02816,40,Male,Single,Post-Graduate,Salaried,16,122432.0,1190.0,3,13751,2553,3881,0,0,29116,0.57,1327,0,0,1,295597,7579.0,0.76,1,0.74,643,C
CUST02817,41,Female,Single,Graduate,Salaried,8,70319.0,7681.0,4,2917,2079,876,0,4,17412,0.1,139,1,1,1,66683,784.0,0.52,0,0.13,737,B
CUST02818,64,Male,Married,Post-Graduate,Unemployed,0,38465.0,3368.0,3,18255,7117,1749,0,3,12760,0.04,40,1,0,1,19997,219.0,0.73,1,0.07,776,B
CUST02819,52,Female,Single,Doctorate,Salaried,8,21484.0,7641.0,1,26872,2585,2401,0,4,8074,0.1,64,3,0,0,82884,872.0,0.74,1,0.49,712,B
CUST02820,66,Male,Married,Graduate,Business Owner,15,97175.0,6483.0,5,0,2285,1944,0,4,10209,0.24,196,1,0,1,146945,2193.0,0.65,0,0.27,722,B
CUST02821,69,Female,Married,Graduate,Salaried,26,46004.0,,3,0,4300,2556,0,5,20732,0.3,497,1,0,2,164527,1696.0,0.56,0,0.44,676,C
CUST02822,41,Male,Married,Graduate,Salaried,10,174803.0,0.0,1,1407,4221,3184,0,1,42955,,893,1,0,1,492537,9293.0,0.83,0,0.64,722,B
CUST02823,55,Female,Divorced,Post-Graduate,Self-Employed,1,49733.0,0.0,4,37225,1640,1751,0,1,17776,0.22,312,3,1,2,69317,962.0,0.9,0,0.23,746,B
CUST02824,52,Male,Single,Graduate,Self-Employed,9,44553.0,10262.0,4,41325,3344,4272,0,2,6636,0.6,318,2,0,0,25325,723.0,0.75,0,0.19,666,C
CUST02825,50,Female,Divorced,High School,Salaried,17,98331.0,8034.0,4,4198,2603,1369,0,5,32309,0.25,646,1,0,0,331008,3152.0,0.49,0,0.38,687,C
CUST02826,59,Male,Married,Graduate,Salaried,20,98953.0,1926.0,5,0,3427,2151,1,4,36749,0.28,823,0,0,3,352903,3965.0,0.77,0,0.48,717,B
CUST02827,69,Female,Married,High School,Self-Employed,25,128907.0,2534.0,2,23481,2601,3011,0,1,21008,,453,0,0,2,94221,932.0,0.73,0,0.09,756,B
CUST02828,32,Male,Married,Post-Graduate,Salaried,1,67510.0,5140.0,3,22083,0,2261,2,4,31382,0.18,451,0,0,3,169714,2044.0,0.65,1,0.36,714,B
CUST02829,61,Male,Single,Graduate,Salaried,9,,4393.0,2,2140,3824,762,0,3,44248,0.02,70,0,0,4,247220,6681.0,0.41,2,0.73,683,C
CUST02830,67,Male,Married,Graduate,Self-Employed,14,70126.0,,4,4915,3676,2442,0,4,21989,0.3,527,2,1,4,260403,4489.0,0.72,1,0.77,661,C
CUST02831,38,Male,Married,Post-Graduate,Self-Employed,24,91377.0,2458.0,5,10140,1149,1316,0,2,15207,,523,2,1,2,236724,7173.0,0.64,0,0.94,618,C
CUST02832,41,Male,Single,High School,Salaried,5,68591.0,3561.0,1,13544,4493,4549,0,0,30606,0.44,1077,1,0,3,74267,1258.0,0.89,0,0.22,723,B
CUST02833,33,Female,Married,High School,Self-Employed,6,132416.0,6480.0,5,24579,4493,4199,0,2,16876,0.24,324,1,0,0,379066,7432.0,0.74,0,0.67,704,B
CUST02834,41,Female,Married,Graduate,Unemployed,0,143028.0,5048.0,2,0,4800,2623,1,4,20891,0.13,217,2,1,0,302073,13133.0,0.56,0,1.1,656,C
CUST02835,28,Male,Single,Graduate,Salaried,4,39305.0,3527.0,4,48593,676,2127,1,5,14907,0.44,524,2,1,2,54601,728.0,0.65,1,0.22,666,C
CUST02836,66,Female,Single,Graduate,Self-Employed,28,113310.0,2996.0,3,25603,4266,3771,0,4,22836,0.05,91,2,0,0,275420,13771.0,0.75,2,1.46,690,C
CUST02837,60,Male,Married,Doctorate,Salaried,16,47093.0,11431.0,5,21300,1732,3916,0,0,13361,0.07,74,1,0,3,181270,1726.0,0.86,0,0.44,763,B
CUST02838,66,Male,Married,Post-Graduate,Salaried,16,109861.0,3269.0,2,10520,1166,3054,0,2,34668,0.5,1386,1,0,3,359215,7483.0,0.8,0,0.82,650,C
CUST02839,27,Female,Divorced,Post-Graduate,Salaried,10,124200.0,6562.0,2,7354,2228,4165,1,2,35185,0.3,844,2,1,1,368835,12718.0,0.81,0,1.23,661,C
CUST02840,43,Female,Divorced,Doctorate,Salaried,14,46144.0,12390.0,1,8123,2657,2923,0,4,6162,0.2,98,2,0,1,14092,276.0,0.79,0,0.07,755,B
CUST02841,64,Female,Married,Graduate,Business Owner,13,38333.0,7073.0,3,12663,2230,2656,0,3,15141,0.38,460,1,0,0,18529,402.0,0.56,0,0.13,689,C
CUST02842,52,Male,Married,Graduate,Salaried,28,60145.0,6421.0,2,26134,4779,2825,1,5,11788,0.43,405,2,0,1,147308,4751.0,0.66,0,0.95,611,C
CUST02843,31,Female,Married,Graduate,Self-Employed,4,110037.0,8706.0,3,37076,1446,1785,0,5,43510,0.1,348,2,1,1,13957,193.0,0.81,2,0.02,778,B
CUST02844,42,Male,Married,Post-Graduate,Salaried,14,89270.0,9174.0,4,0,4458,3422,2,1,39824,0.33,1051,0,1,2,229451,9976.0,0.85,0,1.34,667,C
CUST02845,42,Male,Single,Post-Graduate,Salaried,26,67552.0,4918.0,5,13384,2355,2217,1,4,21248,0.18,305,0,1,4,81584,1133.0,0.74,2,0.2,742,B
CUST02846,63,Male,Married,Graduate,Self-Employed,24,96631.0,1014.0,2,22091,3141,2848,0,4,36966,0.47,1389,0,0,0,62210,888.0,,0,0.11,698,C
CUST02847,45,Female,Married,Graduate,Business Owner,24,66241.0,4535.0,4,23154,2583,2132,1,5,7602,0.14,85,2,0,1,12235,105.0,0.66,0,0.02,748,B
CUST02848,42,Female,Single,Graduate,Business Owner,9,78953.0,6740.0,1,11321,1788,3024,1,1,9055,0.38,275,2,0,4,66803,1214.0,0.73,2,0.18,692,C
CUST02849,48,Female,Married,Graduate,Business Owner,3,91350.0,3966.0,3,14552,1753,2771,0,0,16339,0.1,130,5,0,2,254284,5297.0,0.55,2,0.7,653,C
CUST02850,49,Male,Married,Post-Graduate,Salaried,10,89325.0,4304.0,4,16495,1033,3674,0,4,21737,0.39,678,0,0,4,160606,1349.0,0.88,0,0.18,744,B
CUST02851,33,Male,Married,Graduate,Business Owner,15,125714.0,9855.0,3,2162,900,1808,0,3,21762,0.46,800,2,0,0,16478,329.0,0.8,0,0.03,723,B
CUST02852,38,Male,Married,Doctorate,Salaried,24,38931.0,7356.0,3,6077,2740,1762,1,0,13780,0.74,815,1,1,1,10758,163.0,0.74,0,0.05,653,C
CUST02853,22,Male,Divorced,Graduate,Self-Employed,19,103403.0,,2,0,5059,3319,1,0,21792,,278,1,0,1,241407,5887.0,0.74,1,0.68,704,B
CUST02854,49,Male,Married,Post-Graduate,Unemployed,0,46790.0,1893.0,3,36534,1322,4512,0,0,20508,0.6,984,3,0,2,156696,2008.0,0.85,0,0.51,645,C
CUST02855,41,Female,Single,Doctorate,Salaried,2,62852.0,4263.0,4,28530,3263,2152,1,4,20379,0.11,179,2,1,4,149859,1805.0,0.78,0,0.34,742,B
CUST02856,35,Male,Single,Doctorate,Salaried,9,70213.0,6148.0,1,0,2777,3225,0,5,17639,0.27,381,1,0,3,108160,1690.0,0.91,0,0.29,751,B
CUST02857,47,Male,Married,High School,Self-Employed,4,62298.0,6956.0,2,3131,4938,1434,1,0,28484,0.27,615,2,1,1,108761,2052.0,0.2,0,0.4,621,C
CUST02858,51,Male,Married,Graduate,Self-Employed,5,34651.0,9764.0,5,0,3713,1909,2,2,14946,0.13,155,2,0,3,55434,,0.64,1,0.49,690,C
CUST02859,35,Male,Single,Graduate,Salaried,2,61477.0,7008.0,1,5840,2025,2547,0,4,26313,0.12,252,0,0,3,220542,1934.0,0.98,0,0.38,786,B
CUST02860,43,Male,Single,Graduate,Unemployed,0,83169.0,3381.0,4,23650,1215,2863,0,4,32547,0.04,104,0,0,1,50801,769.0,0.63,0,0.11,775,B
CUST02861,44,Female,Divorced,Graduate,Self-Employed,7,70974.0,10643.0,2,63084,108,2780,0,1,24534,0.45,883,2,0,3,108342,1425.0,0.71,0,0.24,685,C
CUST02862,64,Female,Married,Doctorate,Salaried,19,119177.0,4167.0,3,13397,1856,2206,0,5,29404,0.49,1152,1,0,4,146956,1597.0,0.8,0,0.16,712,B
CUST02863,33,Female,Divorced,High School,Salaried,6,71765.0,7749.0,1,27102,6242,752,0,0,19307,0.12,185,0,0,1,169133,6505.0,0.55,0,1.09,667,C
CUST02864,42,Male,Married,Graduate,Business Owner,23,75446.0,3271.0,2,18206,2118,950,0,4,27073,0.12,259,1,0,3,208862,2270.0,0.74,0,0.36,746,C
CUST02865,63,Male,Divorced,High School,Salaried,16,80472.0,2668.0,5,23653,170,4064,0,5,13611,0.19,206,2,0,0,166542,7240.0,0.88,0,1.08,690,C
CUST02866,57,Male,Single,Post-Graduate,Salaried,14,71012.0,935.0,5,15722,527,2007,2,3,30615,0.17,416,2,0,0,281622,2448.0,0.66,0,0.41,703,B
CUST02867,53,Female,Married,Doctorate,Self-Employed,12,89332.0,1148.0,5,37308,5375,2453,1,3,42474,0.36,1223,1,0,0,90835,1261.0,0.83,0,0.17,731,B
CUST02868,23,Female,Single,Graduate,Self-Employed,6,59458.0,3576.0,2,28932,2330,2722,0,5,8276,0.25,165,0,0,4,4403,146.0,0.95,0,0.03,790,D
CUST02869,39,Male,Married,High School,Self-Employed,26,40020.0,8923.0,1,19917,3604,5275,0,4,4361,0.36,125,1,1,4,115813,1158.0,0.77,0,0.35,704,B
CUST02870,43,Male,Married,Post-Graduate,Salaried,27,72849.0,,3,29688,3467,2175,0,4,11443,0.28,256,2,0,3,71333,1273.0,0.64,1,0.21,703,B
CUST02871,49,Male,Single,Post-Graduate,Business Owner,26,86541.0,0.0,1,34248,2055,3699,0,3,34959,0.54,1510,1,0,3,336004,6857.0,0.71,0,0.95,615,C
CUST02872,50,Female,Divorced,Graduate,Unemployed,0,79892.0,7491.0,3,9210,2291,1322,1,3,11434,0.33,301,3,0,2,256809,3292.0,0.65,0,0.49,664,C
CUST02873,59,Female,Divorced,Post-Graduate,Salaried,13,48340.0,4986.0,1,27048,1592,1883,1,2,12031,0.3,288,2,0,3,121065,1222.0,0.76,0,0.3,707,B
CUST02874,64,Female,Single,Doctorate,Self-Employed,15,79813.0,9549.0,1,33040,259,3073,1,3,9996,0.26,207,0,0,1,224868,2882.0,0.56,0,0.43,691,A
CUST02875,67,Male,Married,Graduate,Unemployed,0,95362.0,3524.0,2,26986,4536,3243,0,2,26036,0.53,1103,0,0,1,305038,5447.0,0.83,3,0.69,651,C
CUST02876,45,Male,Married,Graduate,Self-Employed,14,81074.0,,5,30586,4202,2963,4,4,27690,0.28,620,3,0,4,221953,1880.0,0.83,0,0.28,704,B
CUST02877,57,Male,Married,Graduate,Self-Employed,8,53699.0,10198.0,5,21271,2971,2543,0,0,18870,0.23,347,1,0,4,67464,2933.0,0.54,1,0.66,662,C
CUST02878,67,Male,Married,Graduate,Salaried,21,77299.0,8010.0,5,28232,3113,2404,2,5,23774,0.32,608,2,0,4,156557,1886.0,0.9,2,0.29,714,B
CUST02879,28,Male,Single,Graduate,Self-Employed,20,126078.0,0.0,5,42884,4480,4019,1,5,59917,0.08,383,1,0,4,158468,2597.0,0.86,0,0.25,783,B
CUST02880,62,Female,Divorced,Graduate,Self-Employed,11,43861.0,6082.0,1,4847,0,4293,1,5,13704,0.08,87,0,2,0,123285,1152.0,0.71,1,0.32,746,B
CUST02881,36,Female,Single,High School,Self-Employed,21,107876.0,0.0,5,19956,3776,2373,1,0,47864,0.38,1455,1,0,0,3596,37.0,0.85,2,0.0,738,B
CUST02882,28,Male,Married,Graduate,Unemployed,0,15000.0,7866.0,1,8429,4546,2442,2,1,7458,0.43,256,0,0,3,23136,925.0,0.85,1,0.74,658,C
CUST02883,21,Female,Married,High School,Salaried,12,58644.0,1660.0,3,10971,5836,2164,0,5,11253,0.31,279,1,0,0,37194,408.0,0.6,0,0.08,714,B
CUST02884,64,Male,Single,Graduate,Salaried,26,62088.0,1238.0,4,27456,4391,1906,0,2,12803,0.07,71,0,0,2,235781,6934.0,0.41,0,1.34,654,C
CUST02885,25,Male,Single,Graduate,Salaried,6,107429.0,9162.0,4,0,5392,3419,0,3,33168,0.14,371,0,0,0,309076,3472.0,0.49,2,0.39,704,B
CUST02886,23,Male,Married,Graduate,Self-Employed,19,128178.0,6241.0,3,3196,2671,2293,0,2,22168,0.41,727,1,0,4,258121,2836.0,0.39,0,0.27,656,C
CUST02887,21,Male,Married,Graduate,Salaried,3,108377.0,7207.0,1,38150,3025,2757,0,1,35292,0.17,479,1,0,3,104974,2332.0,0.27,0,0.26,680,C
CUST02888,24,Male,Single,Graduate,Self-Employed,1,90347.0,3547.0,5,113,1789,2990,0,1,33767,0.03,81,3,0,1,6949,128.0,0.48,0,0.02,741,B
CUST02889,60,Male,Married,Post-Graduate,Salaried,15,106883.0,4757.0,2,41627,2087,0,0,2,13270,0.45,477,1,0,2,323095,3474.0,0.81,0,0.39,699,C
CUST02890,55,Male,Single,Graduate,Salaried,15,34424.0,9703.0,1,19817,4416,1740,0,3,12824,0.1,102,0,0,2,68340,1485.0,0.76,1,0.52,736,B
CUST02891,52,Female,Single,Doctorate,Salaried,5,101814.0,5962.0,1,18933,3651,2601,1,4,16675,0.45,600,2,1,1,36459,364.0,0.74,1,0.04,702,B
CUST02892,62,Male,Married,Graduate,Business Owner,22,,11990.0,3,9769,3791,3381,0,4,9214,0.07,51,3,0,1,96462,1507.0,0.67,1,0.43,715,B
CUST02893,54,Male,Single,Graduate,Self-Employed,24,52825.0,4412.0,3,15115,697,4357,0,4,20893,0.59,986,0,1,4,8454,338.0,0.62,1,0.08,669,C
CUST02894,63,Male,Married,High School,Unemployed,0,86870.0,7878.0,2,23414,3749,2518,0,5,14371,0.19,218,5,2,0,150526,1356.0,0.7,0,0.19,715,B
CUST02895,45,Female,Married,Post-Graduate,Self-Employed,25,37925.0,8328.0,5,16691,5055,722,1,1,11858,0.1,94,2,1,0,66718,580.0,0.62,1,0.18,726,B
CUST02896,30,Male,Divorced,Post-Graduate,Salaried,23,111775.0,5590.0,4,6761,3672,3159,2,5,37519,0.21,630,1,0,2,386140,4950.0,0.64,0,0.53,694,C
CUST02897,41,Female,Married,Doctorate,Salaried,1,75043.0,9086.0,5,29269,1563,2365,0,2,12437,0.24,238,0,0,0,296376,,0.71,2,0.62,694,C
CUST02898,66,Male,Divorced,Doctorate,Unemployed,0,35958.0,3394.0,5,38599,2947,4899,1,1,7548,0.34,205,2,1,0,20713,183.0,0.66,1,0.06,699,C
CUST02899,59,Male,Married,Graduate,Self-Employed,10,120287.0,7587.0,1,0,5134,3972,0,3,41208,,494,0,0,1,337798,5118.0,0.97,1,0.51,770,B
CUST02900,47,Female,Married,Graduate,Salaried,25,67111.0,1881.0,2,52866,3470,959,0,5,19091,0.17,259,2,0,1,233998,,0.62,0,0.79,672,C
CUST02901,47,Male,Divorced,Graduate,Self-Employed,20,70088.0,1208.0,1,24353,4906,1713,2,0,25511,0.29,591,1,1,1,120576,1243.0,0.95,1,0.21,745,B
CUST02902,22,Male,Married,Graduate,Salaried,11,68386.0,5118.0,3,27264,5880,4274,1,1,30218,0.3,725,2,0,1,89338,893.0,0.69,0,0.16,711,B
CUST02903,61,Male,Single,High School,Salaried,28,,4613.0,4,42570,2727,2625,0,3,2310,0.37,68,1,0,0,1200,32.0,0.59,0,0.03,701,B
CUST02904,68,Female,Married,Post-Graduate,Salaried,7,112743.0,1677.0,2,0,1411,3191,1,3,14459,0.45,520,3,0,1,254102,3061.0,0.78,0,0.33,680,C
CUST02905,33,Male,Divorced,Doctorate,Business Owner,25,75840.0,7295.0,2,0,2260,2189,1,3,27809,0.7,1557,1,0,1,54744,1440.0,0.85,0,0.23,665,C
CUST02906,29,Male,Married,Graduate,Salaried,17,79594.0,9684.0,5,0,5902,4660,0,0,32494,0.14,363,1,0,3,23661,236.0,0.81,0,0.04,783,B
CUST02907,56,Female,Married,Graduate,Salaried,12,95428.0,4028.0,1,1476,4264,2674,1,4,26693,0.27,576,2,1,4,1556,31.0,1.0,0,0.0,781,B
CUST02908,42,Male,Married,High School,Salaried,26,66190.0,8122.0,5,28762,3377,3466,0,2,17048,0.14,190,1,0,3,254428,2446.0,0.61,0,0.44,715,B
CUST02909,62,Female,Divorced,Post-Graduate,Salaried,25,,3095.0,5,1590,4628,767,0,1,14008,0.18,201,2,1,0,141944,1223.0,0.57,0,0.35,699,C
CUST02910,46,Female,Single,Graduate,Self-Employed,4,47074.0,4401.0,2,6093,2336,1039,1,0,15091,0.49,591,2,0,1,181191,6039.0,0.74,0,1.54,606,C
CUST02911,32,Male,Married,Doctorate,Salaried,12,101195.0,4852.0,4,8713,2525,4987,1,3,29960,0.28,671,1,1,0,381195,5524.0,0.79,0,0.66,696,C
CUST02912,37,Male,Single,Post-Graduate,Salaried,24,74643.0,7501.0,3,17712,1955,1117,0,0,31908,0.37,944,0,1,2,186691,10981.0,0.94,0,1.77,681,C
CUST02913,34,Male,Married,Graduate,Unemployed,0,105177.0,4755.0,5,16968,6272,3239,0,1,17817,0.44,627,3,0,0,255014,4636.0,0.32,0,0.53,599,B
CUST02914,34,Female,Married,Graduate,Salaried,18,110453.0,0.0,4,7728,3293,3615,0,2,41141,0.22,724,0,0,3,374263,31188.0,0.59,1,2.0,655,C
CUST02915,54,Female,Single,High School,Salaried,29,101616.0,8598.0,5,4154,2855,2845,1,1,40294,0.22,709,1,0,3,384743,3562.0,0.41,0,0.42,672,C
CUST02916,40,Female,Single,Doctorate,Salaried,12,112693.0,5341.0,4,15297,3339,3675,0,5,51897,0.42,1743,1,0,4,265673,2232.0,0.67,0,0.24,697,C
CUST02917,31,Female,Married,Graduate,Self-Employed,24,53643.0,0.0,1,20009,2873,300,0,0,25643,0.17,348,4,1,1,25726,627.0,0.65,2,0.14,709,B
CUST02918,36,Female,Single,Doctorate,Business Owner,24,93058.0,9261.0,3,40943,1725,3960,1,5,28210,0.26,586,0,0,3,48987,538.0,0.4,1,0.07,696,C
CUST02919,51,Male,Single,Graduate,Salaried,19,60979.0,9421.0,2,4960,4628,0,1,3,16675,0.12,160,0,0,3,160965,1730.0,0.68,0,0.34,740,B
CUST02920,26,Male,Married,Post-Graduate,Business Owner,13,42170.0,1763.0,1,17879,483,3534,0,5,12716,0.29,295,1,1,0,13625,151.0,0.51,0,0.04,706,D
CUST02921,39,Female,Single,High School,Business Owner,16,88825.0,745.0,5,0,3324,5738,1,3,34911,0.12,335,1,0,2,217331,3505.0,0.7,0,0.47,727,B
CUST02922,57,Male,Married,Graduate,Self-Employed,8,97625.0,8428.0,5,36346,3956,4017,0,4,10433,,166,2,0,1,376400,5086.0,0.81,0,0.63,714,B
CUST02923,24,Male,Divorced,Post-Graduate,Salaried,27,64672.0,8433.0,3,17746,719,2598,1,4,10972,0.17,149,2,0,4,854,7.0,0.67,0,0.0,746,B
CUST02924,67,Female,Single,Post-Graduate,Salaried,27,76428.0,,3,31663,3700,2231,1,2,35391,0.41,1160,1,0,4,56785,1419.0,0.79,1,0.22,704,B
CUST02925,24,Male,Married,Post-Graduate,Self-Employed,6,96090.0,3663.0,3,38037,2333,2481,1,2,17120,0.12,164,1,1,2,363046,3989.0,0.54,1,0.5,696,C
CUST02926,40,Female,Married,Graduate,Business Owner,10,56641.0,2624.0,5,26629,546,1207,0,5,10840,0.25,216,2,0,2,110756,4102.0,0.51,1,0.87,628,C
CUST02927,30,Female,Married,Doctorate,Self-Employed,25,99319.0,6800.0,5,21740,3283,2280,1,5,47254,0.28,1058,1,0,4,113950,1186.0,0.53,1,0.14,699,C
CUST02928,44,Male,Divorced,Doctorate,Salaried,10,47805.0,,2,0,4394,741,0,4,10407,0.41,341,1,0,2,47578,834.0,0.86,1,0.21,717,B
CUST02929,55,Female,Divorced,High School,Salaried,29,87233.0,3094.0,3,17321,7664,1460,1,4,18857,0.1,150,1,0,3,301446,8612.0,0.51,0,1.18,654,C
CUST02930,46,Male,Married,Doctorate,Self-Employed,6,38729.0,7351.0,4,4896,2413,3581,0,1,18182,0.24,349,2,0,3,66546,604.0,0.37,0,0.19,673,C
CUST02931,57,Male,Single,Graduate,Self-Employed,8,115379.0,7947.0,2,3218,3745,3468,0,1,28848,0.08,184,0,0,0,293372,2465.0,0.54,0,0.26,745,B
CUST02932,58,Male,Single,Post-Graduate,Salaried,18,95546.0,9502.0,4,0,4398,2994,1,5,28432,0.6,1364,0,1,0,118451,2193.0,0.88,0,0.28,693,C
CUST02933,41,Male,Married,Graduate,Salaried,17,135319.0,0.0,1,16560,3209,2702,0,3,43865,0.14,491,0,0,0,295001,3277.0,0.52,1,0.29,726,B
CUST02934,60,Male,Single,Doctorate,Salaried,26,,3503.0,3,6708,4098,402,1,5,21009,0.14,235,0,0,2,149550,3181.0,0.62,0,0.81,683,C
CUST02935,59,Male,Married,High School,Self-Employed,10,94969.0,3974.0,2,8021,2360,2037,1,3,12443,0.36,358,1,1,4,128613,4946.0,,0,0.62,634,C
CUST02936,41,Male,Married,Graduate,Self-Employed,2,74418.0,4945.0,2,4492,2732,2411,1,4,15206,0.05,60,1,0,1,118426,1315.0,0.54,0,0.21,737,B
CUST02937,30,Male,Single,Graduate,Business Owner,12,31013.0,1184.0,1,39635,1117,596,1,1,10383,0.46,382,2,0,3,54992,964.0,0.85,2,0.37,673,C
CUST02938,58,Female,Married,Graduate,Self-Employed,20,78314.0,6701.0,1,3570,2439,823,1,4,21445,0.34,583,1,1,4,187616,3828.0,0.73,1,0.59,675,C
CUST02939,66,Female,Single,Graduate,Salaried,10,92062.0,10667.0,1,13617,527,3657,0,4,19453,0.45,700,1,2,4,112038,3501.0,0.61,0,0.46,661,C
CUST02940,24,Male,Married,High School,Self-Employed,9,134105.0,1422.0,2,16876,668,2885,1,2,35384,0.27,764,2,1,4,239091,19924.0,0.71,2,1.78,642,C
CUST02941,65,Male,Married,Post-Graduate,Unemployed,0,59865.0,5565.0,5,16267,4324,1117,1,4,29124,0.62,1444,0,0,4,131191,1311.0,0.58,0,0.26,642,C
CUST02942,40,Male,Married,Doctorate,Unemployed,0,89232.0,8764.0,4,45929,1060,4142,0,3,9673,0.26,201,2,0,2,126569,1091.0,,0,0.15,740,B
CUST02943,37,Male,Married,Post-Graduate,Business Owner,9,84205.0,4287.0,4,0,4404,3682,0,2,13370,0.31,331,2,0,3,2371,65.0,0.64,0,0.01,722,B
CUST02944,27,Female,Single,Post-Graduate,Salaried,25,69780.0,2800.0,1,23371,2762,2343,0,1,7498,0.1,59,1,0,4,75331,1215.0,0.47,0,0.21,722,B
CUST02945,24,Female,Married,Graduate,Business Owner,25,71992.0,5534.0,5,33088,2765,982,0,3,24287,0.46,893,0,0,1,234964,8102.0,,0,1.35,641,C
CUST02946,49,Male,Married,Graduate,Business Owner,24,97394.0,7201.0,5,23786,1888,4414,2,0,10243,,286,1,0,4,110429,7361.0,0.8,2,0.91,647,C
CUST02947,34,Male,Divorced,Graduate,Self-Employed,6,71981.0,1209.0,1,52159,2954,4516,0,1,20270,0.32,518,1,0,2,236772,4228.0,0.41,0,0.7,630,C
CUST02948,23,Male,Married,High School,Salaried,27,67942.0,8108.0,3,39754,5312,3899,1,5,30144,0.44,1061,1,0,2,111154,3269.0,0.83,1,0.58,672,C
CUST02949,44,Female,Married,Doctorate,Unemployed,0,59801.0,4362.0,2,9383,1914,3840,0,0,8305,0.45,298,0,0,1,207215,5755.0,0.51,0,1.15,601,C
CUST02950,57,Male,Married,High School,Salaried,7,29954.0,2998.0,3,16783,2479,2434,2,3,7370,0.57,336,0,1,1,44980,1097.0,0.81,0,0.44,661,C
CUST02951,36,Female,Divorced,Doctorate,Salaried,18,103012.0,400.0,5,31435,4181,2627,0,1,25876,0.02,41,1,0,0,120478,1136.0,0.78,0,0.13,795,B
CUST02952,24,Female,Single,High School,Salaried,11,59486.0,3040.0,1,18075,1265,4133,0,0,14568,0.34,396,2,0,0,56536,582.0,0.24,1,0.12,639,C
CUST02953,44,Male,Married,Post-Graduate,Self-Employed,1,111990.0,3179.0,2,18358,1125,2799,0,0,43786,0.09,315,0,0,0,135587,1523.0,0.85,1,0.16,793,B
CUST02954,54,Female,Married,High School,Salaried,29,112829.0,1414.0,4,50238,2927,1502,2,1,11481,0.26,238,1,0,3,89505,1570.0,0.69,0,0.17,726,B
CUST02955,50,Female,Married,High School,Salaried,21,146946.0,6420.0,5,34990,4798,1384,2,4,60539,0.23,1113,0,1,0,441157,11311.0,0.84,1,0.92,693,C
CUST02956,38,Female,Single,Post-Graduate,Self-Employed,24,88336.0,5441.0,2,50956,2868,3815,1,3,38480,0.17,523,1,1,4,346925,,0.91,0,0.96,706,B
CUST02957,39,Male,Married,Graduate,Business Owner,19,91808.0,7942.0,2,18565,2587,5033,1,3,25025,0.13,260,1,1,0,145872,3241.0,0.4,1,0.42,680,C
CUST02958,51,Male,Single,Post-Graduate,Self-Employed,23,93364.0,7144.0,3,22141,2948,3145,1,2,42467,0.31,1053,2,0,2,124446,1352.0,0.48,0,0.17,680,C
CUST02959,39,Female,Married,Graduate,Salaried,5,82805.0,3079.0,4,25005,2865,5165,1,1,20901,0.09,150,3,1,1,211177,,0.4,0,0.35,683,C
CUST02960,69,Female,Married,High School,Self-Employed,28,110400.0,4057.0,3,30323,2029,137,1,3,41718,0.19,634,0,0,2,190088,2754.0,0.86,0,0.3,764,B
CUST02961,66,Female,Divorced,Doctorate,Salaried,26,72522.0,2763.0,3,15227,4395,1010,0,0,18531,0.2,296,0,0,1,13947,253.0,0.48,0,0.04,729,B
CUST02962,39,Female,Married,Graduate,Salaried,29,91565.0,210.0,3,6129,3336,1887,0,1,10542,0.42,354,2,1,2,126123,,0.68,1,0.35,674,C
CUST02963,42,Female,Single,Post-Graduate,Salaried,24,71743.0,6150.0,3,7778,2232,112,0,5,9568,0.16,122,0,0,4,229623,2050.0,,0,0.34,772,B
CUST02964,44,Female,Single,Graduate,Business Owner,6,35664.0,5497.0,5,18133,3095,2238,0,0,9872,0.58,458,1,0,2,9796,222.0,0.74,0,0.07,685,C
CUST02965,65,Male,Divorced,Graduate,Salaried,22,97331.0,3175.0,4,0,2511,3915,0,1,48279,0.17,656,1,1,1,100710,1291.0,0.77,0,0.16,763,B
CUST02966,32,Male,Single,Graduate,Salaried,7,15000.0,,3,25541,868,57,0,0,2565,0.26,53,2,0,3,58490,557.0,0.49,0,0.45,661,C
CUST02967,50,Female,Married,Graduate,Salaried,23,91480.0,3981.0,5,0,6251,3607,1,0,41919,0.34,1140,1,0,1,103591,1523.0,,0,0.2,708,B
CUST02968,58,Female,Single,Graduate,Salaried,4,107619.0,8698.0,5,0,3197,1026,2,1,50339,0.2,805,1,1,1,366557,3080.0,0.56,0,0.34,701,B
CUST02969,51,Female,Married,Graduate,Unemployed,0,92639.0,,2,38104,1503,1520,0,2,24443,0.12,234,1,1,1,333182,3331.0,0.88,0,0.43,763,B
CUST02970,56,Male,Married,Graduate,Unemployed,0,51323.0,1115.0,2,21133,1280,2339,0,0,14613,0.25,292,1,0,1,139973,6998.0,0.38,0,1.64,608,C
CUST02971,39,Female,Married,Post-Graduate,Salaried,28,121390.0,9567.0,1,26276,771,2429,0,1,36553,0.15,438,1,1,2,230344,17718.0,0.83,1,1.75,698,C
CUST02972,68,Female,Married,Post-Graduate,Salaried,10,129438.0,6096.0,5,24724,1896,3709,0,4,52831,,507,2,0,0,494725,19789.0,0.78,0,1.83,694,C
CUST02973,65,Male,Divorced,High School,Salaried,26,94967.0,2159.0,1,48986,1221,2265,0,5,14196,0.42,476,1,0,3,366003,6421.0,0.67,0,0.81,644,C
CUST02974,56,Male,Married,Graduate,Business Owner,15,130644.0,3793.0,5,38108,2673,3329,0,4,30238,0.22,532,2,0,0,332466,2841.0,0.73,0,0.26,735,B
CUST02975,50,Male,Married,Graduate,Salaried,13,138597.0,2511.0,3,45314,5461,3773,2,5,23323,0.58,1082,2,0,2,413305,11808.0,0.7,0,1.02,590,D
CUST02976,69,Male,Divorced,High School,Salaried,8,55752.0,7973.0,3,11898,1947,2645,1,2,25164,0.29,583,1,0,3,196395,3776.0,0.53,0,0.81,636,C
CUST02977,53,Male,Divorced,Graduate,Self-Employed,22,47671.0,0.0,1,18180,7897,5116,1,1,6111,0.26,127,1,0,1,20433,510.0,0.47,1,0.13,688,C
CUST02978,38,Male,Single,High School,Salaried,27,97295.0,5834.0,3,0,3982,1757,1,5,38828,0.05,155,0,2,2,219959,2244.0,0.63,0,0.28,755,B
CUST02979,69,Male,Divorced,Doctorate,Salaried,13,15000.0,0.0,3,34143,6293,1527,0,2,4138,0.41,135,0,0,0,51813,878.0,0.93,1,0.7,687,C
CUST02980,48,Female,Single,Post-Graduate,Salaried,24,68354.0,0.0,2,30900,1057,1560,1,5,26373,0.28,590,0,0,0,249667,2837.0,0.62,0,0.5,689,D
CUST02981,67,Female,Married,High School,Salaried,7,55228.0,6231.0,3,9273,1949,5175,1,0,25181,0.16,322,2,1,3,220832,5968.0,0.93,0,1.3,695,C
CUST02982,31,Female,Divorced,High School,Self-Employed,17,69326.0,1368.0,2,11509,2028,3508,1,5,16351,0.14,183,1,0,1,203231,2095.0,0.84,0,0.36,752,B
CUST02983,65,Male,Single,Post-Graduate,Unemployed,0,38182.0,7091.0,4,26623,2885,3932,0,5,7285,0.29,169,1,1,3,31945,277.0,0.62,3,0.09,703,B
CUST02984,53,Male,Single,Graduate,Salaried,7,70421.0,7892.0,5,16666,4020,3330,1,4,25357,0.47,953,0,0,3,178678,5255.0,0.72,0,0.9,634,C
CUST02985,37,Female,Single,Post-Graduate,Salaried,16,93177.0,3658.0,2,9549,715,2388,2,2,46496,0.15,557,0,0,0,368802,3479.0,0.87,0,0.45,752,B
CUST02986,26,Male,Married,Doctorate,Unemployed,0,126772.0,6465.0,2,14100,4304,2681,0,0,49669,0.25,993,0,0,1,297959,7267.0,0.49,0,0.69,670,C
CUST02987,24,Female,Married,Graduate,Business Owner,2,89058.0,9420.0,2,13913,1949,1310,2,4,37248,0.43,1281,1,3,4,137380,1934.0,0.85,0,0.26,708,B
CUST02988,40,Female,Married,High School,Salaried,21,21764.0,2124.0,5,25975,5735,4998,1,2,7659,0.09,55,1,0,1,23622,233.0,0.73,0,0.13,759,B
CUST02989,68,Male,Divorced,Post-Graduate,Self-Employed,25,76961.0,7584.0,5,16595,3529,2382,0,0,19030,0.2,304,1,0,1,107456,950.0,0.57,0,0.15,726,B
CUST02990,67,Female,Married,Doctorate,Salaried,25,117573.0,2666.0,5,0,4880,1459,0,5,42544,0.4,1361,1,0,0,346148,4807.0,0.95,1,0.49,716,B
CUST02991,47,Male,Single,Graduate,Self-Employed,22,68782.0,5010.0,3,18637,2315,746,1,3,10414,0.24,199,2,0,1,57892,864.0,0.55,0,0.15,702,B
CUST02992,35,Male,Divorced,Post-Graduate,Unemployed,0,95562.0,3132.0,2,9471,3823,4571,0,4,28241,0.5,1129,1,0,0,244969,15310.0,0.83,2,1.92,626,C
CUST02993,26,Female,Single,Graduate,Self-Employed,25,111384.0,3243.0,5,30028,2293,3759,0,0,36670,0.38,1114,0,2,3,279311,16430.0,0.73,1,1.77,648,F
CUST02994,67,Male,Single,Graduate,Salaried,14,80172.0,3921.0,4,22422,3913,3103,0,3,37095,0.59,1750,0,1,2,84686,1114.0,0.81,2,0.17,688,C
CUST02995,34,Female,Single,Post-Graduate,Salaried,14,,3202.0,5,9540,3358,255,0,2,40128,0.21,674,2,1,1,172995,5580.0,0.82,0,0.78,698,C
CUST02996,31,Male,Married,Doctorate,Self-Employed,26,92689.0,4605.0,1,10131,5299,2976,0,3,11498,0.31,285,2,0,4,321241,8453.0,0.65,1,1.09,631,C
CUST02997,59,Male,Single,Graduate,Self-Employed,8,62528.0,8505.0,1,22576,4410,2187,0,5,22056,0.38,670,0,1,0,198912,4520.0,0.63,1,0.87,638,C
CUST02998,29,Female,Single,Post-Graduate,Self-Employed,26,68868.0,867.0,2,19410,3713,1893,0,4,28825,0.18,415,1,1,0,161467,1681.0,0.83,0,0.29,755,B
CUST02999,46,Female,Single,High School,Salaried,6,48661.0,6285.0,2,15013,3285,4178,0,1,15307,0.08,97,1,0,4,129874,1510.0,0.64,2,0.37,724,B
CUST03000,36,Male,Single,Graduate,Self-Employed,22,60444.0,1764.0,2,18209,3115,891,0,2,8357,0.27,180,2,0,3,8471,111.0,0.7,1,0.02,730,B
CUST03001,25,Male,Married,Graduate,Self-Employed,7,99337.0,1948.0,3,26177,766,760,2,3,19181,0.2,306,3,1,2,35468,300.0,,0,0.04,713,B
CUST03002,30,Female,Married,High School,Salaried,7,91172.0,0.0,1,0,1304,504,0,0,20555,0.48,789,3,1,2,136680,5467.0,0.31,0,0.72,572,D
CUST03003,23,Male,Married,Graduate,Salaried,2,41000.0,8229.0,1,41239,1644,1407,2,1,14969,0.14,167,2,0,1,62922,669.0,0.83,1,0.2,744,B
CUST03004,33,Female,Single,Graduate,Salaried,25,46455.0,4276.0,2,13226,5487,829,1,1,5864,0.11,51,1,0,3,55351,3953.0,0.91,0,1.02,708,B
CUST03005,63,Female,Single,Post-Graduate,Self-Employed,4,57517.0,2302.0,1,37240,2201,3590,2,2,18396,0.47,691,1,0,3,149681,5756.0,0.63,0,1.2,597,D
CUST03006,69,Female,Divorced,Post-Graduate,Self-Employed,13,32703.0,5389.0,1,51105,2326,1410,1,3,4695,0.09,33,1,1,0,79400,1985.0,0.74,0,0.73,708,B
CUST03007,50,Female,Single,Graduate,Business Owner,29,82685.0,3953.0,3,28421,3915,2739,0,4,21336,0.09,153,0,0,1,226406,3483.0,0.74,0,0.51,747,B
CUST03008,65,Male,Divorced,High School,Salaried,10,56244.0,8304.0,4,0,1623,1729,0,3,15198,0.06,72,1,1,4,51971,880.0,0.59,0,0.19,748,B
CUST03009,26,Female,Single,Graduate,Unemployed,0,90481.0,1946.0,2,2538,5118,3684,0,3,25401,0.2,406,1,0,3,980,12.0,0.87,1,0.0,781,B
CUST03010,37,Female,Divorced,Doctorate,Self-Employed,15,105476.0,,4,26291,0,3363,0,2,40539,0.25,810,0,0,2,408074,14071.0,0.7,1,1.6,666,C
CUST03011,65,Male,Single,Graduate,Salaried,12,24809.0,,4,9943,4852,2561,1,2,3286,0.26,68,2,0,3,76667,730.0,0.67,0,0.35,693,C
CUST03012,39,Female,Married,High School,Salaried,27,56259.0,1803.0,3,42153,5784,4423,1,0,11662,0.27,251,2,0,0,102840,4897.0,0.92,0,1.04,674,C
CUST03013,62,Male,Married,High School,Salaried,10,28636.0,3616.0,1,8876,3513,1823,2,4,10207,0.19,155,0,0,3,5012,67.0,0.66,0,0.03,743,B
CUST03014,55,Male,Married,Graduate,Unemployed,0,19875.0,1167.0,2,28362,1957,2076,0,2,9488,0.04,30,2,0,4,15830,155.0,0.55,0,0.09,742,B
CUST03015,66,Male,Single,High School,Salaried,21,91335.0,2394.0,5,18355,4424,2688,0,0,31813,0.17,432,2,0,2,19348,1382.0,0.73,0,0.18,747,B
CUST03016,46,Female,Married,Post-Graduate,Salaried,5,81335.0,337.0,4,20544,1882,3261,2,5,36872,0.22,648,0,0,1,155252,1706.0,0.78,0,0.25,743,B
CUST03017,25,Male,Married,Post-Graduate,Salaried,7,58024.0,1818.0,4,29565,6167,205,1,1,28278,0.39,882,0,1,1,50403,2400.0,0.7,0,0.5,680,C
CUST03018,49,Female,Single,Graduate,Business Owner,28,46490.0,1071.0,3,0,3851,3880,0,0,21086,0.29,489,0,0,3,100151,1206.0,0.4,0,0.31,673,D
CUST03019,57,Female,Single,Graduate,Salaried,20,42558.0,2996.0,4,19499,1625,1765,0,4,20805,0.03,49,2,1,0,10559,195.0,0.77,0,0.05,784,B
CUST03020,40,Male,Married,Graduate,Salaried,11,80295.0,7916.0,4,33530,4243,3284,1,0,32986,0.21,554,2,0,1,228304,2216.0,0.77,0,0.33,726,B
CUST03021,69,Male,Single,Doctorate,Salaried,16,68041.0,5839.0,4,2369,1450,1572,1,5,30949,0.36,891,2,0,2,27405,409.0,0.59,1,0.07,688,C
CUST03022,41,Female,Married,Graduate,Salaried,13,48113.0,8891.0,3,29802,1814,4108,0,0,14269,0.22,251,1,0,0,59554,1191.0,0.39,0,0.3,678,C
CUST03023,30,Male,Single,Post-Graduate,Salaried,28,87524.0,3838.0,1,16560,4159,3737,0,2,20846,0.78,1300,0,0,0,225879,3137.0,0.72,0,0.43,627,D
CUST03024,25,Female,Married,Graduate,Self-Employed,4,83477.0,2308.0,4,10185,1946,3745,1,4,41728,0.18,600,1,0,3,35924,345.0,0.81,0,0.05,770,B
CUST03025,56,Male,Single,Graduate,Business Owner,16,45881.0,4618.0,2,16283,3185,3031,2,0,6382,0.54,275,1,1,0,179585,3453.0,0.46,0,0.9,567,D
CUST03026,26,Male,Married,Graduate,Business Owner,13,60772.0,3177.0,4,40877,3867,2274,0,3,29369,0.18,422,1,0,4,46485,1936.0,0.74,0,0.38,732,C
CUST03027,46,Female,Single,Graduate,Business Owner,29,100818.0,6232.0,4,22557,1990,458,0,0,27457,0.37,812,5,1,4,14562,144.0,0.75,1,0.02,702,B
CUST03028,24,Male,Single,Graduate,Salaried,1,97451.0,,2,1180,2182,2564,0,1,10617,0.39,331,2,1,0,260605,3832.0,0.87,0,0.47,703,B
CUST03029,59,Male,Single,Graduate,Business Owner,22,55314.0,4782.0,3,24392,5576,3886,0,1,23298,0.31,577,2,0,3,84417,5627.0,,1,1.22,656,C
CUST03030,59,Male,Divorced,Graduate,Salaried,4,124845.0,,5,20704,4022,3460,1,0,34667,0.3,832,2,0,2,483073,,0.74,1,1.03,645,C
CUST03031,55,Male,Single,High School,Salaried,27,69741.0,2236.0,2,36962,2984,1611,0,5,29254,0.58,1357,1,0,4,24352,839.0,0.78,0,0.14,689,C
CUST03032,21,Male,Married,Graduate,Unemployed,0,98654.0,3676.0,5,18926,2871,6188,1,0,11633,0.4,372,2,0,1,140104,4245.0,0.98,0,0.52,708,B
CUST03033,44,Female,Single,Graduate,Business Owner,26,43460.0,0.0,1,35909,1210,3770,1,3,21280,0.06,102,1,0,2,103146,,0.79,1,0.33,754,F
CUST03034,56,Male,Single,Graduate,Self-Employed,26,70433.0,8328.0,1,21032,3716,1599,0,0,25948,,1058,0,0,0,153345,1825.0,0.87,0,0.31,707,B
CUST03035,26,Male,Married,Doctorate,Business Owner,21,47530.0,4705.0,4,25957,3168,1799,1,2,5665,0.23,104,3,0,0,92795,851.0,0.69,0,0.21,709,B
CUST03036,61,Female,Married,High School,Unemployed,0,25394.0,3439.0,4,8958,4375,1255,1,4,2586,0.4,82,1,0,4,38992,749.0,0.6,1,0.35,660,C
CUST03037,66,Male,Divorced,Graduate,Self-Employed,25,73726.0,5142.0,3,28526,0,2338,1,5,24889,0.03,59,1,0,3,246158,2646.0,0.5,1,0.43,710,A
CUST03038,64,Male,Divorced,High School,Self-Employed,16,65160.0,4786.0,5,50318,2699,4393,0,3,31967,0.17,434,2,0,3,35988,1090.0,0.83,0,0.2,757,B
CUST03039,51,Female,Married,Graduate,Business Owner,4,107161.0,2897.0,1,45826,2868,3040,0,0,33177,0.33,875,0,0,2,214938,4133.0,,0,0.46,702,B
CUST03040,40,Female,Married,Graduate,Salaried,17,57674.0,786.0,1,3335,3507,4488,0,5,13931,0.28,312,2,1,4,132061,6288.0,0.78,0,1.31,656,C
CUST03041,44,Female,Married,Post-Graduate,Salaried,11,,5461.0,4,0,3348,4399,0,2,39502,0.36,1137,0,1,1,293961,2853.0,0.47,1,0.41,662,C
CUST03042,45,Female,Married,Graduate,Business Owner,25,62825.0,5044.0,4,25642,3789,4148,1,5,31009,0.12,297,1,1,0,70983,972.0,0.69,0,0.19,748,B
CUST03043,56,Male,Divorced,Graduate,Salaried,5,45806.0,3836.0,3,16346,2706,4528,1,0,18954,0.17,257,1,0,4,50163,1475.0,0.45,0,0.39,683,C
CUST03044,41,Female,Married,Post-Graduate,Salaried,26,99195.0,4083.0,4,7256,1128,2494,1,3,38404,0.14,430,0,0,1,321343,22953.0,0.75,1,2.0,687,C
CUST03045,50,Male,Married,Doctorate,Salaried,13,56576.0,8241.0,4,51717,811,2708,0,3,5704,0.07,31,2,0,0,62655,764.0,0.7,0,0.16,758,B
CUST03046,44,Male,Single,Doctorate,Salaried,12,61975.0,5872.0,3,66320,2907,845,0,1,13973,0.04,44,3,0,3,13356,160.0,0.69,1,0.03,761,B
CUST03047,64,Male,Single,Post-Graduate,Unemployed,0,39380.0,1022.0,4,0,7497,3209,0,1,18511,0.32,473,0,0,2,82276,768.0,0.74,0,0.23,725,B
CUST03048,62,Male,Divorced,Doctorate,Self-Employed,27,24342.0,8868.0,4,8255,3874,2787,0,0,6018,0.45,216,2,0,1,73906,1026.0,0.73,1,0.51,653,C
CUST03049,50,Male,Single,Graduate,Self-Employed,23,88595.0,7042.0,4,616,6809,4898,0,4,20716,0.14,232,1,1,4,54389,988.0,0.67,0,0.13,755,B
CUST03050,42,Female,Married,High School,Unemployed,0,72026.0,6827.0,5,7623,4042,2072,0,2,22678,0.23,417,1,0,3,219543,2888.0,0.72,0,0.48,712,B
CUST03051,48,Male,Single,High School,Unemployed,0,102546.0,2620.0,1,36841,1419,1265,1,1,28622,0.12,274,3,1,4,145417,2048.0,0.58,2,0.24,707,A
CUST03052,27,Male,Married,Post-Graduate,Self-Employed,28,90268.0,7561.0,2,23846,2807,758,1,1,40035,0.38,1217,3,1,2,342477,9513.0,0.87,0,1.26,643,C
CUST03053,55,Male,Single,Doctorate,Unemployed,0,37651.0,5541.0,1,32482,6801,4161,1,4,4995,0.36,143,1,1,2,13105,354.0,0.94,0,0.11,746,B
CUST03054,48,Male,Married,High School,Salaried,9,75096.0,1515.0,5,39785,4162,2716,1,5,27297,0.09,196,3,0,1,94709,2058.0,0.71,0,0.33,730,B
CUST03055,34,Female,Single,Graduate,Salaried,10,73935.0,5863.0,2,25067,4117,2139,1,3,28012,0.15,336,2,0,2,62146,706.0,0.78,0,0.11,757,B
CUST03056,30,Male,Divorced,Post-Graduate,Salaried,13,105331.0,7855.0,1,5838,1961,2782,1,0,47614,,914,2,1,2,377879,9689.0,0.57,0,1.1,633,C
CUST03057,36,Male,Married,Doctorate,Self-Employed,1,111991.0,6704.0,3,27759,3008,979,0,0,29824,0.25,596,0,0,4,125086,1454.0,0.6,0,0.16,732,A
CUST03058,36,Male,Single,Graduate,Self-Employed,12,23129.0,0.0,5,18411,1394,927,0,2,5042,0.29,116,1,0,1,24575,,0.47,1,0.55,647,C
CUST03059,51,Female,Married,Doctorate,Self-Employed,11,107958.0,6198.0,3,17487,2347,4575,2,4,37852,0.12,363,0,0,2,304309,,0.73,0,0.63,722,B
CUST03060,62,Male,Single,Graduate,Self-Employed,21,103925.0,3908.0,3,7581,3238,2733,0,5,40527,0.05,162,1,0,0,394537,3830.0,0.82,1,0.44,762,B
CUST03061,45,Male,Single,Graduate,Salaried,8,50647.0,0.0,1,34412,2075,2996,1,4,8528,0.01,6,3,1,3,119573,3321.0,0.69,0,0.79,697,C
CUST03062,33,Male,Divorced,Graduate,Salaried,26,73633.0,6947.0,2,27537,4435,2510,0,4,12021,0.16,153,2,1,2,277422,6935.0,0.67,1,1.13,658,C
CUST03063,26,Male,Married,Graduate,Self-Employed,23,15000.0,7049.0,4,32639,2133,1741,0,3,3081,0.18,44,0,1,2,39481,607.0,0.65,0,0.49,711,B
CUST03064,64,Male,Married,High School,Salaried,14,73491.0,4906.0,4,5994,3481,1741,0,4,14636,0.26,304,1,0,2,57950,919.0,0.42,0,0.15,692,C
CUST03065,29,Female,Single,Post-Graduate,Self-Employed,14,43505.0,1940.0,5,35814,4481,1259,0,3,17413,0.71,989,0,1,3,129567,10797.0,0.88,0,2.0,607,C
CUST03066,65,Female,Married,Post-Graduate,Self-Employed,20,90627.0,9181.0,3,25242,6115,3867,0,0,28301,0.27,611,0,1,4,107463,2107.0,0.4,1,0.28,680,C
CUST03067,56,Female,Divorced,Post-Graduate,Self-Employed,23,87398.0,6642.0,5,34283,3548,3071,1,3,27890,0.07,156,0,0,1,107957,1101.0,0.99,1,0.15,811,A
CUST03068,63,Male,Married,Graduate,Salaried,17,72178.0,6812.0,1,8229,1460,1857,0,0,7642,0.11,67,0,1,1,233511,3766.0,0.72,2,0.63,718,B
CUST03069,40,Male,Divorced,Graduate,Self-Employed,22,80898.0,7764.0,3,22406,2976,3385,0,2,40263,0.3,966,4,0,1,83734,2325.0,0.75,0,0.34,696,C
CUST03070,38,Male,Divorced,Graduate,Business Owner,25,51303.0,8637.0,4,37315,5940,1525,0,4,22158,0.23,407,3,0,1,68388,2442.0,0.9,0,0.57,714,B
CUST03071,63,Female,Single,High School,Unemployed,0,41146.0,5968.0,1,28849,4425,3726,0,2,11416,0.43,392,0,0,1,162476,9026.0,0.91,0,2.0,662,C
CUST03072,41,Female,Single,Graduate,Business Owner,20,138430.0,1584.0,1,18299,3289,1493,0,4,17546,,84,0,0,0,94155,804.0,0.24,0,0.07,724,B
CUST03073,24,Female,Divorced,High School,Self-Employed,24,105735.0,2941.0,5,28185,3861,2685,0,5,39937,0.17,543,0,0,4,267349,3874.0,0.61,0,0.44,722,B
CUST03074,53,Male,Married,High School,Salaried,28,78924.0,3441.0,5,5683,3419,1686,0,2,24783,0.29,574,2,0,4,124576,1186.0,0.57,0,0.18,700,C
CUST03075,47,Male,Single,Post-Graduate,Self-Employed,21,68578.0,8647.0,2,30265,1086,4273,1,1,25443,0.55,1119,2,0,2,87704,1082.0,0.69,0,0.19,664,C
CUST03076,27,Male,Single,High School,Unemployed,0,147085.0,5644.0,4,33680,3308,4235,0,1,54573,0.49,2139,0,0,3,78263,738.0,0.58,0,0.06,699,C
CUST03077,26,Female,Married,Doctorate,Salaried,17,125207.0,2947.0,4,26780,1956,3376,0,3,20270,0.3,486,0,0,1,266705,3213.0,0.62,1,0.31,709,B
CUST03078,35,Female,Married,Graduate,Salaried,6,66457.0,4402.0,5,18838,2181,2411,0,5,15386,0.44,541,1,0,1,151495,3787.0,0.77,2,0.68,653,C
CUST03079,38,Female,Single,Doctorate,Salaried,14,45881.0,8968.0,4,25285,2574,1929,0,2,4914,0.35,137,0,0,4,126249,2295.0,0.9,2,0.6,701,B
CUST03080,52,Male,Single,High School,Self-Employed,18,76573.0,6843.0,4,19388,0,2757,0,4,37743,0.21,634,0,0,4,241353,2413.0,0.52,0,0.38,703,B
CUST03081,31,Male,Divorced,Graduate,Salaried,17,63658.0,8128.0,1,17441,2748,1658,0,0,26900,0.49,1054,1,1,3,105089,1251.0,0.89,0,0.24,712,F
CUST03082,40,Female,Married,Graduate,Salaried,6,46586.0,1653.0,3,31521,480,3567,0,3,21966,0.47,825,1,1,3,100366,1593.0,0.69,0,0.41,668,C
CUST03083,44,Female,Married,Post-Graduate,Business Owner,5,116159.0,4371.0,3,43728,4255,2264,1,5,13666,0.22,240,0,1,3,30287,,0.96,0,0.07,795,B
CUST03084,35,Male,Married,Graduate,Self-Employed,13,90730.0,3076.0,2,22837,0,2619,0,3,27231,0.43,936,3,0,1,151416,2656.0,0.55,2,0.35,640,C
CUST03085,68,Male,Married,Graduate,Salaried,16,62781.0,9505.0,3,11997,397,2798,0,5,25047,0.13,260,1,0,4,33135,525.0,0.87,0,0.1,786,B
CUST03086,27,Male,Married,Post-Graduate,Salaried,21,62367.0,4586.0,4,5739,177,4359,1,1,8823,0.35,247,1,0,0,180,3.0,0.49,0,0.0,693,C
CUST03087,41,Male,Married,Graduate,Salaried,9,75385.0,3278.0,1,10177,3468,2443,0,5,30970,0.32,792,0,0,3,18016,159.0,0.7,0,0.03,742,B
CUST03088,62,Male,Single,High School,Salaried,12,60419.0,,3,52764,2990,4668,0,2,21690,0.13,225,1,0,3,5972,149.0,0.87,0,0.03,792,B
CUST03089,46,Female,Married,Graduate,Salaried,10,57825.0,9232.0,4,44430,5559,3540,2,2,28564,0.34,776,0,1,4,90734,997.0,,1,0.21,735,B
CUST03090,64,Male,Married,Post-Graduate,Self-Employed,26,136613.0,9377.0,4,34387,3648,3533,0,5,21358,0.08,136,0,0,0,210023,1875.0,0.7,0,0.16,781,B
CUST03091,34,Male,Divorced,Graduate,Business Owner,13,47641.0,0.0,5,39152,359,1763,0,3,16755,0.27,361,1,0,1,37919,456.0,0.49,1,0.11,696,C
CUST03092,57,Male,Single,Graduate,Self-Employed,19,15000.0,5637.0,5,12009,1737,1066,0,1,7182,0.34,195,2,0,1,27911,348.0,0.56,0,0.28,672,C
CUST03093,41,Female,Divorced,High School,Salaried,16,94629.0,7839.0,3,35685,3289,2610,0,0,37611,0.18,541,2,1,0,30101,271.0,0.8,0,0.03,769,B
CUST03094,38,Female,Divorced,Graduate,Self-Employed,17,108492.0,6431.0,5,36965,3497,1225,1,1,25436,0.26,529,1,1,1,126649,1783.0,0.87,0,0.2,754,B
CUST03095,25,Male,Single,Post-Graduate,Business Owner,16,79624.0,3691.0,4,18694,315,349,0,2,11760,0.06,56,3,0,1,14473,155.0,0.49,0,0.02,736,B
CUST03096,23,Female,Married,Graduate,Salaried,14,26666.0,2161.0,4,2236,4352,1940,1,0,12946,0.22,227,5,0,3,715,51.0,0.55,1,0.02,685,C
CUST03097,43,Female,Married,Graduate,Salaried,16,70922.0,8504.0,5,0,1700,555,1,3,9132,0.55,401,1,0,2,166535,1527.0,0.38,0,0.26,619,C
CUST03098,46,Male,Divorced,High School,Self-Employed,24,59738.0,7312.0,1,26119,1730,3671,0,0,29275,0.25,585,1,0,4,171396,2142.0,0.88,0,0.43,736,B
CUST03099,57,Male,Married,Graduate,Self-Employed,15,115113.0,6913.0,5,12727,4610,1144,2,3,25486,0.36,733,0,0,3,119070,1434.0,0.85,3,0.15,726,B
CUST03100,44,Female,Married,High School,Salaried,12,49646.0,8514.0,1,24962,3016,525,0,1,22049,0.21,370,0,1,4,137567,2183.0,0.69,2,0.53,702,B
CUST03101,69,Female,Married,Graduate,Self-Employed,5,81914.0,11558.0,5,15880,3509,1843,1,0,26353,0.37,780,2,0,2,205720,4285.0,0.92,0,0.63,692,C
CUST03102,39,Female,Single,Graduate,Self-Employed,11,92939.0,4022.0,4,3359,3792,3206,0,4,43220,0.48,1659,0,0,4,288299,3313.0,0.64,0,0.43,670,C
CUST03103,45,Female,Single,Doctorate,Unemployed,0,49272.0,4028.0,4,46546,664,1979,0,2,13335,0.36,384,3,0,0,40486,,0.59,0,0.34,664,C
CUST03104,41,Female,Married,High School,Salaried,24,57151.0,3786.0,5,4167,3374,3483,0,3,25141,0.3,603,0,0,3,109916,1077.0,0.84,0,0.23,746,B
CUST03105,32,Male,Married,Graduate,Business Owner,24,87998.0,2231.0,2,10043,5887,3261,0,0,17190,0.23,316,1,0,3,74230,905.0,0.57,1,0.12,719,B
CUST03106,61,Male,Married,Graduate,Salaried,11,15000.0,8583.0,1,19891,2686,2879,0,0,4300,0.45,154,1,0,2,52239,442.0,0.65,0,0.35,667,C
CUST03107,53,Male,Married,Graduate,Self-Employed,2,115858.0,9032.0,2,22143,3563,1752,1,5,50806,0.29,1178,1,0,0,299125,5157.0,0.59,0,0.53,678,C
CUST03108,24,Male,Single,Post-Graduate,Self-Employed,19,44658.0,8196.0,4,0,6811,3019,0,4,6580,0.43,226,1,0,1,15230,162.0,0.94,1,0.04,741,B
CUST03109,62,Female,Married,Graduate,Salaried,26,76327.0,10000.0,1,32314,5316,0,0,5,29878,0.16,382,0,0,2,111699,971.0,0.67,0,0.15,755,B
CUST03110,27,Female,Single,High School,Business Owner,26,34420.0,5304.0,5,29975,2341,2366,1,5,9456,0.19,143,1,0,4,5280,56.0,0.86,1,0.02,767,B
CUST03111,42,Female,Married,Post-Graduate,Salaried,17,114551.0,6126.0,1,52867,3736,3904,0,5,34970,0.07,195,1,1,2,451228,4065.0,0.62,0,0.43,736,E
CUST03112,53,Male,Divorced,Graduate,Self-Employed,19,75015.0,6957.0,1,24356,4130,1747,1,1,24875,0.38,756,1,0,0,247043,2976.0,0.71,0,0.48,679,C
CUST03113,37,Female,Married,High School,Salaried,12,,3740.0,3,18543,6236,2893,0,4,17118,0.25,342,0,0,3,114940,2873.0,0.67,0,0.42,715,B
CUST03114,44,Male,Single,Graduate,Self-Employed,20,91781.0,1789.0,1,6147,1630,314,0,0,12716,0.31,315,0,2,4,141093,4865.0,0.84,1,0.64,707,B
CUST03115,54,Male,Single,Graduate,Salaried,27,,5435.0,4,908,7602,3386,0,2,11573,0.6,555,1,0,1,159159,1989.0,0.17,0,0.22,591,D
CUST03116,48,Female,Married,Graduate,Business Owner,23,41438.0,3600.0,2,17231,3433,2131,0,0,11286,0.06,54,1,0,1,108987,1513.0,0.69,0,0.44,738,B
CUST03117,63,Female,Married,High School,Business Owner,25,66915.0,11507.0,2,259,2530,2116,3,0,13888,0.33,366,1,1,1,93187,1294.0,0.46,1,0.23,657,C
CUST03118,61,Female,Married,Graduate,Business Owner,28,112876.0,531.0,5,32332,3932,2092,0,0,39864,,1785,1,2,0,95896,5993.0,0.72,0,0.64,644,C
CUST03119,59,Male,Single,Graduate,Salaried,5,61826.0,4822.0,3,13580,2455,2849,1,5,23888,0.48,917,4,0,3,66281,1274.0,,0,0.25,637,C
CUST03120,42,Male,Married,Graduate,Self-Employed,12,116007.0,5868.0,2,38434,2497,1973,1,4,34975,0.08,223,0,1,3,369179,10254.0,0.74,0,1.06,704,B
CUST03121,69,Male,Married,Doctorate,Salaried,16,81182.0,2510.0,2,24373,2146,2645,1,4,28217,0.22,496,1,0,2,33417,439.0,0.83,0,0.06,765,B
CUST03122,37,Male,Single,High School,Business Owner,1,62280.0,3622.0,1,24956,2181,1017,2,3,20197,0.29,468,1,0,0,107144,1245.0,0.37,0,0.24,660,C
CUST03123,54,Female,Married,Doctorate,Self-Employed,2,95801.0,5181.0,4,5321,469,1992,0,3,9755,0.3,234,2,1,0,151666,1704.0,0.84,1,0.21,733,B
CUST03124,26,Female,Single,Graduate,Self-Employed,10,70389.0,,4,29708,551,2852,0,5,30737,0.31,762,1,1,4,156812,3015.0,0.66,2,0.51,676,C
CUST03125,66,Female,Married,Post-Graduate,Self-Employed,2,100505.0,,5,26533,1795,2291,0,5,12445,0.17,169,1,0,1,24394,393.0,0.78,0,0.05,774,B
CUST03126,26,Male,Divorced,Graduate,Salaried,25,60629.0,9732.0,4,0,3402,2915,1,3,16014,0.14,179,1,1,1,8136,96.0,0.81,0,0.02,777,B
CUST03127,54,Female,Married,Graduate,Self-Employed,10,100701.0,3863.0,2,39185,1913,3237,1,0,14541,0.09,104,0,0,2,279799,4663.0,0.76,2,0.56,733,B
CUST03128,21,Male,Married,Post-Graduate,Salaried,23,88125.0,7304.0,1,33121,6174,3234,3,3,32159,0.21,540,2,0,1,184403,3179.0,0.9,0,0.43,727,B
CUST03129,30,Female,Married,Post-Graduate,Unemployed,0,64841.0,10123.0,4,8105,3957,3310,2,3,14928,0.53,632,1,0,1,31449,1965.0,0.86,0,0.36,679,D
CUST03130,41,Male,Single,Graduate,Business Owner,1,20308.0,8020.0,3,34054,1994,68,0,1,2608,0.26,54,0,0,1,31283,893.0,0.61,1,0.53,682,C
CUST03131,25,Male,Married,High School,Self-Employed,5,89354.0,2818.0,3,13715,5709,1094,1,5,10556,0.32,270,0,1,3,187271,2311.0,0.74,0,0.31,719,B
CUST03132,22,Male,Married,Graduate,Unemployed,0,107252.0,387.0,3,10299,2676,4677,1,5,20898,0.06,100,2,0,2,151536,1647.0,0.73,0,0.18,763,B
CUST03133,42,Female,Married,Doctorate,Salaried,17,80766.0,4066.0,4,25269,2664,3667,0,4,29633,0.45,1066,2,0,1,36816,518.0,0.58,0,0.08,681,C
CUST03134,68,Male,Single,Graduate,Unemployed,0,15000.0,5177.0,1,34807,3963,2028,0,3,5809,0.32,148,3,0,0,9029,104.0,0.7,2,0.08,697,C
CUST03135,22,Male,Married,Post-Graduate,Salaried,19,109190.0,0.0,4,42904,2889,3208,1,4,16528,0.27,357,4,0,0,107154,2613.0,,1,0.29,685,C
CUST03136,30,Female,Single,Post-Graduate,Self-Employed,18,86940.0,5084.0,2,46353,3147,1784,1,2,13531,0.1,108,0,0,0,425,18.0,0.61,0,0.0,767,B
CUST03137,54,Male,Single,Post-Graduate,Self-Employed,13,93532.0,2520.0,4,0,4008,3277,1,5,31547,0.21,529,2,0,4,272633,10485.0,0.73,1,1.35,656,C
CUST03138,36,Male,Married,Graduate,Salaried,22,72612.0,4643.0,3,0,1288,1348,0,1,35064,0.39,1093,1,0,0,199415,7976.0,0.72,0,1.32,637,C
CUST03139,68,Male,Single,Graduate,Salaried,3,17041.0,4064.0,3,13556,2839,2963,0,2,5472,0.13,56,1,0,1,60066,3161.0,0.52,0,2.0,647,C
CUST03140,59,Male,Divorced,Doctorate,Salaried,21,92415.0,4379.0,1,6461,1591,2269,0,5,35551,0.3,853,3,0,0,42304,,0.81,1,0.09,731,B
CUST03141,42,Female,Married,Graduate,Unemployed,0,68415.0,7254.0,5,57046,3524,3393,2,4,22588,0.53,957,1,0,0,168482,7020.0,0.89,0,1.23,627,C
CUST03142,32,Female,Married,Post-Graduate,Salaried,14,53070.0,2002.0,3,24204,883,5309,1,4,7532,0.18,108,0,0,2,153262,3929.0,0.95,1,0.89,714,B
CUST03143,44,Male,Married,Graduate,Self-Employed,8,127291.0,0.0,3,16845,5362,2595,0,2,60919,0.1,487,1,0,4,309141,2619.0,0.94,1,0.25,791,B
CUST03144,67,Female,Married,Post-Graduate,Business Owner,10,92659.0,7489.0,5,11868,2112,235,0,3,11933,0.08,76,2,0,1,131855,1387.0,0.69,0,0.18,757,B
CUST03145,60,Male,Single,Graduate,Salaried,2,81569.0,6940.0,4,22981,2499,2743,0,1,32949,0.31,817,0,0,3,106394,1773.0,0.61,0,0.26,710,B
CUST03146,58,Male,Divorced,Graduate,Salaried,28,49117.0,6614.0,3,0,2827,2388,0,4,24152,0.47,908,1,1,1,27182,734.0,0.87,1,0.18,711,B
CUST03147,30,Male,Married,Post-Graduate,Self-Employed,13,45360.0,2343.0,1,33528,1551,0,1,0,10323,0.08,66,1,1,2,176254,2630.0,0.83,0,0.7,728,B
CUST03148,55,Male,Married,Graduate,Salaried,5,90056.0,6832.0,4,41012,3348,1578,1,1,15188,0.21,255,0,0,1,39981,,0.8,1,0.1,762,B
CUST03149,69,Male,Married,Post-Graduate,Business Owner,11,15147.0,1159.0,4,0,4664,3381,0,2,4945,0.42,166,0,0,1,41348,359.0,0.7,0,0.28,694,C
CUST03150,52,Female,Single,Graduate,Salaried,24,91524.0,4095.0,3,28739,2505,3740,1,4,38259,0.55,1683,1,2,3,324151,6355.0,0.84,0,0.83,639,C
CUST03151,27,Female,Married,Graduate,Salaried,1,93373.0,,4,26712,2363,3761,0,4,44799,0.15,537,4,1,2,336204,9888.0,0.26,0,1.27,591,D
CUST03152,41,Male,Single,Graduate,Self-Employed,26,116251.0,6792.0,4,27977,3965,4457,0,5,43881,0.54,1895,1,1,2,429835,5969.0,0.78,1,0.62,654,B
CUST03153,40,Female,Married,Graduate,Salaried,10,104456.0,4781.0,1,27812,3874,2153,1,2,24479,0.11,215,0,0,1,275680,10603.0,0.69,0,1.22,689,C
CUST03154,46,Female,Single,Graduate,Unemployed,0,,4567.0,4,4066,3186,1328,0,0,32513,0.2,520,0,1,1,56989,553.0,0.67,2,0.06,750,B
CUST03155,24,Female,Married,Post-Graduate,Business Owner,29,57076.0,1695.0,3,17931,4825,632,0,5,23086,0.04,73,4,1,4,118711,9892.0,0.6,1,2.0,653,C
CUST03156,66,Female,Divorced,Post-Graduate,Salaried,28,31030.0,9860.0,3,33059,3619,2495,0,0,12882,0.13,133,0,0,3,54410,585.0,0.45,0,0.23,715,B
CUST03157,42,Male,Married,Graduate,Salaried,13,80268.0,8032.0,5,0,5660,1782,0,4,10416,0.33,274,3,0,0,215666,3594.0,0.92,0,0.54,705,B
CUST03158,35,Female,Married,Graduate,Salaried,28,88305.0,7394.0,2,21688,2545,1464,1,3,30509,0.39,951,2,0,0,161964,1928.0,0.72,1,0.26,688,C
CUST03159,60,Female,Married,Post-Graduate,Salaried,4,105340.0,4721.0,5,28562,1286,519,2,0,51295,0.2,820,1,0,4,346431,4499.0,0.89,0,0.51,735,B
CUST03160,41,Female,Married,Post-Graduate,Self-Employed,21,119601.0,3907.0,1,14605,5086,2038,0,0,49527,0.25,990,0,0,0,197113,3231.0,0.95,0,0.32,771,B
CUST03161,35,Male,Divorced,Post-Graduate,Business Owner,10,40070.0,2721.0,1,27105,354,1509,2,3,4124,0.18,59,1,0,2,120813,1372.0,0.45,1,0.41,668,C
CUST03162,42,Male,Divorced,Post-Graduate,Salaried,12,100706.0,9293.0,3,20598,1733,1632,1,5,19131,0.19,290,2,1,1,383282,15331.0,0.79,0,1.83,674,C
CUST03163,48,Male,Married,Graduate,Salaried,14,15000.0,0.0,2,16742,1523,4595,1,0,4170,0.23,76,0,0,0,43613,519.0,0.78,1,0.42,717,B
CUST03164,34,Male,Single,Graduate,Salaried,27,83257.0,6699.0,5,13583,3091,2469,0,3,31846,0.31,789,0,0,1,254049,6866.0,0.88,0,0.99,685,C
CUST03165,47,Male,Married,Graduate,Salaried,3,95996.0,271.0,2,39123,2884,2306,1,2,30920,0.43,1063,0,1,3,272975,2551.0,0.93,0,0.32,728,B
CUST03166,61,Female,Single,High School,Self-Employed,28,29202.0,4391.0,3,18235,4819,3468,1,5,3823,0.12,36,1,0,4,98177,7012.0,0.66,0,2.0,666,C
CUST03167,60,Male,Married,Post-Graduate,Self-Employed,2,93718.0,4925.0,4,7162,3099,1915,1,1,37047,0.12,355,1,0,1,109354,3770.0,0.56,1,0.48,701,B
CUST03168,48,Female,Married,High School,Salaried,28,43052.0,1160.0,3,1020,2139,3080,0,1,18748,0.57,854,1,0,2,170847,1779.0,0.84,0,0.5,664,C
CUST03169,46,Male,Married,Doctorate,Salaried,19,63182.0,2436.0,3,0,2578,3317,0,2,11518,0.27,248,1,0,2,201128,4788.0,0.76,0,0.91,671,C
CUST03170,69,Female,Divorced,Post-Graduate,Unemployed,0,100790.0,,2,0,1592,1329,0,0,12797,0.64,655,1,0,3,305558,3086.0,0.85,0,0.37,672,C
CUST03171,22,Male,Married,Post-Graduate,Salaried,21,65469.0,9435.0,1,13154,3990,2196,1,1,27260,0.18,392,0,0,1,23441,520.0,0.52,0,0.1,727,B
CUST03172,45,Male,Single,Doctorate,Business Owner,7,65007.0,5937.0,4,18057,5231,740,0,2,23154,0.4,740,2,0,4,86618,1634.0,0.87,0,0.3,712,B
CUST03173,23,Female,Divorced,Graduate,Salaried,18,84582.0,2937.0,4,15356,3313,1170,0,1,35642,0.29,826,0,1,4,85737,1071.0,0.84,0,0.15,758,B
CUST03174,28,Female,Single,Post-Graduate,Business Owner,29,98944.0,2096.0,1,7473,2973,1615,0,0,32318,,646,1,0,4,44300,598.0,0.58,0,0.07,728,B
CUST03175,64,Female,Married,High School,Self-Employed,14,,2778.0,2,11827,3698,2917,0,5,20347,0.24,390,0,0,2,274079,6373.0,0.91,0,1.02,700,B
CUST03176,53,Male,Single,High School,Salaried,7,122446.0,4933.0,2,30060,2317,1209,2,3,59414,0.02,95,1,1,2,298809,3112.0,0.73,1,0.3,759,B
CUST03177,62,Male,Married,Post-Graduate,Business Owner,22,64931.0,5773.0,1,35414,2788,2656,0,2,26750,0.43,920,1,0,3,232957,6130.0,0.57,0,1.13,606,C
CUST03178,55,Female,Divorced,High School,Self-Employed,7,111979.0,8683.0,5,45480,2751,2157,0,5,29648,0.36,853,3,0,2,238458,2207.0,0.87,1,0.24,718,B
CUST03179,26,Male,Single,Doctorate,Salaried,23,90890.0,4780.0,2,20596,4056,2142,0,1,42082,0.76,2558,0,0,0,331111,23650.0,,1,2.0,547,D
CUST03180,59,Female,Married,Post-Graduate,Salaried,9,95160.0,3012.0,1,39793,2420,3401,2,0,47332,0.19,719,3,2,0,352514,3750.0,0.81,0,0.47,712,B
CUST03181,43,Male,Single,Post-Graduate,Self-Employed,23,40179.0,1617.0,5,22211,0,4537,0,5,8971,0.54,387,0,0,4,104855,8737.0,0.66,0,2.0,604,D
CUST03182,45,Male,Divorced,Graduate,Self-Employed,12,111488.0,4373.0,3,41568,1299,547,1,1,50948,0.47,1915,1,1,3,223414,2828.0,0.88,0,0.3,709,B
CUST03183,63,Male,Divorced,Post-Graduate,Self-Employed,29,78602.0,54.0,4,28824,6460,3144,1,0,9287,0.3,222,1,1,4,69682,1009.0,0.6,0,0.15,707,B
CUST03184,39,Male,Single,High School,Self-Employed,6,144368.0,3186.0,1,20660,2754,4892,0,0,26814,0.24,514,1,0,4,527863,5175.0,0.59,0,0.43,705,B
CUST03185,25,Female,Single,Post-Graduate,Self-Employed,26,82714.0,1220.0,2,0,3751,3658,0,0,13595,0.21,228,2,0,2,257961,3908.0,0.78,0,0.57,711,B
CUST03186,31,Female,Married,High School,Business Owner,24,74394.0,4221.0,4,17767,2875,3214,0,0,18050,0.11,158,1,0,0,99838,853.0,0.84,0,0.14,783,B
CUST03187,32,Male,Single,Post-Graduate,Self-Employed,7,59578.0,6367.0,5,7838,2888,326,0,2,19365,0.24,371,0,0,3,159034,1622.0,0.95,1,0.33,760,B
CUST03188,30,Female,Married,Graduate,Salaried,22,,6140.0,4,14506,1324,3986,0,5,29155,0.2,466,2,1,0,183682,2325.0,0.98,1,0.37,755,B
CUST03189,28,Male,Single,High School,Unemployed,0,117338.0,7051.0,1,38814,5555,4490,0,3,54107,0.06,259,0,1,2,50493,1628.0,0.44,1,0.17,737,B
CUST03190,44,Male,Single,Graduate,Salaried,16,98483.0,2225.0,3,26371,1878,3287,2,2,16093,0.24,308,1,0,2,366799,15947.0,0.56,0,1.94,633,C
CUST03191,48,Male,Married,High School,Salaried,7,83843.0,9253.0,5,35064,1842,3616,0,1,27778,0.42,933,1,0,1,1987,26.0,0.65,0,0.0,712,B
CUST03192,61,Female,Single,Post-Graduate,Self-Employed,28,100673.0,6998.0,5,28580,3573,3756,2,2,32404,0.22,570,0,2,2,333482,3146.0,0.36,0,0.37,671,C
CUST03193,56,Female,Divorced,Graduate,Salaried,8,61728.0,6888.0,5,5547,4747,3319,1,2,17493,0.5,699,0,0,2,126278,1503.0,0.97,0,0.29,720,B
CUST03194,57,Female,Single,Graduate,Salaried,8,59429.0,8378.0,4,48945,2589,3466,0,1,22454,0.1,179,0,0,0,196291,2230.0,0.9,0,0.45,771,B
CUST03195,41,Female,Single,Graduate,Salaried,28,56189.0,5529.0,3,17416,190,555,4,3,17156,0.68,933,1,2,3,124892,2775.0,0.59,0,0.59,580,D
CUST03196,28,Female,Divorced,Graduate,Self-Employed,28,104642.0,4652.0,1,35589,237,5491,2,2,33493,0.21,562,1,1,0,64146,593.0,0.62,0,0.07,732,B
CUST03197,29,Female,Married,Graduate,Unemployed,0,,9045.0,1,44453,5318,3662,1,0,49658,0.21,834,2,0,0,203954,3999.0,0.73,0,0.45,712,B
CUST03198,67,Female,Married,Post-Graduate,Self-Employed,26,51036.0,2492.0,4,0,3109,3602,0,2,22665,0.27,489,2,0,1,179406,3147.0,0.81,1,0.74,680,C
CUST03199,35,Female,Single,High School,Self-Employed,25,54742.0,4365.0,1,18618,4993,2935,0,1,18115,0.42,608,0,0,0,50268,1226.0,0.8,2,0.27,705,B
CUST03200,68,Male,Married,High School,Salaried,3,70925.0,8471.0,1,30469,3352,172,0,3,11524,0.09,82,2,0,3,33975,585.0,0.83,1,0.1,776,B
CUST03201,66,Male,Married,Graduate,Salaried,9,44309.0,4373.0,3,15799,1721,0,0,2,21422,0.09,154,2,1,3,73461,1288.0,0.73,0,0.35,740,B
CUST03202,60,Male,Single,Graduate,Salaried,19,,3237.0,4,61057,3584,3103,0,2,28646,0.1,229,0,0,1,266209,8066.0,0.69,0,1.18,693,C
CUST03203,38,Male,Married,Graduate,Salaried,13,118077.0,2166.0,4,24008,3401,2450,0,1,49945,0.16,639,2,0,0,333231,18512.0,0.68,0,1.88,670,C
CUST03204,62,Female,Married,Graduate,Salaried,7,86039.0,5714.0,5,29291,3749,3409,0,4,10497,0.43,361,1,0,2,343036,7298.0,0.89,0,1.02,657,C
CUST03205,40,Male,Married,Post-Graduate,Salaried,20,105814.0,3713.0,1,47529,3123,2137,1,4,48540,0.27,1048,1,0,2,372587,4049.0,0.94,0,0.46,739,E
CUST03206,26,Female,Married,High School,Salaried,21,35379.0,6467.0,2,0,2280,2072,0,5,13351,0.11,117,2,0,2,24252,1212.0,0.76,0,0.41,734,B
CUST03207,32,Male,Married,Graduate,Self-Employed,29,59900.0,9925.0,3,13391,4718,2188,1,2,22412,0.39,699,1,0,3,188790,3496.0,0.55,0,0.7,632,C
CUST03208,22,Male,Single,Graduate,Business Owner,15,18099.0,8218.0,3,5618,2904,1955,0,5,2607,0.28,58,2,0,2,51989,3465.0,0.65,0,2.0,632,C
CUST03209,27,Male,Married,Graduate,Unemployed,0,73128.0,0.0,2,26485,3353,1229,0,0,28164,0.33,743,2,1,3,57172,1166.0,0.63,0,0.19,700,B
CUST03210,36,Female,Single,Doctorate,Self-Employed,2,140460.0,7151.0,5,44547,1531,1004,0,2,18351,0.06,88,0,0,4,438422,11241.0,0.7,0,0.96,713,B
CUST03211,23,Male,Married,Graduate,Salaried,12,128121.0,7362.0,2,4308,1378,3084,0,5,15673,0.19,238,1,0,1,124332,1161.0,0.82,0,0.11,775,B
CUST03212,65,Male,Married,Doctorate,Self-Employed,8,86591.0,4105.0,2,0,1790,3240,2,4,19927,0.6,956,1,0,4,157770,1696.0,0.79,0,0.24,670,C
CUST03213,23,Female,Married,Graduate,Salaried,23,77422.0,8732.0,5,22691,1373,0,0,2,8459,0.39,263,3,0,0,85905,1073.0,0.94,0,0.17,730,B
CUST03214,47,Female,Divorced,High School,Self-Employed,23,89412.0,5884.0,2,40392,0,2252,0,0,14650,0.12,140,1,0,2,161387,12414.0,0.51,0,1.67,656,C
CUST03215,63,Male,Single,High School,Business Owner,8,39638.0,0.0,5,8169,2060,2228,0,3,15476,0.5,619,2,0,3,47876,2176.0,0.57,1,0.66,609,C
CUST03216,60,Male,Married,Graduate,Self-Employed,13,82317.0,5425.0,1,4788,5285,3046,0,2,35723,0.46,1314,1,0,3,217032,5293.0,0.57,1,0.77,619,C
CUST03217,58,Male,Married,Graduate,Unemployed,0,15000.0,4185.0,5,43741,2367,3084,1,1,2577,0.37,76,1,0,3,48126,875.0,0.83,0,0.7,672,C
CUST03218,53,Female,Married,High School,Self-Employed,28,15000.0,,4,17098,1108,3329,1,0,6439,0.56,288,4,0,1,1116,10.0,0.82,1,0.01,671,C
CUST03219,48,Male,Married,Graduate,Self-Employed,24,64608.0,6088.0,4,29526,4064,2088,0,2,18879,0.11,166,3,1,0,104038,4001.0,0.51,0,0.74,663,C
CUST03220,21,Male,Single,Graduate,Salaried,10,146214.0,6952.0,2,40717,2823,1651,1,4,70644,0.41,2317,2,0,1,85067,859.0,0.86,0,0.07,735,B
CUST03221,28,Male,Married,High School,Unemployed,0,124988.0,7007.0,4,27760,2437,438,1,5,19463,0.47,731,1,0,2,9682,103.0,0.86,2,0.01,724,B
CUST03222,57,Male,Single,Graduate,Salaried,21,109348.0,7098.0,5,20518,1198,2366,0,2,13277,0.31,329,1,1,4,430027,8431.0,0.82,1,0.93,672,C
CUST03223,52,Female,Divorced,Post-Graduate,Unemployed,0,75519.0,1533.0,1,5468,3010,617,3,5,33079,0.03,79,1,0,1,203520,3131.0,0.69,0,0.5,728,B
CUST03224,68,Male,Single,Graduate,Salaried,9,121777.0,1815.0,5,12026,3051,1652,0,4,29810,0.39,930,2,0,1,220319,18359.0,0.99,1,1.81,671,C
CUST03225,63,Male,Divorced,Post-Graduate,Salaried,29,59636.0,5808.0,3,25248,3458,829,0,1,16869,0.47,634,0,0,2,102813,1631.0,0.81,0,0.33,702,B
CUST03226,57,Male,Married,Graduate,Business Owner,2,39490.0,8234.0,2,38653,3110,4127,0,3,12033,0.11,105,3,0,4,132824,3405.0,0.52,0,1.03,638,C
CUST03227,24,Male,Single,Graduate,Salaried,19,57887.0,6060.0,1,12812,2786,961,0,4,24895,0.21,418,2,1,4,132154,1592.0,0.6,0,0.33,702,B
CUST03228,50,Male,Married,Graduate,Business Owner,22,26802.0,0.0,2,11142,3002,1465,1,2,3494,0.41,114,2,0,1,80299,2433.0,0.7,0,1.09,612,C
CUST03229,26,Female,Married,Graduate,Salaried,25,142990.0,6641.0,3,27265,2834,3161,0,1,45821,0.3,1099,2,0,3,526444,7414.0,0.81,0,0.62,702,B
CUST03230,66,Female,Divorced,Graduate,Business Owner,14,91291.0,327.0,4,8547,787,3867,1,0,24851,0.43,854,2,1,3,322646,8962.0,0.75,1,1.18,619,C
CUST03231,39,Female,Single,Graduate,Self-Employed,10,48879.0,7056.0,3,26604,5938,1622,0,2,11540,0.4,369,2,0,2,18570,199.0,0.83,0,0.05,727,B
CUST03232,52,Female,Single,Graduate,Self-Employed,10,72623.0,3326.0,4,7157,3901,4326,0,5,17375,0.41,569,0,0,0,141172,7058.0,0.52,0,1.17,611,C
CUST03233,29,Female,Single,High School,Salaried,8,71690.0,5907.0,2,23900,3216,2156,0,5,33847,0.32,866,3,0,2,181659,9561.0,0.77,1,1.6,637,C
CUST03234,32,Male,Single,Post-Graduate,Salaried,14,118044.0,11310.0,2,15202,2653,3893,1,5,24464,0.47,919,0,0,2,218725,4050.0,0.56,1,0.41,655,C
CUST03235,31,Female,Married,Graduate,Business Owner,13,142146.0,3940.0,2,21709,2745,2552,0,0,40063,0.61,1955,0,0,3,164993,2578.0,0.56,0,0.22,660,C
CUST03236,66,Female,Divorced,Graduate,Salaried,6,107556.0,2736.0,5,32090,3436,918,0,5,31957,0.36,920,1,0,4,394276,11947.0,0.86,0,1.33,668,C
CUST03237,36,Female,Married,Graduate,Salaried,21,97268.0,3697.0,1,18574,5104,1453,1,5,37734,0.48,1448,0,0,2,349631,5141.0,0.79,1,0.63,665,C
CUST03238,21,Male,Married,Post-Graduate,Self-Employed,13,84582.0,492.0,5,26064,1968,2358,0,4,26016,0.47,978,1,0,0,284821,21909.0,0.5,0,2.0,591,D
CUST03239,65,Male,Married,Graduate,Salaried,3,78475.0,1987.0,3,9620,3407,3761,1,5,27347,0.1,218,3,1,0,292988,2615.0,0.87,1,0.4,741,B
CUST03240,41,Female,Married,Graduate,Salaried,28,77762.0,8196.0,1,11784,572,3157,1,1,20181,0.15,242,1,0,4,231118,2101.0,0.86,0,0.32,758,B
CUST03241,50,Female,Single,Doctorate,Salaried,20,78416.0,0.0,2,3553,4219,4017,1,3,30382,0.41,996,0,0,4,122268,1509.0,0.65,0,0.23,695,C
CUST03242,33,Female,Married,Post-Graduate,Salaried,29,69063.0,3117.0,2,19063,3514,1658,1,2,19775,0.28,442,1,1,3,137486,6249.0,0.9,0,1.09,678,C
CUST03243,54,Male,Divorced,High School,Business Owner,13,61544.0,5718.0,2,24389,2845,591,0,1,11637,0.19,176,0,0,1,202851,2069.0,0.68,1,0.4,722,B
CUST03244,24,Male,Married,High School,Salaried,23,43196.0,3771.0,4,25792,0,3221,0,1,18434,0.31,457,0,0,1,157331,1333.0,0.73,0,0.37,713,B
CUST03245,48,Male,Single,Post-Graduate,Unemployed,0,67957.0,9049.0,3,45453,2140,3037,0,3,27602,0.06,132,1,1,3,182249,2024.0,0.29,1,0.36,684,C
CUST03246,58,Female,Single,Post-Graduate,Salaried,19,,4499.0,5,27139,1591,2311,0,5,12516,0.47,470,1,0,4,82894,1255.0,0.67,0,0.42,663,C
CUST03247,51,Male,Single,Graduate,Salaried,16,58100.0,3983.0,3,13512,1628,1892,1,4,17940,0.46,660,0,0,0,207480,6916.0,0.54,0,1.43,598,D
CUST03248,47,Male,Married,Graduate,Self-Employed,4,71699.0,5447.0,4,54899,215,2004,0,5,13149,0.51,536,1,0,3,215100,3469.0,0.59,0,0.58,634,C
CUST03249,25,Female,Married,Graduate,Salaried,3,82801.0,5815.0,4,8206,2451,1587,0,5,37040,0.18,533,4,1,2,302466,5706.0,0.76,0,0.83,675,C
CUST03250,45,Male,Single,Graduate,Self-Employed,15,82279.0,5000.0,3,23001,5731,2909,1,3,11426,0.16,146,2,0,1,290603,8302.0,0.65,0,1.21,657,F
CUST03251,23,Female,Married,Post-Graduate,Business Owner,15,89832.0,4785.0,4,36667,4063,3262,0,3,22752,0.1,182,1,0,4,118147,5626.0,0.84,0,0.75,732,B
CUST03252,53,Male,Married,High School,Salaried,18,87268.0,0.0,1,28367,3079,4064,0,3,38487,0.12,369,0,0,0,45709,397.0,0.59,0,0.05,761,B
CUST03253,24,Female,Married,Doctorate,Business Owner,22,128805.0,1609.0,2,0,3825,2509,1,5,43565,0.2,697,1,2,2,361766,3349.0,0.8,0,0.31,747,B
CUST03254,45,Female,Divorced,Post-Graduate,Salaried,7,124735.0,6731.0,5,30163,6288,2899,3,0,34358,0.32,879,1,0,2,465897,5009.0,0.89,1,0.48,708,B
CUST03255,40,Female,Single,Graduate,Salaried,20,63464.0,8023.0,4,11763,1498,513,1,5,26435,0.28,592,2,0,1,230878,4122.0,0.85,1,0.78,677,C
CUST03256,54,Female,Divorced,Graduate,Salaried,5,102569.0,8832.0,5,8579,1828,2630,0,2,50854,0.3,1220,0,0,1,377450,13015.0,0.75,1,1.52,664,C
CUST03257,46,Male,Single,High School,Unemployed,0,69735.0,669.0,2,0,2269,3230,0,3,12240,0.38,372,3,0,1,242978,2584.0,0.81,0,0.44,687,C
CUST03258,25,Male,Married,Graduate,Salaried,25,24854.0,2487.0,3,22321,876,1532,0,2,2989,0.1,23,1,1,0,43578,440.0,0.82,0,0.21,769,B
CUST03259,55,Male,Divorced,Post-Graduate,Business Owner,23,94949.0,9488.0,2,13210,3482,4197,0,5,27079,0.04,86,3,0,4,355700,9880.0,0.91,0,1.25,716,B
CUST03260,48,Female,Divorced,Graduate,Self-Employed,10,59169.0,3857.0,5,25124,2539,1536,0,5,12718,0.56,569,0,0,1,150791,2956.0,0.36,1,0.6,589,D
CUST03261,49,Female,Married,Graduate,Salaried,1,54626.0,6853.0,1,6832,3936,2811,0,3,20031,0.2,320,0,1,4,181429,2451.0,0.61,0,0.54,701,B
CUST03262,29,Male,Married,Graduate,Salaried,11,57501.0,15102.0,3,73614,4248,2712,0,4,17118,0.38,520,2,0,0,68794,929.0,0.92,0,0.19,732,B
CUST03263,58,Female,Married,Post-Graduate,Business Owner,3,52362.0,8149.0,4,13885,4979,1451,0,4,15687,0.09,112,3,0,4,104727,1415.0,0.74,0,0.32,738,B
CUST03264,26,Male,Married,High School,Self-Employed,27,129973.0,4350.0,1,37411,4084,2311,0,3,31452,0.36,905,0,0,0,61077,814.0,0.71,1,0.08,733,B
CUST03265,39,Female,Single,Graduate,Salaried,21,38843.0,4577.0,2,37118,2435,2566,0,1,7157,0.25,143,0,0,2,23956,1197.0,0.78,1,0.37,726,B
CUST03266,64,Female,Married,Post-Graduate,Business Owner,3,70388.0,6579.0,5,34614,2235,2616,0,2,13048,0.46,480,1,0,0,227282,4940.0,0.62,0,0.84,623,C
CUST03267,31,Male,Married,Graduate,Salaried,15,24346.0,0.0,5,7136,1515,646,1,4,6203,0.08,39,3,1,4,91923,2357.0,0.52,0,1.16,637,C
CUST03268,22,Male,Married,Post-Graduate,Unemployed,0,53050.0,6323.0,5,48798,3069,2921,0,0,19773,0.42,664,1,0,4,111971,1087.0,0.82,0,0.25,712,B
CUST03269,67,Male,Married,Graduate,Business Owner,18,35591.0,4169.0,2,24209,3537,3695,0,1,8358,0.27,180,1,0,1,69159,2881.0,0.77,0,0.97,664,C
CUST03270,64,Female,Married,Doctorate,Self-Employed,8,90496.0,4767.0,3,25969,764,3556,1,4,20850,0.39,650,0,1,2,341061,2940.0,0.68,0,0.39,691,C
CUST03271,64,Male,Divorced,High School,Business Owner,23,29288.0,5317.0,4,18810,4735,3408,0,1,7907,0.16,101,3,0,3,97378,910.0,0.47,0,0.37,677,C
CUST03272,29,Male,Married,Graduate,Self-Employed,13,117928.0,9697.0,1,20100,3039,1322,1,5,58532,0.66,3090,2,0,0,86178,879.0,0.9,1,0.09,685,C
CUST03273,41,Male,Divorced,High School,Self-Employed,10,35569.0,5769.0,2,20735,2432,3321,0,2,4854,0.15,58,0,0,3,5953,64.0,0.94,2,0.02,794,B
CUST03274,44,Male,Single,High School,Self-Employed,3,43830.0,5704.0,5,0,1477,690,2,5,9548,0.13,99,0,0,0,166588,1914.0,0.9,1,0.52,743,B
CUST03275,54,Male,Married,Graduate,Salaried,20,,7145.0,4,23866,5107,2280,0,5,20646,0.25,412,1,2,0,205842,2038.0,0.58,2,0.26,701,B
CUST03276,42,Female,Married,High School,Self-Employed,14,131353.0,5218.0,5,31991,3762,1142,1,1,64336,0.63,3242,2,0,2,339615,10612.0,0.85,0,0.97,611,C
CUST03277,23,Male,Married,Doctorate,Salaried,13,61901.0,6984.0,2,11420,4293,3674,0,0,16271,0.49,637,2,0,1,131452,1961.0,0.33,0,0.38,607,C
CUST03278,32,Female,Married,Doctorate,Salaried,3,92830.0,4660.0,5,18441,2837,2619,0,1,30335,0.17,412,1,0,2,274266,13713.0,0.81,0,1.77,693,C
CUST03279,48,Female,Married,Graduate,Salaried,13,43662.0,8490.0,2,0,5425,152,0,5,7826,0.09,56,2,1,3,156754,2750.0,0.72,1,0.76,696,C
CUST03280,50,Male,Divorced,Graduate,Salaried,20,59676.0,8835.0,5,36641,4235,2088,2,4,6270,0.14,70,0,1,3,237220,7413.0,0.84,1,1.49,691,C
CUST03281,46,Male,Married,Graduate,Salaried,24,71741.0,7017.0,2,43387,4984,767,0,0,16909,0.01,13,1,0,0,104352,891.0,0.96,2,0.15,808,A
CUST03282,68,Female,Single,Post-Graduate,Business Owner,25,50169.0,0.0,5,23280,4745,1829,0,5,17840,0.04,57,1,0,1,104249,1063.0,0.91,2,0.25,783,B
CUST03283,41,Female,Married,Graduate,Salaried,23,109211.0,5525.0,4,25293,2065,2085,1,2,41130,0.44,1447,0,0,4,385955,7422.0,0.81,1,0.82,660,C
CUST03284,48,Male,Married,High School,Self-Employed,9,99061.0,0.0,4,24413,3309,3282,1,4,39777,0.18,572,0,0,4,172633,2131.0,0.67,2,0.26,730,B
CUST03285,46,Male,Single,Post-Graduate,Salaried,25,59052.0,6144.0,5,31230,5001,3581,0,2,26234,0.16,335,0,0,1,84796,1145.0,0.88,0,0.23,777,B
CUST03286,53,Male,Divorced,Post-Graduate,Salaried,16,15000.0,9809.0,5,23766,3733,792,1,5,2193,0.43,75,1,0,0,58136,1453.0,0.78,1,1.16,622,C
CUST03287,41,Female,Married,Graduate,Salaried,23,53223.0,8427.0,2,35350,1518,2145,0,3,7084,0.22,124,0,0,4,155819,2050.0,0.47,0,0.46,684,C
CUST03288,55,Male,Married,Doctorate,Salaried,23,112770.0,4193.0,2,30307,3133,2023,1,4,46807,0.45,1685,3,0,0,228695,11434.0,0.85,0,1.22,631,C
CUST03289,54,Male,Single,Doctorate,Self-Employed,8,,4519.0,2,31546,4224,962,1,1,19545,0.27,422,0,0,2,226851,2908.0,0.55,0,0.49,681,C
CUST03290,61,Female,Single,Graduate,Self-Employed,12,105705.0,0.0,3,25759,812,2160,1,2,50616,0.03,121,3,0,3,134877,6743.0,0.7,0,0.77,704,B
CUST03291,67,Female,Married,Graduate,Salaried,26,,5040.0,5,30755,1546,3539,0,1,59458,0.04,190,2,0,1,293544,8386.0,0.87,0,0.81,738,B
CUST03292,38,Male,Single,Doctorate,Salaried,28,93205.0,4385.0,5,8531,868,1238,0,5,14601,0.69,805,3,0,2,264975,2226.0,,1,0.29,622,C
CUST03293,31,Male,Married,Graduate,Business Owner,12,108906.0,1231.0,5,0,3712,3528,0,0,41002,0.1,328,1,0,4,311887,3028.0,0.74,0,0.33,757,B
CUST03294,43,Female,Single,Graduate,Salaried,19,57924.0,2056.0,5,18796,5339,850,1,2,7347,0.16,94,2,0,2,45365,1226.0,0.77,1,0.25,734,B
CUST03295,68,Male,Married,High School,Salaried,24,109896.0,1405.0,2,47895,0,4396,0,2,28722,0.33,758,1,0,2,437269,16195.0,0.74,0,1.77,655,C
CUST03296,42,Male,Single,Post-Graduate,Self-Employed,17,68652.0,11443.0,2,29944,3312,2460,1,0,29979,0.37,887,2,0,4,207044,2524.0,0.66,0,0.44,669,C
CUST03297,37,Female,Single,Post-Graduate,Salaried,29,51998.0,5358.0,3,31049,2045,1592,0,0,14787,0.14,165,0,0,2,154540,5519.0,0.6,0,1.27,669,C
CUST03298,25,Male,Married,High School,Unemployed,0,138437.0,7262.0,2,4887,5562,3252,0,0,15705,0.35,439,2,0,1,324434,2896.0,0.36,0,0.25,658,C
CUST03299,64,Female,Single,Doctorate,Self-Employed,22,74398.0,7747.0,5,26725,3326,5474,1,5,14591,0.31,361,0,0,4,102019,902.0,0.56,1,0.15,702,B
CUST03300,31,Female,Married,Post-Graduate,Salaried,18,53623.0,9836.0,5,3591,4282,4123,1,0,7214,0.36,207,3,0,4,104810,2329.0,0.15,0,0.52,578,D
CUST03301,50,Male,Divorced,Post-Graduate,Salaried,7,87751.0,9741.0,1,19757,5088,2425,0,3,23104,0.14,258,1,0,0,149475,4982.0,0.63,1,0.68,694,C
CUST03302,35,Male,Married,High School,Self-Employed,13,42426.0,7832.0,2,16067,3263,4049,0,2,16065,0.6,771,0,0,4,19439,1023.0,0.38,0,0.29,616,C
CUST03303,47,Female,Married,Graduate,Salaried,19,,435.0,1,26976,296,5233,0,5,13593,0.2,217,1,1,4,138085,2301.0,0.68,0,0.74,684,C
CUST03304,55,Female,Single,Post-Graduate,Unemployed,0,68705.0,7858.0,5,20491,2821,2048,0,5,26628,0.24,511,1,0,3,139511,4103.0,0.61,0,0.72,672,B
CUST03305,53,Female,Single,Graduate,Self-Employed,11,31797.0,3801.0,2,33408,3315,2696,0,3,8061,0.11,70,2,1,0,5483,203.0,0.74,1,0.08,756,B
CUST03306,40,Female,Divorced,Post-Graduate,Salaried,26,60766.0,1210.0,5,35443,1239,1515,4,3,12524,0.36,360,1,1,1,101958,1477.0,0.98,0,0.29,724,B
CUST03307,36,Male,Married,Post-Graduate,Self-Employed,5,35647.0,3883.0,1,38428,168,2035,0,1,4376,0.11,38,1,0,2,59970,2398.0,0.63,1,0.81,681,C
CUST03308,54,Female,Married,Graduate,Salaried,26,104409.0,5459.0,1,65323,926,2165,1,2,49764,0.15,597,2,0,3,36177,389.0,0.87,0,0.04,780,B
CUST03309,22,Male,Married,Post-Graduate,Salaried,2,125536.0,0.0,4,8647,4996,1970,0,2,18492,0.54,798,0,1,0,98335,983.0,0.4,0,0.09,658,C
CUST03310,55,Male,Married,High School,Self-Employed,1,33311.0,6201.0,4,13899,1248,3912,1,5,5706,0.44,200,3,0,4,10361,143.0,0.85,0,0.05,708,B
CUST03311,60,Male,Single,Graduate,Self-Employed,16,138947.0,8410.0,2,14284,7209,243,1,2,15284,0.14,171,0,0,4,89098,1349.0,0.68,1,0.12,761,F
CUST03312,48,Male,Married,High School,Self-Employed,5,,,2,0,5147,2530,0,2,22190,0.08,142,2,0,0,44791,492.0,0.36,0,0.06,719,B
CUST03313,67,Female,Married,Graduate,Salaried,25,82290.0,1753.0,2,24242,4373,2430,0,0,35182,0.31,872,0,0,0,297019,3300.0,0.59,0,0.48,687,C
CUST03314,59,Male,Married,Graduate,Self-Employed,25,29316.0,6829.0,2,18550,680,1934,0,4,6827,0.47,256,1,0,3,90995,,0.2,0,0.68,568,D
CUST03315,26,Male,Divorced,Post-Graduate,Salaried,7,25757.0,4919.0,2,37309,5109,3489,2,1,9437,0.19,143,0,0,3,89929,1450.0,0.85,0,0.68,713,B
CUST03316,29,Male,Single,Post-Graduate,Self-Employed,9,73918.0,10224.0,2,33707,2244,3458,1,1,35940,0.29,833,1,0,3,40964,1137.0,0.83,1,0.18,735,B
CUST03317,40,Female,Single,Graduate,Self-Employed,4,,0.0,2,26701,252,2555,1,0,31908,0.09,229,1,1,0,186919,1746.0,0.6,1,0.3,726,A
CUST03318,21,Female,Divorced,Post-Graduate,Self-Employed,19,66157.0,0.0,1,24067,3385,2875,0,3,11378,0.07,63,1,0,0,238620,6628.0,0.37,1,1.2,636,C
CUST03319,28,Male,Married,High School,Business Owner,27,76460.0,4702.0,1,11607,3679,2440,0,4,18631,0.3,447,0,0,3,291564,4106.0,0.52,0,0.64,664,C
CUST03320,43,Male,Married,High School,Business Owner,20,53567.0,3617.0,1,22956,1802,3247,0,1,21451,0.66,1132,0,0,3,12498,347.0,0.53,0,0.08,648,C
CUST03321,23,Male,Single,Graduate,Unemployed,0,68282.0,5808.0,5,25732,2098,4389,0,3,33530,0.1,268,0,0,0,103543,1399.0,0.69,0,0.25,759,B
CUST03322,24,Female,Single,Graduate,Unemployed,0,74867.0,6250.0,3,19602,2732,3779,0,2,28926,0.48,1110,2,0,4,108842,980.0,0.62,1,0.16,669,C
CUST03323,45,Female,Married,Post-Graduate,Business Owner,24,152133.0,9558.0,5,19708,2693,5183,0,5,30561,0.37,904,0,0,3,113849,1371.0,0.88,0,0.11,762,B
CUST03324,67,Male,Married,Graduate,Unemployed,0,15000.0,4276.0,2,22126,4122,3509,1,4,2296,0.31,56,2,0,3,9261,147.0,0.85,0,0.12,730,B
CUST03325,58,Female,Married,Post-Graduate,Business Owner,5,86260.0,6349.0,3,23162,2587,296,0,4,25710,0.14,287,3,0,0,128008,1153.0,0.9,0,0.16,771,B
CUST03326,35,Male,Divorced,Post-Graduate,Self-Employed,21,77531.0,1053.0,1,33512,5468,3272,1,5,13736,0.37,406,1,1,1,220747,1919.0,0.73,0,0.3,701,B
CUST03327,41,Female,Married,Doctorate,Salaried,29,75613.0,12395.0,1,0,3473,1613,0,2,14445,0.38,439,2,1,1,220986,2428.0,0.85,0,0.39,706,B
CUST03328,55,Male,Married,Graduate,Salaried,25,85993.0,8318.0,4,24202,510,4074,2,1,30421,0.09,219,1,0,3,198555,,0.78,0,0.3,755,B
CUST03329,66,Male,Married,Graduate,Business Owner,29,134488.0,,2,23934,4731,2171,1,4,41144,0.24,789,1,0,2,422784,24869.0,0.47,1,2.0,624,C
CUST03330,34,Male,Married,Graduate,Salaried,29,85359.0,2578.0,2,32736,1738,909,4,0,12656,,323,2,1,1,240308,4904.0,0.74,0,0.69,655,C
CUST03331,56,Male,Single,Doctorate,Business Owner,13,30160.0,9087.0,4,18474,4712,2905,1,0,4869,0.17,66,0,0,3,95974,3838.0,0.8,0,1.53,686,C
CUST03332,32,Female,Single,Graduate,Salaried,3,85778.0,8039.0,5,0,3512,2167,0,0,9244,0.46,340,1,2,2,334478,3484.0,0.59,0,0.49,652,C
CUST03333,37,Male,Married,Graduate,Salaried,28,,6918.0,4,0,1774,3008,0,5,13189,0.19,200,2,1,0,162737,1627.0,0.77,3,0.28,722,B
CUST03334,59,Female,Divorced,Graduate,Self-Employed,6,56505.0,,2,0,2373,2921,1,4,25705,0.44,904,1,0,2,173235,1455.0,0.57,0,0.31,661,C
CUST03335,29,Female,Single,Graduate,Unemployed,0,80610.0,1845.0,1,35218,3684,2934,1,1,33631,0.25,672,0,2,3,268696,2608.0,0.74,0,0.39,724,B
CUST03336,55,Male,Single,Graduate,Salaried,12,71461.0,4830.0,4,0,3407,2949,1,5,19002,0.37,562,2,0,1,260955,15350.0,0.56,0,2.0,604,C
CUST03337,33,Male,Divorced,High School,Business Owner,21,68186.0,2638.0,3,39797,4431,3547,0,3,27054,0.38,822,0,0,1,148709,3098.0,0.83,2,0.55,693,C
CUST03338,35,Male,Single,Graduate,Business Owner,18,71937.0,6149.0,1,14433,3649,2712,0,1,18904,0.13,196,1,0,0,264412,,0.5,3,0.52,679,C
CUST03339,38,Female,Married,Graduate,Salaried,18,39751.0,1697.0,5,16792,2999,2351,1,3,16569,0.63,835,1,0,1,85700,4761.0,0.7,2,1.44,572,D
CUST03340,53,Male,Single,High School,Salaried,4,96505.0,2846.0,1,46150,3155,2194,0,4,16673,0.2,266,0,0,4,267536,3110.0,0.95,1,0.39,766,F
CUST03341,26,Male,Single,Graduate,Salaried,28,,0.0,5,24227,2717,2072,1,2,11410,0.26,237,1,1,1,98682,4290.0,0.91,2,0.73,698,C
CUST03342,47,Male,Divorced,High School,Salaried,20,82936.0,6595.0,1,0,3791,2175,0,3,10879,0.07,60,1,0,2,326775,16338.0,0.67,1,2.0,683,C
CUST03343,43,Female,Single,Doctorate,Salaried,23,49034.0,6298.0,2,21817,3629,3533,0,3,9646,0.06,46,4,0,1,42637,735.0,0.47,1,0.18,702,B
CUST03344,47,Male,Married,Graduate,Salaried,14,41417.0,3481.0,5,34397,3385,4097,2,1,6565,0.29,152,1,0,2,42745,2671.0,0.95,0,0.77,696,C
CUST03345,54,Male,Single,Post-Graduate,Salaried,28,63849.0,0.0,5,12004,6453,3456,0,4,26781,0.36,771,4,0,4,64284,1737.0,0.78,1,0.33,683,C
CUST03346,66,Male,Single,Graduate,Business Owner,14,74131.0,0.0,4,47346,3570,2872,1,1,14528,0.2,232,1,0,0,124836,1223.0,0.79,0,0.2,749,B
CUST03347,58,Male,Single,Doctorate,Self-Employed,1,62670.0,5301.0,1,1268,4845,2613,0,4,19207,0.05,76,1,0,4,192532,1659.0,0.5,0,0.32,725,B
CUST03348,34,Female,Single,Graduate,Self-Employed,11,77575.0,8001.0,5,0,2023,2788,0,3,31222,0.12,299,2,0,3,305400,2610.0,0.77,0,0.4,740,B
CUST03349,56,Male,Single,Graduate,Salaried,22,15000.0,2027.0,5,46145,3015,2801,2,2,5562,,93,0,0,2,37058,638.0,0.49,1,0.51,664,C
CUST03350,28,Female,Married,Graduate,Business Owner,27,135112.0,8628.0,1,7254,0,1791,1,5,24568,0.44,864,0,1,0,333759,6544.0,0.83,0,0.58,692,C
CUST03351,55,Female,Married,Post-Graduate,Business Owner,29,52014.0,10038.0,1,5385,3133,1641,1,4,6804,0.17,92,1,0,4,109782,1233.0,0.42,1,0.28,684,C
CUST03352,39,Female,Single,Graduate,Self-Employed,9,40238.0,6363.0,3,12473,2080,2607,1,3,18698,0.45,673,1,1,0,145180,2016.0,0.6,1,0.6,630,C
CUST03353,50,Female,Married,Graduate,Unemployed,0,109304.0,8129.0,4,5400,1939,1479,1,5,38124,0.16,487,0,0,3,145046,1576.0,0.75,0,0.17,765,B
CUST03354,34,Male,Divorced,High School,Business Owner,28,40114.0,1621.0,5,33488,3322,1555,0,5,15348,0.48,589,1,0,3,30466,367.0,,0,0.11,692,C
CUST03355,40,Male,Divorced,Graduate,Self-Employed,5,81058.0,0.0,1,13027,2395,1691,0,2,20621,0.24,395,1,0,4,74202,6183.0,0.65,0,0.92,662,C
CUST03356,69,Female,Married,Graduate,Self-Employed,10,40110.0,10583.0,5,2156,684,3925,0,1,7887,0.34,214,3,3,2,137979,2603.0,0.64,0,0.78,635,C
CUST03357,45,Male,Divorced,High School,Salaried,15,65883.0,2029.0,3,15893,2693,4295,0,1,20571,0.49,806,0,0,4,44715,1039.0,0.62,0,0.19,683,C
CUST03358,60,Female,Single,Graduate,Salaried,27,66257.0,8455.0,3,6400,8319,2504,0,4,8689,0.12,83,0,0,1,132391,1634.0,0.71,1,0.3,749,B
CUST03359,44,Male,Married,Graduate,Salaried,10,52489.0,6258.0,5,19405,3632,2576,1,4,22044,0.27,476,2,0,3,67545,978.0,0.82,0,0.22,729,B
CUST03360,34,Female,Married,Post-Graduate,Salaried,16,101252.0,10280.0,4,5684,3418,3368,0,4,36633,0.35,1025,1,0,0,74251,1726.0,0.45,1,0.2,674,C
CUST03361,46,Female,Married,High School,Salaried,4,117512.0,,2,17079,1303,1427,0,1,47551,0.18,684,1,1,0,268950,4718.0,0.81,0,0.48,741,B
CUST03362,58,Male,Married,Graduate,Business Owner,4,52039.0,1481.0,5,17443,1137,2646,0,4,17053,0.57,777,3,1,3,178007,2225.0,,0,0.51,649,C
CUST03363,43,Male,Married,Post-Graduate,Salaried,8,78921.0,3961.0,3,47974,1596,4881,1,3,26135,0.29,606,2,0,0,100898,3153.0,0.73,0,0.48,692,C
CUST03364,42,Female,Divorced,Graduate,Unemployed,0,35398.0,7103.0,4,37670,3420,2427,0,5,12040,0.47,452,0,1,2,16955,163.0,0.65,0,0.06,700,B
CUST03365,68,Female,Married,Graduate,Self-Employed,23,78173.0,3353.0,1,22590,1168,2375,0,0,32337,0.31,801,2,0,4,194804,1909.0,0.74,0,0.29,711,B
CUST03366,39,Male,Married,Post-Graduate,Salaried,11,99631.0,8138.0,4,15418,5143,2400,1,0,18945,0.11,166,1,0,4,294813,11792.0,0.45,1,1.42,640,C
CUST03367,66,Female,Married,Graduate,Salaried,28,78379.0,5288.0,4,15224,1257,2218,0,4,29205,0.12,280,1,0,1,175274,1564.0,0.67,0,0.24,747,B
CUST03368,23,Male,Single,Graduate,Salaried,25,58003.0,8198.0,5,21925,4211,3014,1,3,18623,0.09,134,1,0,1,27256,524.0,0.87,0,0.11,787,B
CUST03369,62,Male,Single,Doctorate,Unemployed,0,67318.0,8386.0,4,7408,3401,2868,1,3,20063,0.32,513,5,1,0,1258,18.0,0.75,0,0.0,708,B
CUST03370,39,Female,Married,Doctorate,Business Owner,19,60551.0,5931.0,1,14364,5256,48,0,3,19156,0.29,444,3,0,0,20886,189.0,0.95,0,0.04,759,B
CUST03371,29,Female,Married,Graduate,Salaried,11,68674.0,4596.0,5,16248,1358,3198,1,5,14344,0.24,275,1,0,3,253459,4295.0,0.79,1,0.75,686,C
CUST03372,48,Female,Single,High School,Unemployed,0,55417.0,3393.0,3,19687,7601,1345,0,2,6363,0.29,147,3,0,1,128023,1280.0,0.86,0,0.28,724,B
CUST03373,40,Female,Married,Graduate,Self-Employed,3,80190.0,1563.0,1,22378,3284,3304,1,5,32369,0.44,1139,0,0,1,119589,1960.0,0.91,1,0.29,719,B
CUST03374,65,Male,Married,High School,Salaried,15,,10159.0,5,30907,4796,2543,1,3,18194,0.33,480,2,0,2,28560,816.0,0.63,0,0.25,685,C
CUST03375,27,Female,Married,High School,Self-Employed,24,15000.0,5239.0,5,33841,3588,2669,3,1,4384,0.01,3,2,0,4,41938,411.0,0.68,0,0.33,730,B
CUST03376,34,Male,Single,Graduate,Self-Employed,13,106964.0,4257.0,2,28144,1407,2758,0,1,46546,0.12,446,1,0,0,327005,3987.0,0.87,1,0.45,757,B
CUST03377,29,Male,Single,Doctorate,Salaried,25,73252.0,4300.0,1,46164,1847,1853,0,3,23594,0.16,302,0,0,3,236613,2342.0,0.77,1,0.38,744,B
CUST03378,39,Male,Divorced,Post-Graduate,Business Owner,10,78550.0,4841.0,4,29865,3037,1787,0,0,37085,0.03,89,1,1,1,5780,82.0,0.53,0,0.01,763,B
CUST03379,67,Male,Married,Graduate,Salaried,5,52526.0,3530.0,1,19171,1841,3397,0,2,15934,0.32,407,2,0,3,161771,2128.0,0.39,0,0.49,636,C
CUST03380,34,Male,Divorced,Graduate,Salaried,24,62088.0,3285.0,1,18763,3223,1878,2,5,11296,0.21,189,6,0,1,39694,1017.0,,0,0.2,697,C
CUST03381,58,Male,Divorced,High School,Salaried,11,43021.0,907.0,2,33658,4323,1230,0,1,19275,0.24,370,0,0,2,137090,4284.0,0.75,1,1.19,667,C
CUST03382,56,Male,Married,Graduate,Unemployed,0,110319.0,5138.0,4,16318,4922,3079,0,1,46345,0.38,1408,3,0,1,66669,1388.0,0.69,0,0.15,700,B
CUST03383,60,Male,Single,High School,Business Owner,28,59943.0,8918.0,2,26102,5504,3021,0,1,15537,0.12,149,1,1,0,58721,2174.0,0.63,0,0.44,721,B
CUST03384,37,Female,Divorced,Post-Graduate,Salaried,14,28657.0,2832.0,2,27584,2932,2454,0,5,12516,0.43,430,0,1,0,89166,1100.0,0.55,1,0.46,650,C
CUST03385,50,Male,Divorced,High School,Salaried,28,95270.0,6656.0,2,0,2364,2760,0,2,9871,0.51,402,2,0,2,239744,7492.0,0.4,0,0.94,568,D
CUST03386,29,Male,Married,Post-Graduate,Salaried,29,109053.0,6725.0,1,0,400,2639,0,3,45791,0.17,622,4,0,4,15189,233.0,0.71,2,0.03,734,B
CUST03387,53,Female,Married,Graduate,Business Owner,25,69523.0,6205.0,2,33093,0,3232,3,2,26086,0.55,1147,0,0,3,46086,3545.0,0.89,0,0.61,661,C
CUST03388,45,Female,Married,Graduate,Salaried,20,120292.0,10623.0,3,26691,2854,3505,1,3,30298,0.74,1793,3,0,2,111144,4116.0,0.83,1,0.41,624,C
CUST03389,34,Female,Married,High School,Business Owner,15,83831.0,6805.0,4,0,4878,3127,0,4,34926,0.38,1061,1,0,0,282762,10875.0,0.99,0,1.56,681,C
CUST03390,31,Male,Married,Graduate,Unemployed,0,71243.0,5201.0,4,0,3181,3575,1,1,10733,0.23,197,1,0,4,174980,6480.0,0.95,0,1.09,695,C
CUST03391,55,Female,Married,Doctorate,Self-Employed,26,72241.0,6006.0,2,41788,3626,4447,0,5,13099,0.21,220,0,1,2,53269,497.0,0.97,0,0.08,797,B
CUST03392,61,Male,Married,Post-Graduate,Salaried,3,89974.0,7538.0,1,29733,1467,3056,1,0,28200,0.22,496,2,0,2,91866,820.0,0.66,0,0.11,728,B
CUST03393,34,Male,Single,Graduate,Salaried,9,107330.0,10219.0,5,40688,2329,2432,1,2,48557,0.12,466,1,0,0,195300,2472.0,0.51,1,0.28,713,B
CUST03394,50,Male,Single,Graduate,Salaried,8,90608.0,4282.0,5,5497,4754,621,0,5,13776,0.62,683,1,0,1,30351,439.0,0.81,0,0.06,696,C
CUST03395,61,Female,Single,Graduate,Self-Employed,15,82822.0,5538.0,1,10809,3663,937,1,2,26975,0.2,431,1,0,1,136828,1425.0,0.8,1,0.21,745,B
CUST03396,24,Male,Single,Doctorate,Self-Employed,23,77130.0,14183.0,2,47299,2302,2948,2,5,30948,0.13,321,3,1,4,244741,6440.0,0.88,0,1.0,683,C
CUST03397,24,Male,Divorced,Post-Graduate,Self-Employed,1,96039.0,4852.0,2,26184,4004,2193,0,1,38160,0.31,946,2,0,2,151923,4340.0,0.49,0,0.54,654,C
CUST03398,48,Male,Single,Graduate,Salaried,2,55878.0,4727.0,3,21264,3182,1911,0,1,19623,0.39,612,1,2,4,175632,2168.0,0.71,0,0.47,681,C
CUST03399,28,Female,Single,Graduate,Business Owner,9,29741.0,2481.0,5,17599,4627,3186,0,5,14167,0.2,226,4,1,2,74304,1651.0,0.93,0,0.67,705,B
CUST03400,22,Female,Single,Graduate,Salaried,21,80564.0,5251.0,5,0,3730,3355,0,0,23593,0.42,792,0,1,4,130307,2659.0,0.56,0,0.4,670,C
CUST03401,61,Male,Married,Graduate,Salaried,17,44640.0,4777.0,4,36957,2508,2902,0,0,20181,0.27,435,1,0,0,159517,2954.0,0.85,0,0.79,693,C
CUST03402,66,Female,Married,High School,Business Owner,9,30214.0,6179.0,2,0,2666,2028,2,1,10509,0.34,285,2,0,2,53356,573.0,0.59,0,0.23,673,C
CUST03403,42,Male,Single,Graduate,Salaried,1,123564.0,5812.0,1,29849,942,4869,0,5,48806,0.19,741,1,0,1,363195,11349.0,0.81,1,1.1,688,C
CUST03404,61,Female,Single,Doctorate,Self-Employed,8,15000.0,0.0,2,21247,571,2404,1,3,4288,0.09,30,0,1,0,47968,532.0,0.81,0,0.43,751,B
CUST03405,36,Male,Single,Graduate,Business Owner,5,93729.0,1079.0,2,24442,2335,3600,0,1,15657,0.44,551,0,0,0,343395,8375.0,0.43,0,1.07,595,D
CUST03406,49,Female,Married,High School,Self-Employed,11,42751.0,4515.0,3,11155,5030,2236,0,0,6140,0.49,240,2,0,4,47468,912.0,0.67,0,0.26,667,C
CUST03407,69,Male,Single,Post-Graduate,Salaried,28,50922.0,,1,41895,3641,1240,0,1,18990,,227,2,0,2,40967,2409.0,0.88,0,0.57,733,B
CUST03408,68,Female,Divorced,Graduate,Salaried,6,87960.0,1896.0,3,11323,2562,2597,1,0,22041,0.56,987,2,0,1,157661,2159.0,0.19,1,0.29,575,D
CUST03409,50,Male,Married,Graduate,Salaried,17,144831.0,0.0,3,19656,3990,5491,0,4,47358,0.42,1591,2,1,1,507027,10563.0,,2,0.88,656,C
CUST03410,32,Male,Single,Graduate,Salaried,18,96033.0,9874.0,3,20202,4673,3675,0,3,38261,0.72,2203,3,0,2,126564,4867.0,0.69,1,0.61,591,D
CUST03411,55,Male,Married,Graduate,Unemployed,0,44410.0,9821.0,3,15025,2085,2382,1,5,18412,0.17,250,0,0,4,48557,1674.0,0.56,2,0.45,691,C
CUST03412,31,Male,Single,Graduate,Self-Employed,18,73635.0,7271.0,2,26098,2092,3180,0,0,22375,0.17,304,1,2,2,10498,499.0,0.72,1,0.08,754,B
CUST03413,66,Male,Married,Graduate,Salaried,5,66346.0,3243.0,4,30826,7787,2118,0,5,14980,0.2,239,1,0,3,185904,2383.0,0.84,0,0.43,740,B
CUST03414,41,Female,Single,Post-Graduate,Unemployed,0,15000.0,9408.0,2,18350,1661,3332,1,2,6155,0.46,226,0,0,1,41987,411.0,0.59,0,0.33,661,C
CUST03415,41,Male,Married,Graduate,Self-Employed,25,76732.0,2842.0,3,29425,2171,4830,0,2,20421,0.17,277,0,0,2,256102,2586.0,0.65,1,0.4,723,B
CUST03416,25,Female,Married,Post-Graduate,Salaried,5,54812.0,6305.0,3,29633,2463,1865,2,5,26018,0.31,645,2,0,1,108712,1489.0,0.92,0,0.33,722,B
CUST03417,68,Female,Divorced,High School,Salaried,28,,2629.0,4,25962,1501,2827,1,3,41769,0.23,768,1,0,3,346112,4381.0,0.7,0,0.54,702,B
CUST03418,40,Female,Single,Post-Graduate,Salaried,19,65752.0,5072.0,5,42611,110,2960,0,3,26219,0.32,671,1,0,3,22620,1028.0,0.7,0,0.19,719,B
CUST03419,57,Female,Single,Post-Graduate,Unemployed,0,121396.0,6460.0,1,44266,3136,2045,2,2,23854,0.19,362,1,0,2,273415,2603.0,0.44,1,0.26,689,C
CUST03420,23,Female,Married,Post-Graduate,Self-Employed,13,85574.0,508.0,3,14026,2057,1988,0,5,20974,0.09,151,1,0,3,163218,2176.0,0.57,0,0.31,732,B
CUST03421,64,Male,Divorced,Graduate,Business Owner,22,81402.0,3732.0,3,15499,3665,2714,0,5,35783,0.26,744,2,0,1,292246,24353.0,0.59,1,2.0,629,C
CUST03422,53,Female,Divorced,Post-Graduate,Salaried,7,133957.0,5752.0,2,30395,1746,1738,0,5,14635,0.82,960,0,0,4,486688,5863.0,0.74,2,0.53,610,C
CUST03423,29,Male,Single,High School,Business Owner,26,84008.0,1237.0,3,19037,4887,3738,0,5,34660,0.59,1635,0,2,0,328106,3815.0,0.93,0,0.54,683,C
CUST03424,29,Female,Single,Post-Graduate,Salaried,14,124314.0,2171.0,3,24658,2920,2303,1,5,32528,0.54,1405,1,0,0,175156,3807.0,0.88,1,0.37,687,C
CUST03425,24,Female,Married,High School,Unemployed,0,41080.0,5753.0,1,2420,1739,2350,0,4,17242,0.24,331,0,0,0,62392,2399.0,0.71,1,0.7,688,C
CUST03426,55,Male,Single,High School,Unemployed,0,15000.0,3396.0,2,15914,1975,1379,1,4,4814,0.63,242,0,1,0,11562,578.0,0.86,1,0.46,654,C
CUST03427,37,Male,Single,Graduate,Salaried,27,81732.0,1311.0,5,21243,2621,1517,0,0,25395,0.13,264,1,0,2,242821,4414.0,0.87,2,0.65,729,B
CUST03428,54,Male,Single,Post-Graduate,Business Owner,8,111015.0,5088.0,3,6289,5053,1920,0,3,42256,0.1,338,2,0,4,369997,7254.0,0.28,2,0.78,630,C
CUST03429,44,Female,Married,High School,Business Owner,3,40598.0,6305.0,3,0,2125,1923,0,2,17154,0.4,548,0,0,3,138385,1590.0,0.76,0,0.47,692,C
CUST03430,52,Female,Divorced,Doctorate,Unemployed,0,61819.0,11733.0,5,39139,584,1271,0,5,23329,0.31,578,1,0,3,244903,9796.0,0.71,1,1.9,643,C
CUST03431,21,Male,Divorced,Doctorate,Salaried,4,24714.0,5252.0,4,0,5611,3518,0,5,6926,0.48,265,3,1,2,55563,829.0,0.77,0,0.4,661,C
CUST03432,28,Female,Married,Graduate,Salaried,10,74057.0,5033.0,5,43425,293,4228,0,3,16909,0.2,270,4,1,4,63505,3735.0,0.97,0,0.61,721,B
CUST03433,65,Female,Married,Graduate,Business Owner,4,74638.0,4146.0,5,36947,6528,2317,0,2,32710,0.44,1151,1,0,4,179488,2039.0,0.71,0,0.33,687,C
CUST03434,43,Male,Divorced,Post-Graduate,Business Owner,18,93278.0,8447.0,2,24631,237,1422,0,2,28758,0.12,276,0,0,1,135290,4509.0,0.52,1,0.58,698,C
CUST03435,67,Male,Single,Graduate,Salaried,23,59956.0,5977.0,5,26770,2410,1509,1,0,24784,0.55,1090,2,0,3,80050,976.0,0.68,1,0.2,655,C
CUST03436,60,Female,Married,Graduate,Business Owner,12,67044.0,7507.0,2,31203,2343,2765,1,3,33407,0.14,374,1,1,4,187831,6956.0,0.57,0,1.25,654,C
CUST03437,32,Female,Married,Doctorate,Salaried,20,93846.0,5667.0,5,13753,4315,2628,0,4,33555,0.45,1207,0,1,4,76229,1073.0,0.61,0,0.14,697,B
CUST03438,32,Female,Single,Doctorate,Business Owner,20,81473.0,7742.0,3,14424,4048,639,0,3,17218,0.4,550,0,2,3,177600,4440.0,0.74,1,0.65,673,C
CUST03439,66,Male,Married,Doctorate,Salaried,15,87148.0,6134.0,3,17098,5921,0,1,2,38887,0.22,684,1,1,1,49181,443.0,0.77,0,0.06,756,B
CUST03440,67,Male,Single,Graduate,Salaried,13,100575.0,776.0,4,25180,721,2616,0,4,21067,,303,4,2,3,358399,5973.0,0.74,0,0.71,685,C
CUST03441,35,Male,Married,Graduate,Salaried,12,96990.0,4135.0,5,9978,410,3381,1,2,19801,0.22,348,1,0,4,34414,446.0,0.83,1,0.06,762,B
CUST03442,61,Male,Single,Graduate,Salaried,8,138303.0,4227.0,1,12385,4574,3945,1,3,17920,0.39,559,3,1,3,515592,4774.0,0.61,0,0.41,662,C
CUST03443,39,Male,Single,Graduate,Self-Employed,22,88347.0,,5,50036,6409,1762,0,2,11611,0.64,594,0,0,4,353254,3301.0,0.88,0,0.45,675,C
CUST03444,46,Female,Single,Graduate,Self-Employed,22,88440.0,5457.0,1,24659,4831,3869,1,5,39349,0.19,598,2,0,4,83291,6940.0,0.75,1,0.94,667,C
CUST03445,49,Male,Divorced,Graduate,Salaried,27,65874.0,8991.0,5,2565,4105,2208,0,1,12667,0.44,445,4,0,0,24438,1879.0,0.86,1,0.34,680,C
CUST03446,42,Female,Married,Graduate,Salaried,9,76883.0,6194.0,2,32853,4781,1104,0,4,11030,0.53,467,1,1,2,9732,170.0,0.73,0,0.03,701,B
CUST03447,60,Male,Married,Post-Graduate,Business Owner,20,36496.0,6414.0,3,15760,978,4681,0,5,8796,0.35,246,0,0,0,21270,184.0,0.75,1,0.06,731,B
CUST03448,41,Female,Married,Post-Graduate,Salaried,9,56447.0,1957.0,1,10947,2650,562,1,0,21755,0.4,696,2,0,2,206644,4217.0,0.97,0,0.9,667,C
CUST03449,58,Male,Married,Post-Graduate,Self-Employed,17,108848.0,5450.0,1,56623,3049,2300,0,1,25672,0.49,1006,2,1,0,317851,3027.0,0.65,0,0.33,666,C
CUST03450,40,Male,Single,High School,Self-Employed,27,28477.0,4355.0,5,21118,2844,1733,1,5,6370,0.13,66,1,0,3,10492,276.0,0.36,0,0.12,698,E
CUST03451,49,Male,Married,High School,Unemployed,0,116886.0,0.0,3,7960,3794,2965,0,2,34507,0.14,386,2,0,4,449497,4833.0,0.65,0,0.5,714,B
CUST03452,24,Female,Single,Post-Graduate,Self-Employed,1,65993.0,1060.0,4,11283,2961,3649,0,3,7158,0.15,85,1,0,2,172890,3390.0,0.87,0,0.62,736,B
CUST03453,27,Female,Single,Graduate,Salaried,23,47737.0,7168.0,1,22228,2332,331,0,2,14150,0.54,611,1,0,0,177522,11834.0,0.81,1,2.0,615,C
CUST03454,48,Male,Married,Graduate,Business Owner,6,66707.0,6959.0,3,22126,1273,1753,0,0,33087,0.34,899,0,0,1,190353,7050.0,0.9,0,1.27,680,F
CUST03455,48,Male,Single,High School,Unemployed,0,92715.0,3232.0,3,27003,2783,3649,0,3,38916,0.31,965,0,0,2,139295,1857.0,0.35,1,0.24,669,C
CUST03456,24,Female,Single,Graduate,Salaried,9,77643.0,3324.0,1,0,1055,1481,1,4,9953,0.36,286,1,0,1,20935,410.0,0.51,0,0.06,691,C
CUST03457,42,Male,Married,Graduate,Unemployed,0,132324.0,1599.0,2,3262,2858,651,0,4,47891,0.22,842,2,1,4,8674,201.0,0.95,0,0.02,790,B
CUST03458,32,Male,Married,Post-Graduate,Self-Employed,4,88057.0,7969.0,2,17187,3487,1980,0,2,25047,0.52,1041,1,0,4,214777,2214.0,0.49,0,0.3,644,C
CUST03459,65,Female,Married,Doctorate,Salaried,16,90314.0,2571.0,5,12013,2009,1785,0,1,38880,0.12,373,2,0,4,181617,4324.0,0.85,1,0.57,733,B
CUST03460,23,Female,Married,Graduate,Salaried,12,91188.0,3288.0,5,3842,4120,3453,0,3,12712,0.2,203,2,1,4,211515,1777.0,0.84,1,0.23,748,B
CUST03461,42,Male,Married,Graduate,Self-Employed,9,79147.0,8046.0,3,25544,4544,2595,0,5,15282,0.57,696,3,0,1,305137,3390.0,0.51,0,0.51,603,C
CUST03462,64,Male,Married,Post-Graduate,Salaried,3,67652.0,7986.0,1,26847,2247,1633,0,1,28174,,563,0,1,0,244472,4527.0,0.5,1,0.8,649,C
CUST03463,22,Female,Single,Graduate,Salaried,26,78065.0,4460.0,2,45803,2427,3668,1,2,34323,0.13,356,0,1,1,111442,3184.0,0.94,0,0.49,766,B
CUST03464,44,Male,Single,Graduate,Salaried,27,81867.0,5037.0,3,30569,4100,2504,0,5,25520,0.53,1082,0,2,2,104289,1241.0,0.79,0,0.18,705,B
CUST03465,54,Male,Married,Doctorate,Salaried,27,73381.0,6412.0,2,27211,1486,854,1,5,7916,0.5,316,0,1,4,83376,5955.0,0.71,0,0.97,621,C
CUST03466,47,Female,Single,Post-Graduate,Salaried,9,112686.0,3770.0,1,17395,1338,1711,0,3,51552,0.5,2062,1,0,1,423973,5435.0,0.64,0,0.58,648,C
CUST03467,61,Female,Divorced,Doctorate,Self-Employed,29,109596.0,4700.0,2,60719,2471,1898,0,4,27739,0.25,554,0,0,1,398158,3652.0,0.67,0,0.4,721,B
CUST03468,21,Male,Married,Graduate,Salaried,17,39482.0,4411.0,4,14978,2973,4878,0,4,4574,0.08,29,0,0,1,147976,1921.0,0.63,0,0.58,720,B
CUST03469,28,Female,Single,Graduate,Unemployed,0,104067.0,7061.0,5,14853,2176,2295,1,2,44491,0.12,427,1,0,4,96474,838.0,0.98,1,0.1,799,B
CUST03470,43,Female,Single,Post-Graduate,Salaried,5,74426.0,9250.0,2,34529,3858,967,0,3,19888,0.15,238,0,0,4,139871,1319.0,0.97,1,0.21,791,B
CUST03471,58,Male,Single,High School,Salaried,26,65853.0,8438.0,1,0,958,2327,0,5,11589,0.24,222,1,0,2,93531,2461.0,0.85,1,0.45,727,B
CUST03472,26,Female,Single,Post-Graduate,Salaried,21,96284.0,8048.0,1,18807,3674,3336,0,2,40500,0.26,842,2,0,3,124347,1071.0,0.89,0,0.13,760,B
CUST03473,42,Male,Single,High School,Salaried,1,83545.0,1714.0,4,21529,2191,2413,1,4,23650,0.29,548,1,0,2,32223,350.0,0.65,0,0.05,726,B
CUST03474,45,Male,Married,Post-Graduate,Salaried,1,48106.0,8876.0,1,13941,5383,3807,0,5,16506,0.75,990,2,0,0,161702,1902.0,0.64,0,0.47,597,D
CUST03475,38,Female,Divorced,Graduate,Self-Employed,3,99208.0,2971.0,4,35737,4368,3412,1,5,42584,0.1,340,1,0,4,117907,1043.0,0.92,0,0.13,796,B
CUST03476,37,Male,Married,High School,Business Owner,9,72415.0,0.0,3,27396,3189,3322,1,0,22373,0.07,125,3,0,1,101736,1017.0,0.86,2,0.17,760,B
CUST03477,32,Male,Single,Graduate,Salaried,23,98707.0,2452.0,2,24436,2938,3317,0,1,14232,0.45,512,0,0,3,239241,10874.0,0.88,0,1.32,661,C
CUST03478,26,Male,Married,Post-Graduate,Salaried,6,74567.0,,1,21007,2227,4038,1,2,36202,0.07,202,2,0,4,276240,5755.0,0.84,1,0.93,702,B
CUST03479,46,Male,Married,Graduate,Salaried,9,99124.0,0.0,5,14625,0,3795,2,5,21273,0.26,442,0,1,1,287128,2760.0,0.86,1,0.33,737,B
CUST03480,47,Female,Married,Graduate,Business Owner,4,103416.0,7135.0,2,0,3166,1187,1,0,51470,0.39,1605,3,2,0,265952,12088.0,0.72,0,1.4,621,C
CUST03481,28,Female,Married,Post-Graduate,Business Owner,20,110874.0,7496.0,4,28135,4704,1204,0,4,11354,0.08,72,1,0,4,42441,922.0,,1,0.1,773,B
CUST03482,39,Female,Divorced,Graduate,Salaried,19,56685.0,3853.0,2,34386,1584,3212,0,2,16637,0.47,625,1,0,3,141409,2318.0,0.69,2,0.49,652,C
CUST03483,62,Male,Married,Graduate,Salaried,5,129826.0,1501.0,2,19895,1764,1429,1,4,49590,0.11,436,0,0,4,138273,3292.0,0.73,1,0.3,756,B
CUST03484,21,Male,Married,High School,Unemployed,0,70744.0,7769.0,1,0,3155,1171,1,4,32720,0.14,366,0,0,3,180947,1756.0,0.45,0,0.3,707,B
CUST03485,49,Male,Single,Doctorate,Salaried,28,39083.0,,5,12581,1101,3567,0,2,16107,0.25,322,3,0,3,51183,581.0,0.62,0,0.18,702,B
CUST03486,65,Male,Married,High School,Self-Employed,14,,138.0,3,12859,1903,1992,0,0,16276,0.37,481,1,1,3,24672,560.0,0.99,1,0.08,760,B
CUST03487,69,Male,Single,Graduate,Salaried,10,69621.0,4806.0,5,13115,2338,3364,1,2,13737,0.34,373,2,0,2,235209,9408.0,0.88,0,1.62,657,C
CUST03488,55,Female,Married,Post-Graduate,Self-Employed,23,57497.0,5079.0,4,27508,3186,3222,0,5,13950,0.22,245,0,1,0,127579,1203.0,0.81,0,0.25,754,B
CUST03489,60,Female,Married,Graduate,Unemployed,0,76549.0,5940.0,5,362,6092,2536,1,4,11039,0.38,335,1,0,4,86086,843.0,0.76,3,0.13,704,B
CUST03490,34,Female,Single,Graduate,Unemployed,0,97556.0,7303.0,5,17095,2928,3546,0,3,35883,0.26,746,2,1,4,139427,1315.0,0.3,0,0.16,669,C
CUST03491,55,Male,Single,Graduate,Business Owner,6,85057.0,7669.0,4,17609,3572,3107,0,4,40529,0.4,1296,2,0,3,210237,4473.0,0.89,0,0.63,688,C
CUST03492,68,Female,Single,Post-Graduate,Salaried,20,115016.0,1207.0,5,42679,2886,3543,0,5,41042,,1576,0,0,1,312597,3593.0,0.8,0,0.37,702,B
CUST03493,65,Male,Single,Graduate,Salaried,23,71363.0,0.0,3,25943,3449,841,0,2,22361,0.37,661,0,0,3,138962,1310.0,0.51,0,0.22,687,C
CUST03494,40,Male,Single,Post-Graduate,Salaried,14,87756.0,6379.0,2,13396,3226,2309,0,0,26444,0.13,275,0,0,4,184566,2396.0,0.55,0,0.33,728,B
CUST03495,69,Female,Single,Post-Graduate,Unemployed,0,82478.0,5148.0,3,40838,4450,839,1,4,27798,0.24,533,3,1,4,35170,2512.0,0.49,1,0.37,662,C
CUST03496,33,Female,Single,Graduate,Self-Employed,29,130801.0,3626.0,2,1904,5529,2105,1,0,50259,0.27,1085,1,1,4,76878,1423.0,0.41,1,0.13,688,C
CUST03497,58,Male,Single,Post-Graduate,Salaried,28,44552.0,4565.0,2,9923,2776,1291,0,5,18622,0.13,193,1,1,3,37440,353.0,0.86,1,0.1,777,B
CUST03498,69,Male,Divorced,Graduate,Salaried,9,58043.0,2491.0,5,0,2453,1311,0,0,22017,0.31,546,3,2,3,123125,1837.0,0.47,1,0.38,648,C
CUST03499,66,Male,Single,Graduate,Self-Employed,7,137452.0,10181.0,2,43729,6558,2557,0,1,52508,0.24,1008,3,0,2,230825,5918.0,,0,0.52,705,B
CUST03500,69,Female,Single,Graduate,Unemployed,0,68339.0,0.0,4,23212,5555,4433,0,5,32850,0.09,236,1,0,4,156066,3468.0,0.59,0,0.61,706,B
CUST03501,28,Male,Married,Doctorate,Self-Employed,10,27821.0,6269.0,3,16839,3527,2903,0,0,12790,0.1,102,1,0,4,19234,447.0,0.66,0,0.19,747,B
CUST03502,63,Female,Divorced,Graduate,Salaried,2,134538.0,1144.0,2,38588,4889,2813,0,4,57793,0.27,1248,0,0,4,520936,7337.0,0.66,0,0.65,696,E
CUST03503,40,Male,Married,Graduate,Salaried,13,45869.0,3016.0,5,11302,5446,794,0,4,5382,0.42,180,2,0,3,112871,4180.0,0.53,1,1.09,587,D
CUST03504,53,Male,Single,Graduate,Salaried,6,77949.0,3682.0,5,13295,2674,4552,0,2,28649,0.26,595,2,1,4,39932,539.0,0.7,0,0.08,733,B
CUST03505,46,Male,Married,Graduate,Unemployed,0,107327.0,2054.0,5,36400,4468,2752,0,2,30265,0.4,968,0,2,3,158955,1382.0,0.65,0,0.15,713,B
CUST03506,59,Male,Married,High School,Unemployed,0,102026.0,4319.0,1,11345,3271,3833,2,0,35407,0.28,793,0,0,0,400025,4348.0,0.57,1,0.51,674,E
CUST03507,41,Male,Married,Graduate,Unemployed,0,48725.0,0.0,3,12709,3315,1976,1,5,18248,0.18,262,2,0,2,188345,2003.0,0.42,0,0.49,660,C
CUST03508,69,Female,Married,Graduate,Self-Employed,20,146582.0,400.0,5,21004,4223,3296,0,5,56560,0.01,45,2,0,0,41107,357.0,0.59,0,0.03,775,B
CUST03509,62,Female,Divorced,Graduate,Self-Employed,8,90812.0,0.0,4,25110,5651,803,0,3,40662,0.16,520,0,0,1,301822,2694.0,0.81,0,0.36,759,B
CUST03510,63,Female,Divorced,Graduate,Self-Employed,10,73741.0,1336.0,5,31046,3847,2886,2,5,34215,0.28,766,1,0,0,189345,2524.0,0.89,1,0.41,720,B
CUST03511,61,Female,Married,Graduate,Self-Employed,16,45066.0,2613.0,1,16805,4421,3380,0,5,15445,0.32,395,0,0,2,33361,855.0,0.83,2,0.23,729,B
CUST03512,29,Female,Married,Post-Graduate,Self-Employed,15,89441.0,4981.0,3,0,4411,4510,0,4,40934,0.09,294,0,0,1,298108,6932.0,0.88,0,0.93,731,B
CUST03513,44,Female,Married,Doctorate,Salaried,13,120022.0,3069.0,2,25306,5017,4943,0,0,48710,0.37,1441,1,1,4,307091,3937.0,0.72,0,0.39,701,B
CUST03514,57,Female,Married,Graduate,Self-Employed,18,66487.0,2390.0,3,23053,3926,3483,1,5,12040,0.24,231,0,0,4,30118,684.0,0.76,2,0.12,741,B
CUST03515,69,Male,Single,High School,Salaried,6,22486.0,3428.0,2,22644,3410,1077,0,2,2566,0.3,61,1,0,4,76268,1138.0,0.62,0,0.61,667,C
CUST03516,61,Male,Divorced,Doctorate,Salaried,20,53866.0,,2,8663,2545,1924,1,4,5599,0.38,170,3,0,2,163573,1721.0,0.79,1,0.38,678,C
CUST03517,37,Male,Single,Post-Graduate,Business Owner,24,65027.0,3885.0,5,0,4047,1948,0,1,21761,0.02,34,0,0,1,1903,17.0,0.75,1,0.0,800,A
CUST03518,44,Male,Married,Graduate,Unemployed,0,29256.0,3997.0,4,19523,2485,3960,0,5,9029,,339,1,0,1,29781,465.0,0.86,0,0.19,711,B
CUST03519,41,Male,Divorced,High School,Self-Employed,18,90715.0,2660.0,4,5785,3206,2486,0,2,34339,0.44,1208,0,0,1,97754,2125.0,0.77,0,0.28,710,B
CUST03520,59,Female,Single,High School,Salaried,7,97040.0,274.0,5,28355,1518,2852,0,5,42419,0.32,1085,1,0,4,178327,1783.0,0.76,0,0.22,729,D
CUST03521,61,Male,Married,High School,Unemployed,0,53528.0,4855.0,1,31227,6242,4934,0,1,8873,0.44,312,1,2,3,49323,1333.0,0.6,1,0.3,666,C
CUST03522,59,Male,Single,High School,Self-Employed,24,100305.0,7507.0,2,0,1422,2363,0,4,44392,0.17,603,3,0,0,332094,6777.0,0.69,0,0.81,678,C
CUST03523,33,Male,Married,Doctorate,Salaried,29,47541.0,1818.0,4,9478,3909,1282,2,3,6619,0.26,137,2,1,3,133466,3512.0,,0,0.89,656,C
CUST03524,31,Male,Single,Graduate,Self-Employed,5,35062.0,4671.0,3,45570,1898,3135,0,0,15893,0.24,305,3,0,3,4226,45.0,0.75,2,0.02,727,B
CUST03525,66,Male,Married,Post-Graduate,Salaried,11,43353.0,3668.0,1,13332,1005,1415,0,0,19083,0.19,290,0,0,2,122596,1679.0,0.69,0,0.46,721,B
CUST03526,39,Male,Married,Post-Graduate,Salaried,13,50161.0,6740.0,5,22957,3790,1580,0,3,19000,0.53,805,2,0,0,190872,5158.0,0.56,1,1.23,572,D
CUST03527,31,Male,Divorced,Post-Graduate,Business Owner,3,98664.0,2398.0,1,33182,5328,2474,1,0,21707,0.16,277,1,0,3,194937,2670.0,0.63,0,0.32,724,B
CUST03528,33,Male,Divorced,Post-Graduate,Salaried,1,91703.0,4352.0,4,23343,1921,5170,1,5,12596,0.44,443,7,0,3,66792,750.0,,0,0.1,663,C
CUST03529,66,Female,Single,Doctorate,Salaried,4,47542.0,4628.0,5,36343,3961,2120,0,5,19550,0.23,359,0,0,4,167423,9301.0,0.62,0,2.0,655,C
CUST03530,65,Female,Married,Graduate,Salaried,19,54805.0,5763.0,4,34039,5782,3252,0,0,10256,0.12,98,2,0,3,144559,2331.0,0.85,0,0.51,739,B
CUST03531,21,Male,Single,Doctorate,Salaried,18,128089.0,1696.0,2,39958,6520,2224,0,1,35400,0.03,84,1,0,3,219289,7831.0,0.88,0,0.73,757,B
CUST03532,60,Male,Single,Post-Graduate,Salaried,6,99550.0,5912.0,1,22603,2667,2699,0,0,31093,0.16,397,0,0,2,164120,7815.0,0.6,0,0.94,677,C
CUST03533,64,Male,Single,High School,Salaried,23,32679.0,3401.0,2,13962,3023,4167,0,1,12227,,342,2,0,4,36876,1756.0,0.91,0,0.64,693,C
CUST03534,39,Female,Divorced,Post-Graduate,Salaried,10,114795.0,6542.0,3,252,3272,3399,0,0,33861,0.08,216,0,0,4,48794,567.0,0.67,0,0.06,783,B
CUST03535,32,Male,Divorced,Post-Graduate,Salaried,7,142691.0,3806.0,2,26299,4187,2543,1,5,53910,0.29,1250,1,2,3,497779,5470.0,0.91,2,0.46,726,B
CUST03536,28,Male,Single,Doctorate,Salaried,12,74225.0,8758.0,1,38685,2837,2187,1,0,31591,0.5,1263,2,0,0,291905,3603.0,0.96,0,0.58,679,C
CUST03537,28,Female,Single,Graduate,Salaried,8,65903.0,172.0,3,8891,4079,4329,1,2,25387,0.29,588,1,1,1,249374,5305.0,0.98,0,0.97,691,C
CUST03538,65,Male,Single,Graduate,Self-Employed,13,62201.0,6630.0,4,10560,3015,4610,1,3,13671,0.17,185,0,0,0,42113,372.0,0.57,0,0.07,739,B
CUST03539,32,Male,Married,High School,Self-Employed,18,65692.0,5938.0,3,14606,1972,2608,0,2,30068,0.53,1274,1,2,0,110097,1068.0,0.78,0,0.2,692,C
CUST03540,68,Male,Married,Graduate,Salaried,14,98051.0,6383.0,1,6464,3774,3564,1,0,31398,0.26,653,1,0,0,114476,2384.0,,0,0.29,695,C
CUST03541,53,Female,Single,High School,Self-Employed,11,56017.0,8159.0,5,22239,2242,3823,0,1,16029,0.46,589,0,1,3,76861,651.0,0.73,0,0.14,709,B
CUST03542,65,Female,Married,Graduate,Unemployed,0,97957.0,0.0,3,12440,1615,1638,0,0,32327,0.58,1499,0,0,4,126607,3516.0,0.8,2,0.43,667,B
CUST03543,46,Female,Single,Post-Graduate,Unemployed,0,75015.0,11499.0,4,2140,3110,2297,0,4,22000,0.36,633,3,0,2,278880,2558.0,0.51,0,0.41,649,C
CUST03544,59,Male,Divorced,Graduate,Salaried,29,57307.0,6556.0,3,7564,1880,3392,0,4,23039,0.11,202,1,1,4,217068,1824.0,0.79,0,0.38,752,B
CUST03545,48,Male,Married,Graduate,Business Owner,6,85740.0,10787.0,2,41623,2565,2852,1,4,23001,,349,0,0,3,13884,385.0,0.81,1,0.05,771,B
CUST03546,25,Female,Married,Graduate,Salaried,13,68527.0,10595.0,5,21691,4561,1764,1,4,28143,0.36,810,1,0,4,146925,12243.0,0.63,1,2.0,618,C
CUST03547,28,Female,Married,High School,Salaried,22,55844.0,6284.0,1,41745,2209,1788,0,0,22564,0.26,469,0,0,3,147848,2240.0,0.57,0,0.48,690,C
CUST03548,45,Male,Married,Graduate,Salaried,10,74138.0,,5,11884,1293,3462,0,4,15624,0.19,237,1,1,0,72893,1121.0,0.57,0,0.18,724,B
CUST03549,47,Female,Single,High School,Salaried,12,74548.0,7248.0,2,0,3978,1385,0,3,10315,0.35,288,0,0,1,18285,294.0,0.67,1,0.05,725,B
CUST03550,66,Male,Single,Graduate,Self-Employed,1,60685.0,0.0,5,15901,4746,2064,0,0,26724,,171,1,1,4,18221,314.0,0.97,0,0.06,813,A
CUST03551,43,Male,Divorced,High School,Self-Employed,18,50547.0,4735.0,2,44664,2442,1510,0,2,8470,0.3,203,2,0,1,149178,3243.0,0.75,1,0.77,663,C
CUST03552,50,Female,Single,High School,Self-Employed,13,77696.0,7906.0,3,0,5117,3136,0,0,8738,,188,2,0,1,113476,2364.0,0.89,1,0.37,729,B
CUST03553,65,Male,Single,Graduate,Salaried,25,81200.0,9584.0,1,0,3955,3897,0,1,21187,0.56,949,0,0,1,183241,8329.0,0.78,0,1.23,624,C
CUST03554,67,Female,Married,Graduate,Salaried,24,86998.0,4056.0,2,15549,5262,0,1,3,17543,0.48,673,0,0,3,110190,1010.0,0.27,1,0.14,630,C
CUST03555,43,Male,Married,High School,Salaried,28,86039.0,6081.0,2,35844,1667,1248,2,0,16187,0.56,725,2,1,2,280485,2671.0,0.85,0,0.37,667,C
CUST03556,69,Male,Married,Graduate,Salaried,29,114584.0,6717.0,3,4375,390,2080,0,2,19356,0.3,464,1,0,4,42807,3567.0,0.68,1,0.37,704,B
CUST03557,67,Female,Divorced,Post-Graduate,Unemployed,0,42369.0,4753.0,2,22569,3881,3571,0,1,16933,0.3,406,3,0,0,2597,,0.78,0,0.01,732,B
CUST03558,40,Female,Married,Post-Graduate,Business Owner,6,122588.0,2199.0,1,19128,3079,803,1,5,50674,0.18,729,1,0,1,216375,3135.0,0.75,1,0.31,738,B
CUST03559,38,Male,Single,High School,Unemployed,0,34865.0,3012.0,4,37925,3440,3390,0,1,4133,0.37,122,0,0,3,56280,541.0,0.7,0,0.19,713,B
CUST03560,38,Male,Married,Graduate,Self-Employed,28,112435.0,1866.0,5,54716,3725,4262,0,2,35835,0.31,888,3,0,2,7512,110.0,0.78,1,0.01,734,B
CUST03561,22,Female,Married,Post-Graduate,Salaried,5,90046.0,462.0,2,8192,5410,2616,0,5,13872,0.19,210,1,0,2,298625,7465.0,0.86,0,0.99,697,C
CUST03562,24,Male,Single,High School,Salaried,18,59521.0,4490.0,5,14656,2103,2978,2,2,17845,0.12,171,1,0,1,128131,6406.0,0.77,0,1.29,681,C
CUST03563,50,Female,Single,Post-Graduate,Salaried,29,15000.0,11650.0,5,18991,5620,2439,0,2,3587,0.16,45,2,0,3,50436,536.0,0.81,1,0.43,724,B
CUST03564,53,Female,Single,Doctorate,Salaried,5,30149.0,5739.0,4,7717,2316,644,0,2,5448,0.05,21,0,1,4,55192,1672.0,0.98,0,0.67,769,B
CUST03565,56,Male,Married,Post-Graduate,Business Owner,7,55983.0,4139.0,2,46575,3807,1917,1,4,26828,,622,0,0,2,138753,5139.0,0.78,0,1.1,664,C
CUST03566,38,Male,Divorced,Post-Graduate,Salaried,23,88374.0,6118.0,1,3265,3659,3623,1,3,42657,0.34,1160,4,0,2,9850,101.0,0.84,0,0.01,727,B
CUST03567,57,Male,Married,Post-Graduate,Salaried,9,58972.0,2522.0,2,38848,1885,3509,1,2,19200,0.32,491,1,0,1,184853,2934.0,0.86,0,0.6,700,B
CUST03568,39,Female,Divorced,Graduate,Business Owner,3,73836.0,17.0,5,13578,3747,3338,1,4,12937,0.27,279,1,1,3,18503,166.0,0.95,1,0.03,770,B
CUST03569,67,Male,Single,Post-Graduate,Business Owner,12,61901.0,2932.0,3,19075,1569,2318,1,0,20631,0.12,198,1,0,3,67524,572.0,0.55,0,0.11,734,B
CUST03570,48,Male,Divorced,Post-Graduate,Salaried,20,80054.0,1609.0,4,21825,126,3298,1,1,37737,0.34,1026,1,0,3,150342,2684.0,0.67,0,0.4,688,C
CUST03571,60,Male,Married,Post-Graduate,Self-Employed,25,33483.0,0.0,1,12777,4510,2567,0,0,8407,0.49,329,3,0,3,33714,437.0,0.72,0,0.16,675,C
CUST03572,40,Female,Single,Graduate,Salaried,14,67079.0,3349.0,1,31681,4594,449,0,0,10403,,441,2,0,1,15814,510.0,0.76,0,0.09,691,C
CUST03573,69,Male,Divorced,Graduate,Self-Employed,8,90787.0,6464.0,5,26420,887,1438,0,5,34269,0.12,328,1,0,1,255940,3199.0,0.48,0,0.42,704,B
CUST03574,53,Male,Single,Post-Graduate,Salaried,12,150800.0,6184.0,1,42974,2648,1744,0,4,54666,0.05,218,2,0,2,238224,2312.0,0.82,2,0.18,779,B
CUST03575,32,Female,Divorced,High School,Salaried,7,100281.0,5813.0,5,29573,1372,984,0,4,10083,0.34,274,1,1,2,296760,9572.0,0.71,0,1.15,648,C
CUST03576,35,Female,Divorced,Post-Graduate,Self-Employed,24,69444.0,10008.0,1,2021,3978,2395,0,2,30655,0.18,441,2,0,4,66419,651.0,0.85,0,0.11,766,B
CUST03577,61,Female,Married,Doctorate,Salaried,9,55836.0,3342.0,1,17711,4695,3392,0,2,20340,0.05,81,0,0,0,105616,3911.0,0.9,1,0.84,740,B
CUST03578,59,Male,Married,Post-Graduate,Self-Employed,12,88720.0,6298.0,5,43717,1702,4704,0,4,15816,0.41,518,1,0,2,125857,1104.0,0.77,0,0.15,719,B
CUST03579,22,Male,Single,Doctorate,Business Owner,4,49857.0,3835.0,4,11456,0,1736,0,3,5050,0.21,84,4,0,1,86783,1771.0,0.6,2,0.43,667,C
CUST03580,49,Female,Married,Post-Graduate,Salaried,5,79326.0,9265.0,1,42287,3758,1759,0,5,38784,0.16,496,3,0,4,308692,3215.0,,0,0.49,718,E
CUST03581,61,Male,Married,High School,Self-Employed,9,84501.0,2574.0,2,30827,3915,3607,1,5,33958,0.32,869,3,0,2,134944,,0.62,0,0.41,669,C
CUST03582,30,Female,Married,Post-Graduate,Self-Employed,7,69080.0,7230.0,3,32053,1710,1724,1,2,16995,0.18,244,0,0,4,142287,1342.0,0.51,0,0.23,715,B
CUST03583,22,Female,Married,Graduate,Salaried,14,104160.0,5749.0,5,0,2258,3845,0,5,28447,0.1,227,5,1,1,399799,3634.0,0.42,0,0.42,670,C
CUST03584,31,Male,Divorced,Graduate,Self-Employed,20,72179.0,8657.0,1,26309,1846,2529,1,0,22775,0.05,91,1,0,3,14261,274.0,0.69,0,0.05,774,B
CUST03585,33,Female,Single,Graduate,Self-Employed,22,61501.0,5027.0,4,51185,3025,2110,1,2,23828,0.19,362,0,0,4,78387,761.0,0.68,1,0.15,740,B
CUST03586,30,Female,Married,Graduate,Self-Employed,27,59699.0,4290.0,2,6936,4255,2227,1,2,10099,0.37,298,0,0,3,48708,419.0,0.8,0,0.08,736,B
CUST03587,34,Male,Divorced,Graduate,Unemployed,0,36260.0,3927.0,5,43864,3624,4599,0,3,6464,0.31,160,0,0,0,65563,560.0,0.81,0,0.19,741,A
CUST03588,38,Male,Married,Graduate,Self-Employed,1,32347.0,4540.0,2,22769,3826,2424,1,4,3859,0.49,151,1,0,2,15378,178.0,0.43,0,0.07,649,C
CUST03589,29,Male,Single,Graduate,Unemployed,0,92975.0,0.0,3,7932,1087,976,2,3,45959,0.48,1764,2,0,1,171247,3891.0,0.76,0,0.5,657,C
CUST03590,59,Male,Single,Post-Graduate,Self-Employed,15,119351.0,3436.0,4,15719,2160,4703,0,2,53735,0.07,300,3,1,4,139011,2482.0,0.45,3,0.25,697,C
CUST03591,48,Male,Single,Graduate,Salaried,24,139455.0,3253.0,5,0,4773,3444,0,3,44790,0.01,35,0,0,3,539994,7499.0,0.59,0,0.65,733,B
CUST03592,23,Female,Married,Graduate,Salaried,15,108525.0,1578.0,5,20594,1204,2764,2,5,29530,0.16,377,2,0,1,69402,3855.0,0.86,1,0.43,733,B
CUST03593,40,Female,Married,Post-Graduate,Salaried,29,90618.0,3316.0,1,26180,1750,0,1,2,17668,0.12,169,3,2,4,168373,2440.0,0.59,1,0.32,704,B
CUST03594,26,Male,Divorced,Post-Graduate,Self-Employed,1,84232.0,2306.0,2,55472,3952,1729,2,3,28469,0.58,1320,3,1,3,231047,15403.0,0.63,2,2.0,556,D
CUST03595,47,Male,Married,Doctorate,Self-Employed,29,114299.0,3459.0,5,25792,269,2409,0,1,42999,0.14,481,0,0,0,275704,4054.0,0.92,0,0.43,776,B
CUST03596,22,Female,Single,High School,Salaried,15,63938.0,6873.0,2,41463,1507,920,0,1,24019,0.13,249,0,1,3,84706,1129.0,0.6,1,0.21,738,B
CUST03597,49,Male,Married,Post-Graduate,Salaried,27,129031.0,6880.0,3,5016,4187,1928,0,2,13235,0.18,190,4,0,0,137653,5735.0,0.72,0,0.53,702,B
CUST03598,58,Female,Married,Graduate,Salaried,2,73807.0,9736.0,1,17270,711,1261,0,3,28106,0.25,562,4,1,3,121120,1121.0,0.33,0,0.18,655,C
CUST03599,23,Male,Divorced,Graduate,Salaried,29,82775.0,5924.0,3,24774,1855,2874,0,2,36963,0.45,1330,0,2,3,23171,362.0,0.38,1,0.05,664,C
CUST03600,36,Male,Married,High School,Self-Employed,4,75740.0,438.0,1,7079,3908,3502,1,3,11055,0.19,168,3,0,2,103456,3233.0,0.54,0,0.51,670,C
CUST03601,50,Male,Married,Graduate,Business Owner,17,108756.0,4012.0,1,16737,1333,3421,0,4,43736,0.26,909,3,1,1,259929,2260.0,0.88,0,0.25,741,B
CUST03602,60,Female,Married,Graduate,Unemployed,0,74650.0,3082.0,2,34579,4283,3414,1,3,32046,0.19,487,0,1,0,295216,3514.0,0.51,0,0.56,684,C
CUST03603,22,Male,Divorced,Graduate,Salaried,18,87144.0,2052.0,1,56483,3413,1704,0,3,18341,0.29,425,1,0,1,220356,3390.0,0.97,0,0.47,742,B
CUST03604,37,Female,Married,Graduate,Self-Employed,21,38422.0,8218.0,3,32315,2609,4565,0,2,14786,0.34,402,3,0,2,145493,2346.0,0.75,0,0.73,655,C
CUST03605,61,Male,Single,Post-Graduate,Self-Employed,16,,6363.0,3,9385,152,2821,0,3,9597,0.1,76,2,0,3,1489,22.0,0.86,1,0.0,787,B
CUST03606,32,Male,Single,Post-Graduate,Unemployed,0,106412.0,5210.0,3,19452,3034,140,0,2,38274,0.53,1622,1,0,0,329087,6581.0,0.37,1,0.74,582,D
CUST03607,55,Male,Single,Graduate,Self-Employed,6,49651.0,547.0,2,4278,647,3176,0,2,15100,0.13,157,0,0,2,92144,2559.0,0.54,1,0.62,691,C
CUST03608,63,Female,Married,Graduate,Salaried,22,74194.0,4754.0,2,23861,418,1521,0,0,32640,0.43,1122,0,0,2,183478,2584.0,0.65,0,0.42,679,C
CUST03609,21,Female,Single,Graduate,Salaried,20,73801.0,11978.0,4,42321,3593,2208,1,2,20722,0.09,149,1,0,0,105779,2350.0,0.72,0,0.38,742,B
CUST03610,65,Male,Single,Doctorate,Self-Employed,2,57467.0,2489.0,5,24523,3414,2816,0,3,15587,0.07,87,1,0,3,67590,1185.0,0.42,1,0.25,710,B
CUST03611,35,Male,Single,Graduate,Self-Employed,19,105547.0,4345.0,4,19857,0,2979,2,1,49977,0.41,1639,1,0,0,148375,1725.0,0.84,0,0.2,717,B
CUST03612,46,Male,Married,Graduate,Business Owner,13,89848.0,9166.0,4,18983,2585,3776,0,4,42561,0.36,1225,1,0,4,215096,6326.0,0.58,0,0.84,638,C
CUST03613,57,Male,Married,Graduate,Salaried,22,102062.0,3684.0,1,22903,3708,2737,0,3,11664,0.41,382,1,0,2,252133,6303.0,0.88,0,0.74,684,C
CUST03614,41,Male,Married,Graduate,Unemployed,0,106544.0,3620.0,1,45000,3397,4092,0,5,31348,0.27,677,2,1,4,235289,2119.0,0.62,0,0.24,709,B
CUST03615,69,Female,Single,Graduate,Salaried,21,75930.0,4313.0,4,31554,3298,2006,0,3,12481,0.15,149,1,0,1,123613,3433.0,0.69,0,0.54,717,B
CUST03616,51,Female,Single,High School,Unemployed,0,122218.0,6039.0,5,4519,2611,3790,0,3,25602,0.04,81,2,0,2,382799,10633.0,0.75,1,1.04,698,C
CUST03617,45,Male,Married,Post-Graduate,Business Owner,27,38505.0,2193.0,4,11103,4611,952,2,0,14110,0.25,282,0,0,3,122726,5113.0,0.52,0,1.59,625,C
CUST03618,43,Male,Single,Post-Graduate,Self-Employed,6,70496.0,7769.0,2,38345,3250,938,0,1,10695,0.16,136,1,0,2,203487,2512.0,0.74,2,0.43,722,B
CUST03619,44,Female,Single,Post-Graduate,Self-Employed,13,79468.0,3816.0,3,26117,4697,3096,0,3,8305,0.18,119,1,0,4,54840,3046.0,0.55,0,0.46,699,C
CUST03620,58,Female,Single,High School,Salaried,1,22821.0,5618.0,4,0,3066,1041,0,5,8919,0.12,85,2,0,3,33658,1085.0,0.89,1,0.57,731,B
CUST03621,48,Male,Divorced,Graduate,Salaried,22,117444.0,3749.0,1,35833,1295,3567,0,2,41873,0.28,937,1,0,2,427625,25154.0,0.72,1,2.0,657,C
CUST03622,41,Male,Married,Doctorate,Salaried,21,48945.0,993.0,5,13656,3261,2979,0,1,22566,0.23,415,1,0,0,91379,5076.0,0.35,0,1.24,607,C
CUST03623,63,Male,Single,Post-Graduate,Salaried,24,77041.0,0.0,1,9448,983,3719,0,1,24416,0.09,175,2,0,1,160913,2062.0,0.74,0,0.32,748,B
CUST03624,38,Male,Single,Graduate,Self-Employed,9,97644.0,5686.0,2,35652,3640,3347,0,3,46686,0.25,933,1,1,4,320554,2968.0,0.86,1,0.36,739,B
CUST03625,56,Male,Divorced,High School,Salaried,22,144545.0,0.0,1,34720,5851,3848,1,2,49683,0.31,1232,0,2,2,542587,5897.0,0.59,0,0.49,689,C
CUST03626,55,Male,Married,Graduate,Business Owner,29,25052.0,7293.0,1,18374,3093,3792,2,1,6384,0.09,45,3,0,4,93824,852.0,0.75,0,0.41,718,B
CUST03627,65,Female,Married,Graduate,Salaried,12,92891.0,5381.0,5,26562,2853,2780,0,4,31897,0.2,510,3,1,1,94788,831.0,0.95,0,0.11,773,B
CUST03628,29,Male,Married,Post-Graduate,Self-Employed,12,66722.0,11072.0,5,10897,4354,2403,1,2,26666,0.17,362,0,0,4,19442,270.0,0.53,0,0.05,735,B
CUST03629,58,Male,Married,Doctorate,Self-Employed,26,94438.0,3248.0,1,8893,3385,3847,1,1,22572,0.55,993,0,0,0,196133,3700.0,0.5,1,0.47,623,C
CUST03630,50,Male,Married,Graduate,Salaried,4,103123.0,10203.0,1,14652,6572,4646,0,1,25678,0.27,554,0,0,1,287600,,0.96,0,2.0,706,B
CUST03631,64,Female,Married,High School,Salaried,19,87546.0,4127.0,4,14763,2938,2189,1,2,30813,0.23,566,2,1,0,269005,4338.0,0.32,0,0.59,632,C
CUST03632,54,Female,Married,Post-Graduate,Salaried,16,77381.0,7787.0,2,11035,3477,3863,0,0,21839,0.23,401,4,0,3,206098,4480.0,0.95,1,0.69,701,D
CUST03633,52,Male,Single,High School,Business Owner,26,43290.0,6637.0,4,33214,4553,2238,0,2,13454,0.22,236,1,0,0,15363,225.0,0.7,0,0.06,745,B
CUST03634,23,Male,Divorced,Doctorate,Self-Employed,12,,0.0,5,21557,807,2093,0,4,22384,0.32,573,4,0,4,60753,880.0,0.93,0,0.23,724,B
CUST03635,23,Female,Married,Post-Graduate,Salaried,1,99167.0,14580.0,4,5588,4071,3235,1,0,11653,0.83,773,1,0,4,2363,33.0,0.69,0,0.0,642,C
CUST03636,48,Male,Single,Doctorate,Business Owner,23,49224.0,9855.0,4,10560,2342,3477,0,3,17679,0.34,480,1,0,1,156190,1881.0,0.63,1,0.46,673,C
CUST03637,64,Male,Divorced,High School,Salaried,21,87762.0,6192.0,1,1691,2545,3207,0,0,41173,0.32,1054,1,0,3,29997,,0.56,0,0.07,711,B
CUST03638,35,Male,Divorced,High School,Self-Employed,4,114067.0,8986.0,1,18861,4151,2696,0,4,22184,0.02,35,1,0,0,274253,2427.0,0.9,1,0.26,797,B
CUST03639,61,Male,Divorced,Graduate,Salaried,9,,5821.0,2,41707,1958,2731,1,4,6665,0.22,117,1,0,4,49572,1011.0,0.96,0,0.34,753,B
CUST03640,43,Male,Divorced,Graduate,Self-Employed,7,114176.0,7658.0,3,24438,2643,963,0,4,27995,0.31,694,1,1,4,210766,6586.0,0.3,0,0.69,621,C
CUST03641,60,Female,Divorced,Graduate,Unemployed,0,113148.0,5469.0,3,21543,2774,2650,2,1,14667,,105,3,0,2,132347,2815.0,0.89,0,0.3,759,B
CUST03642,31,Female,Single,Doctorate,Business Owner,13,,1875.0,4,0,2872,4134,0,0,27639,0.16,353,2,0,2,252066,2291.0,0.77,0,0.32,741,B
CUST03643,68,Male,Married,Post-Graduate,Salaried,8,56539.0,4694.0,2,40531,1960,3894,0,4,20251,0.11,178,3,0,1,74910,,0.82,0,0.51,729,B
CUST03644,52,Female,Married,Post-Graduate,Salaried,20,90965.0,3429.0,2,20691,3836,1785,0,5,38928,0.11,342,0,0,1,260380,2925.0,0.93,3,0.39,768,B
CUST03645,56,Male,Single,High School,Business Owner,10,69660.0,6896.0,5,21554,1217,3234,2,0,8809,0.59,415,2,0,2,106865,1908.0,0.58,0,0.33,622,C
CUST03646,53,Male,Single,Post-Graduate,Salaried,28,53757.0,1838.0,1,2774,179,3102,1,5,14754,0.43,507,1,0,4,87819,777.0,0.82,0,0.17,712,B
CUST03647,44,Female,Divorced,Post-Graduate,Salaried,10,79146.0,5443.0,5,18190,2556,4537,0,0,32741,0.05,130,1,1,3,172641,3028.0,0.89,0,0.46,773,B
CUST03648,59,Female,Single,Graduate,Self-Employed,8,48727.0,771.0,3,6272,3802,3632,0,3,19847,0.02,31,2,1,3,84805,3392.0,0.27,0,0.84,640,C
CUST03649,54,Male,Divorced,Doctorate,Salaried,20,39520.0,7312.0,2,9835,3844,2918,0,5,5116,0.29,118,0,0,1,93433,3114.0,0.66,0,0.95,654,C
CUST03650,48,Male,Single,High School,Salaried,15,58702.0,1343.0,3,0,3465,3341,1,3,6137,0.54,265,3,0,1,215518,2660.0,0.61,2,0.54,603,C
CUST03651,57,Female,Single,Graduate,Unemployed,0,23373.0,6810.0,1,0,2492,1693,0,3,9660,0.21,162,0,1,2,33825,545.0,0.74,0,0.28,739,B
CUST03652,27,Female,Married,High School,Salaried,27,110965.0,5353.0,1,52381,3601,2873,0,5,17220,0.56,771,1,0,2,315164,3001.0,0.59,0,0.32,653,C
CUST03653,24,Female,Single,Post-Graduate,Salaried,15,90501.0,8128.0,1,23001,2792,4968,0,1,29966,0.59,1414,1,0,3,316197,22585.0,0.87,0,2.0,626,C
CUST03654,57,Male,Married,Graduate,Self-Employed,24,49184.0,4546.0,3,37178,2897,2597,1,1,6772,0.09,48,1,0,0,16138,1152.0,0.85,0,0.28,767,B
CUST03655,21,Male,Married,Graduate,Business Owner,17,59708.0,7441.0,2,15682,0,2063,1,3,13028,0.07,72,0,1,4,133278,2149.0,0.78,0,0.43,756,B
CUST03656,21,Male,Single,High School,Salaried,13,,5446.0,5,17341,2330,4046,1,4,15956,0.18,229,1,2,0,46401,713.0,0.51,1,0.09,718,B
CUST03657,67,Male,Single,High School,Self-Employed,12,113192.0,,2,4126,46,2118,1,2,44660,0.12,428,0,0,4,356652,7925.0,0.31,2,0.84,636,C
CUST03658,40,Female,Married,High School,Business Owner,3,78216.0,0.0,2,29138,6176,1430,0,5,28868,0.46,1062,4,2,3,116061,1682.0,0.73,0,0.26,671,C
CUST03659,39,Male,Single,Graduate,Salaried,23,67258.0,3068.0,4,31198,4291,4365,0,1,10365,0.15,124,0,0,0,137635,1166.0,0.8,2,0.21,760,E
CUST03660,49,Male,Married,Graduate,Salaried,19,25985.0,4510.0,2,27854,4793,1977,2,2,3215,0.16,41,1,0,1,55344,3953.0,0.63,0,1.83,649,C
CUST03661,30,Female,Married,Graduate,Salaried,29,,9111.0,5,20038,2233,2437,2,1,18726,,719,1,0,1,152524,1466.0,0.82,0,0.27,691,C
CUST03662,38,Male,Single,Post-Graduate,Self-Employed,24,40856.0,6037.0,4,24477,2881,2235,0,0,7281,0.08,46,4,0,3,160087,5002.0,0.65,0,1.47,656,C
CUST03663,48,Male,Married,Graduate,Business Owner,5,39974.0,0.0,2,13503,1052,4813,1,4,4127,0.55,181,1,0,3,81827,852.0,0.48,1,0.26,625,C
CUST03664,55,Female,Single,Post-Graduate,Salaried,3,111991.0,6313.0,4,35580,1269,94,0,1,23037,0.64,1179,1,0,0,335999,23999.0,0.65,0,2.0,586,D
CUST03665,63,Female,Single,High School,Business Owner,21,71487.0,2368.0,2,0,2603,3224,0,0,13303,0.18,191,3,0,1,279263,5817.0,0.69,0,0.98,657,C
CUST03666,67,Female,Single,Graduate,Business Owner,5,79222.0,2629.0,1,8045,2167,995,0,4,29627,0.37,876,3,0,1,241976,8642.0,0.55,0,1.31,601,C
CUST03667,51,Male,Divorced,Graduate,Salaried,24,87196.0,4825.0,1,16651,3675,3798,0,5,38745,0.09,278,0,1,0,290831,8813.0,0.76,0,1.21,706,B
CUST03668,47,Female,Divorced,High School,Self-Employed,28,69656.0,5830.0,2,1073,3593,1858,1,1,13586,,173,1,0,1,12391,590.0,0.7,1,0.1,746,B
CUST03669,31,Female,Married,High School,Salaried,9,77034.0,2666.0,4,0,2404,2185,1,4,14576,0.39,454,2,0,0,58147,1057.0,0.93,0,0.16,732,B
CUST03670,69,Male,Single,Post-Graduate,Unemployed,0,75583.0,0.0,5,16701,4244,2209,0,1,19281,0.15,231,1,1,0,205236,3310.0,0.58,1,0.53,697,C
CUST03671,69,Male,Single,Doctorate,Self-Employed,16,62207.0,4468.0,1,13456,1267,2623,0,3,10514,0.49,412,1,1,3,224396,11810.0,0.77,0,2.0,625,C
CUST03672,58,Female,Married,High School,Self-Employed,10,83217.0,4328.0,4,17604,1116,1379,0,1,39838,0.34,1083,3,1,2,21039,396.0,0.75,0,0.06,721,B
CUST03673,25,Male,Married,Graduate,Self-Employed,16,72348.0,9300.0,5,20195,3759,3789,2,1,14282,0.14,159,1,0,3,234264,2692.0,0.95,0,0.45,756,B
CUST03674,28,Female,Divorced,Doctorate,Self-Employed,3,77651.0,5128.0,4,29087,3813,1775,1,0,10663,0.35,298,2,0,0,57883,665.0,0.6,0,0.1,695,C
CUST03675,54,Male,Single,High School,Business Owner,18,75124.0,8536.0,2,21491,4270,2001,0,3,24246,0.27,523,2,0,0,133853,5354.0,0.75,0,0.86,668,C
CUST03676,68,Male,Single,Graduate,Self-Employed,11,133667.0,11348.0,1,46147,839,1294,0,2,42111,0.48,1617,0,0,1,451221,16115.0,0.95,0,1.45,670,C
CUST03677,32,Male,Married,Doctorate,Unemployed,0,104693.0,1678.0,1,22927,1752,3730,0,4,36932,0.63,1861,2,0,1,71828,2565.0,0.43,0,0.29,611,C
CUST03678,58,Female,Married,Doctorate,Self-Employed,25,98276.0,9411.0,1,43199,3451,2289,0,2,47829,0.07,267,2,0,3,257604,,,2,0.3,725,B
CUST03679,21,Male,Married,Graduate,Salaried,23,89101.0,7797.0,2,35750,3487,4356,1,2,20439,0.41,670,2,0,3,295621,5374.0,0.9,0,0.72,675,C
CUST03680,51,Male,Married,High School,Unemployed,0,87783.0,0.0,5,37177,5841,0,0,3,21404,,154,0,0,2,220076,9169.0,0.22,1,1.25,620,C
CUST03681,24,Female,Divorced,Graduate,Self-Employed,11,66534.0,4436.0,5,0,1466,3478,1,3,15623,0.28,349,0,0,4,7438,437.0,0.72,0,0.08,741,B
CUST03682,69,Female,Married,Post-Graduate,Self-Employed,27,108621.0,7116.0,1,22898,6205,1075,0,3,38175,0.24,732,2,1,2,284657,3028.0,0.71,0,0.33,720,B
CUST03683,65,Female,Divorced,Doctorate,Unemployed,0,84878.0,6013.0,5,25667,3776,1628,0,0,28996,,649,1,2,0,62073,1677.0,0.59,1,0.24,702,B
CUST03684,25,Male,Divorced,Graduate,Salaried,29,92511.0,9972.0,1,15637,4747,2496,0,0,28819,0.16,368,0,0,3,66568,756.0,0.9,0,0.1,796,B
CUST03685,50,Male,Married,Post-Graduate,Salaried,22,66186.0,6770.0,5,22379,3912,3301,0,4,16263,0.27,351,1,0,3,103623,2527.0,0.47,0,0.46,669,C
CUST03686,44,Female,Single,Post-Graduate,Salaried,24,48876.0,710.0,1,4764,1891,5890,0,3,13248,0.41,434,2,1,2,151065,1336.0,0.91,0,0.33,712,B
CUST03687,23,Female,Single,Post-Graduate,Self-Employed,10,109065.0,7377.0,5,41552,2165,1606,1,2,45480,0.47,1710,0,1,2,42504,696.0,0.88,0,0.08,736,B
CUST03688,31,Male,Married,Post-Graduate,Business Owner,27,78876.0,1570.0,4,20183,3004,1704,0,4,27109,0.39,845,6,0,1,153530,4515.0,0.49,0,0.69,594,D
CUST03689,65,Male,Married,Post-Graduate,Unemployed,0,60627.0,3342.0,1,26110,714,1741,2,0,23433,0.02,37,0,0,2,215633,2695.0,0.92,0,0.53,772,B
CUST03690,24,Female,Divorced,Graduate,Salaried,3,85284.0,8294.0,1,8105,554,2030,1,1,17968,0.58,833,0,1,0,164568,7480.0,0.69,0,1.05,602,C
CUST03691,46,Male,Single,Graduate,Business Owner,23,71851.0,7956.0,3,43570,2073,3751,0,1,33381,0.28,747,1,2,1,89530,913.0,0.92,0,0.15,763,B
CUST03692,47,Female,Single,Post-Graduate,Unemployed,0,121498.0,5115.0,1,32400,4050,2603,1,4,13858,0.36,399,0,1,1,135316,4832.0,0.89,1,0.48,718,B
CUST03693,66,Male,Married,Graduate,Self-Employed,18,64317.0,2826.0,5,35677,2012,4488,0,0,21757,0.13,226,1,1,1,254225,2191.0,0.82,0,0.41,751,B
CUST03694,63,Male,Single,Graduate,Salaried,12,88391.0,4399.0,4,50385,2894,4141,0,4,37560,0.07,210,0,1,2,38119,1229.0,0.53,0,0.17,750,B
CUST03695,47,Female,Single,Post-Graduate,Self-Employed,23,107608.0,4663.0,4,16823,2777,3340,1,0,48048,0.17,653,3,1,4,177226,4322.0,0.68,0,0.48,702,D
CUST03696,62,Male,Married,Post-Graduate,Unemployed,0,94677.0,,5,28948,4513,2086,1,3,21569,0.09,155,1,0,4,283868,3225.0,0.88,0,0.41,766,B
CUST03697,26,Male,Married,Doctorate,Unemployed,0,91265.0,8406.0,2,27837,3637,334,1,1,25910,0.35,725,1,0,3,112106,1192.0,0.54,0,0.16,690,A
CUST03698,35,Male,Single,High School,Self-Employed,16,59796.0,3753.0,1,11634,4281,2383,1,2,6814,0.18,98,3,1,3,201950,4808.0,0.96,1,0.96,688,C
CUST03699,50,Male,Divorced,Graduate,Business Owner,4,78508.0,4214.0,4,25777,4749,1591,0,3,32651,0.18,470,0,0,3,193360,2358.0,0.63,0,0.36,727,B
CUST03700,62,Female,Married,Graduate,Salaried,1,88841.0,4296.0,5,8096,1517,2425,1,2,13310,0.11,117,0,1,0,163784,2073.0,0.82,0,0.28,772,B
CUST03701,57,Female,Divorced,Doctorate,Salaried,27,80085.0,7091.0,4,19618,0,2120,0,4,21721,0.34,590,0,0,4,296330,3570.0,0.79,0,0.53,707,B
CUST03702,57,Female,Married,High School,Unemployed,0,119455.0,5762.0,4,0,2386,2049,0,1,59288,0.04,189,1,0,3,179048,7784.0,,0,0.78,733,B
CUST03703,62,Male,Single,Post-Graduate,Salaried,26,70026.0,5654.0,5,8208,4699,2484,0,2,32708,0.28,732,1,0,2,270499,10018.0,0.85,0,1.72,676,C
CUST03704,57,Male,Single,Post-Graduate,Salaried,8,76002.0,2172.0,3,0,4040,403,5,5,17633,0.44,620,3,0,2,21965,309.0,,0,0.05,702,B
CUST03705,55,Male,Single,Graduate,Salaried,6,152493.0,5704.0,4,42736,2433,1898,0,4,28905,0.28,647,1,0,0,23992,1199.0,0.85,1,0.09,763,B
CUST03706,43,Female,Married,Doctorate,Self-Employed,29,99907.0,7238.0,4,29975,5877,4023,0,0,20049,0.37,593,2,0,4,32697,536.0,0.47,0,0.06,684,C
CUST03707,26,Female,Single,Post-Graduate,Self-Employed,8,45955.0,3966.0,2,12974,4164,3710,0,3,17183,0.02,27,1,0,1,15628,781.0,0.69,1,0.2,763,B
CUST03708,24,Female,Married,Graduate,Salaried,19,89938.0,5437.0,3,8711,2096,2476,0,0,35104,0.46,1291,1,0,1,83493,860.0,0.82,1,0.11,717,D
CUST03709,38,Male,Married,High School,Unemployed,0,98792.0,7762.0,2,37288,4747,508,2,3,18434,0.18,265,0,0,4,160989,1563.0,0.7,0,0.19,745,B
CUST03710,29,Male,Single,Graduate,Unemployed,0,50964.0,2595.0,5,46681,626,2140,0,1,9988,0.49,391,0,2,1,165404,2625.0,0.81,0,0.62,671,C
CUST03711,69,Male,Single,Graduate,Salaried,12,65970.0,2637.0,1,31820,3496,1848,0,2,15130,0.34,411,0,2,4,103068,1171.0,0.69,0,0.21,719,B
CUST03712,49,Male,Married,Post-Graduate,Salaried,1,,4638.0,5,39925,2205,2711,2,0,10728,0.2,171,1,0,2,19879,348.0,0.75,0,0.11,742,B
CUST03713,33,Male,Divorced,Doctorate,Self-Employed,4,83809.0,7340.0,3,19859,2898,2685,0,0,39137,0.32,1001,3,0,0,10391,136.0,0.53,0,0.02,696,C
CUST03714,67,Female,Single,High School,Self-Employed,23,26351.0,0.0,5,0,3907,3093,1,2,2914,0.58,135,0,0,2,58782,1277.0,0.67,1,0.58,625,C
CUST03715,37,Male,Single,Graduate,Salaried,13,51350.0,4413.0,3,18422,4387,827,1,2,18243,0.38,554,2,0,3,47505,406.0,0.9,1,0.09,727,B
CUST03716,65,Male,Divorced,Graduate,Salaried,27,33506.0,2885.0,2,21933,3167,242,3,4,14899,0.57,679,1,1,3,48380,1382.0,0.76,0,0.49,637,C
CUST03717,52,Male,Single,High School,Salaried,17,84856.0,6072.0,4,35949,2669,1976,0,3,33038,0.26,687,1,0,0,82124,805.0,0.56,0,0.11,718,B
CUST03718,68,Female,Divorced,Graduate,Salaried,19,64838.0,4704.0,5,14247,420,1246,0,5,12105,0.4,387,1,0,0,105164,2767.0,0.28,1,0.51,607,C
CUST03719,42,Female,Single,Graduate,Salaried,19,86916.0,8428.0,5,2698,658,2730,1,5,25266,0.4,808,2,0,0,338304,7048.0,0.43,3,0.97,569,D
CUST03720,24,Female,Divorced,Graduate,Self-Employed,22,19941.0,6949.0,4,0,0,2579,0,4,9254,0.18,133,1,0,2,77619,2042.0,0.95,0,1.23,703,B
CUST03721,25,Female,Single,Post-Graduate,Self-Employed,5,51561.0,4317.0,5,29900,3249,1001,1,0,7542,0.41,247,1,0,0,147057,1960.0,0.67,0,0.46,667,C
CUST03722,57,Male,Divorced,Post-Graduate,Business Owner,28,98695.0,1944.0,5,15520,4384,2839,1,2,48854,0.26,1016,1,0,2,93357,2074.0,0.89,0,0.25,752,B
CUST03723,61,Female,Single,High School,Salaried,11,40499.0,6048.0,1,3373,0,3329,1,1,6376,0.51,260,1,2,3,138333,1666.0,0.8,0,0.49,664,C
CUST03724,69,Male,Married,Post-Graduate,Business Owner,7,105678.0,4101.0,1,29325,4579,4428,1,0,16587,0.58,769,2,0,1,4511,41.0,0.86,0,0.0,705,B
CUST03725,33,Male,Single,Post-Graduate,Salaried,3,70432.0,4386.0,4,31922,5085,1138,0,0,29943,0.05,119,2,0,1,145002,4531.0,,0,0.77,692,C
CUST03726,54,Female,Single,Post-Graduate,Salaried,11,49896.0,1512.0,2,16985,3272,2255,0,5,21522,0.24,413,1,0,2,175025,2333.0,0.52,0,0.56,671,C
CUST03727,65,Female,Married,Graduate,Business Owner,17,51807.0,5457.0,5,35088,5310,1783,1,3,5966,0.08,38,1,0,3,86758,1886.0,0.75,0,0.44,740,B
CUST03728,42,Male,Married,Post-Graduate,Self-Employed,11,81429.0,3477.0,5,29770,2934,4774,0,4,13624,0.35,381,1,1,4,79853,2851.0,0.86,1,0.42,713,A
CUST03729,43,Male,Divorced,Post-Graduate,Salaried,15,140843.0,3779.0,2,17880,1115,390,2,5,67521,0.12,648,0,0,4,352732,3599.0,0.62,0,0.31,739,B
CUST03730,23,Male,Married,Graduate,Self-Employed,19,156533.0,0.0,5,16762,2504,3398,0,3,33144,0.21,556,0,0,4,512378,6173.0,0.34,0,0.47,678,C
CUST03731,62,Male,Divorced,Graduate,Unemployed,0,34941.0,5100.0,2,14970,5407,2007,0,0,3665,0.09,26,0,1,3,93544,1027.0,0.6,0,0.35,734,B
CUST03732,54,Male,Married,Doctorate,Self-Employed,16,95180.0,2145.0,4,19999,2080,1289,1,2,19189,0.63,967,3,0,3,96205,2290.0,0.93,0,0.29,672,C
CUST03733,52,Male,Divorced,Post-Graduate,Business Owner,21,124999.0,6547.0,4,42469,3629,2260,0,1,49271,0.59,2325,0,1,0,62722,1140.0,0.69,1,0.11,686,C
CUST03734,65,Male,Divorced,Doctorate,Unemployed,0,37642.0,5213.0,2,37804,3815,2748,0,3,17563,0.54,758,1,0,4,41228,1792.0,0.64,0,0.57,632,C
CUST03735,69,Female,Single,Post-Graduate,Self-Employed,3,56260.0,591.0,2,27747,4763,252,1,5,9117,0.37,269,2,0,1,32282,307.0,0.75,1,0.07,709,B
CUST03736,41,Male,Divorced,Graduate,Self-Employed,24,83719.0,4689.0,3,47311,203,2180,1,0,15886,0.04,50,2,0,1,320967,9170.0,0.51,0,1.31,657,C
CUST03737,66,Male,Married,High School,Salaried,6,76226.0,5644.0,1,37134,5077,2122,0,5,21085,0.51,860,2,0,4,112213,1058.0,0.74,2,0.17,676,C
CUST03738,64,Male,Single,Graduate,Salaried,3,33465.0,11259.0,1,17705,1582,593,1,5,13363,0.09,96,1,0,2,129513,1106.0,0.79,1,0.4,741,B
CUST03739,41,Female,Married,Doctorate,Self-Employed,5,97433.0,6798.0,5,28579,5273,3491,0,4,35414,0.41,1161,1,1,1,224636,9766.0,0.77,1,1.2,639,C
CUST03740,64,Male,Single,Graduate,Business Owner,1,88036.0,1126.0,5,40413,2454,1286,0,3,20337,0.5,813,3,2,3,243148,2043.0,0.8,1,0.28,676,C
CUST03741,31,Male,Married,High School,Salaried,22,103241.0,10829.0,2,21330,2460,4012,1,0,13064,0.24,250,1,0,4,375711,11385.0,0.81,0,1.32,676,C
CUST03742,59,Male,Single,Post-Graduate,Unemployed,0,90999.0,4175.0,2,16886,4155,1804,0,4,18307,0.2,292,0,0,1,361675,3931.0,0.64,0,0.52,712,B
CUST03743,24,Female,Single,Post-Graduate,Salaried,12,90826.0,4162.0,1,47348,4955,0,0,4,17059,0.41,559,1,1,0,344794,4364.0,0.45,0,0.58,633,C
CUST03744,21,Female,Married,Graduate,Self-Employed,13,75867.0,10825.0,5,28220,2292,4307,0,1,8225,0.53,348,0,0,0,135812,1257.0,0.87,0,0.2,714,B
CUST03745,48,Female,Married,Graduate,Salaried,14,111261.0,3114.0,1,35687,2576,1002,0,2,54519,0.2,872,0,1,3,308303,3083.0,0.24,0,0.33,672,C
CUST03746,44,Female,Divorced,Graduate,Salaried,25,35188.0,4528.0,4,9318,2088,1772,1,1,7113,0.28,159,2,0,2,54669,815.0,0.84,0,0.28,722,B
CUST03747,55,Female,Divorced,High School,Business Owner,12,42054.0,106.0,1,33646,2137,1637,1,4,18277,0.29,424,1,1,0,106021,4077.0,0.83,0,1.16,663,D
CUST03748,33,Female,Married,Post-Graduate,Salaried,23,107899.0,4882.0,1,17160,3744,1840,0,3,31716,0.29,735,2,1,2,225384,1942.0,0.89,1,0.22,742,B
CUST03749,67,Male,Single,Graduate,Salaried,27,66512.0,4546.0,2,19436,2863,2690,2,5,32518,0.14,364,1,0,2,4942,52.0,0.76,0,0.01,766,B
CUST03750,54,Male,Married,Post-Graduate,Self-Employed,13,47774.0,3806.0,5,5546,4887,3891,0,2,7635,0.29,177,2,0,0,165473,1818.0,0.66,1,0.46,679,C
CUST03751,31,Female,Married,Post-Graduate,Self-Employed,24,100334.0,5474.0,4,16628,1959,75,1,4,14475,0.38,440,1,0,1,143086,3489.0,0.77,1,0.42,692,C
CUST03752,56,Male,Married,Post-Graduate,Business Owner,6,95262.0,2543.0,1,0,4129,2266,0,2,9620,0.13,100,2,0,2,171145,2037.0,0.75,0,0.26,750,B
CUST03753,37,Male,Single,Graduate,Unemployed,0,15324.0,9393.0,1,36985,4067,3738,1,3,5936,0.34,161,0,0,1,21132,217.0,0.67,0,0.17,709,B
CUST03754,55,Female,Married,Graduate,Salaried,21,95463.0,5055.0,2,11814,2577,2554,1,0,21245,0.68,1155,1,0,4,184527,4193.0,0.84,0,0.53,643,C
CUST03755,38,Male,Single,Graduate,Self-Employed,15,56071.0,2690.0,3,25152,2617,2853,0,0,25127,0.08,160,3,1,4,111330,1012.0,0.77,0,0.22,753,B
CUST03756,60,Female,Married,Graduate,Self-Employed,28,89718.0,822.0,5,2628,3731,3770,0,4,31717,0.02,50,2,1,2,226959,3846.0,0.49,0,0.51,708,B
CUST03757,42,Female,Married,Post-Graduate,Unemployed,0,72647.0,5141.0,5,27331,1961,660,0,4,24044,0.39,750,1,0,0,109187,1315.0,0.63,1,0.22,689,C
CUST03758,44,Male,Divorced,Graduate,Unemployed,0,93419.0,7755.0,5,0,2454,2701,0,1,27535,0.36,793,2,1,3,85237,716.0,0.6,1,0.09,696,C
CUST03759,39,Female,Married,Post-Graduate,Self-Employed,16,74671.0,6068.0,1,6452,1042,3480,0,4,15178,0.17,206,1,0,0,118535,2370.0,0.77,0,0.38,740,B
CUST03760,57,Male,Single,High School,Self-Employed,9,37581.0,10956.0,1,40325,1636,3035,0,0,4730,0.34,128,1,0,1,48336,427.0,,0,0.14,738,B
CUST03761,59,Male,Divorced,High School,Salaried,8,26710.0,11021.0,1,10097,1448,1785,0,0,7410,0.12,71,1,0,1,60706,1167.0,0.62,0,0.52,708,B
CUST03762,41,Male,Married,Doctorate,Salaried,5,34603.0,1162.0,3,16889,1593,347,0,1,4832,0.52,201,0,0,3,100544,1763.0,0.54,0,0.61,624,C
CUST03763,28,Female,Single,Graduate,Self-Employed,15,41601.0,527.0,1,0,364,2848,0,5,19231,0.43,661,1,0,2,119300,4418.0,0.79,1,1.27,631,C
CUST03764,48,Female,Married,Graduate,Self-Employed,7,88151.0,2690.0,5,40301,522,1814,0,3,38057,,1217,0,0,4,314387,4623.0,0.74,0,0.63,681,C
CUST03765,25,Male,Married,Graduate,Self-Employed,24,103806.0,7116.0,5,16149,4302,3213,0,2,36114,0.58,1675,2,1,2,85298,1375.0,0.51,0,0.16,643,C
CUST03766,37,Female,Married,Graduate,Self-Employed,17,65661.0,6170.0,2,39800,2787,1544,0,0,18449,0.35,516,3,0,3,132190,1169.0,0.51,0,0.21,668,C
CUST03767,57,Male,Married,Post-Graduate,Salaried,16,48113.0,8032.0,3,9692,4868,4155,1,2,13552,0.26,281,1,0,2,120150,6675.0,0.87,0,1.66,675,C
CUST03768,56,Female,Married,High School,Self-Employed,24,75914.0,1893.0,4,0,4569,3740,1,4,21696,0.3,520,2,0,0,156530,1739.0,0.76,0,0.27,713,B
CUST03769,39,Male,Single,Graduate,Salaried,11,15792.0,0.0,1,41191,2306,993,0,4,6288,0.43,216,1,0,0,40470,697.0,0.9,0,0.53,692,C
CUST03770,47,Female,Married,Graduate,Salaried,7,93578.0,3225.0,4,25915,1610,4480,3,5,14081,0.33,371,0,0,3,320892,6685.0,0.86,2,0.86,666,A
CUST03771,54,Male,Divorced,Doctorate,Salaried,11,72854.0,6759.0,1,21568,3227,893,2,3,22768,0.33,601,0,0,0,26802,268.0,0.47,0,0.04,694,C
CUST03772,31,Male,Married,Graduate,Business Owner,28,77211.0,5485.0,3,10966,2334,3227,0,5,32819,0.4,1050,2,1,0,115129,1984.0,0.83,0,0.31,707,B
CUST03773,65,Male,Single,High School,Salaried,28,58901.0,8736.0,3,37916,3954,2199,0,2,17908,0.23,329,1,1,4,119065,,0.63,1,0.29,709,B
CUST03774,67,Female,Single,Graduate,Business Owner,2,56284.0,2864.0,5,0,17,2343,1,0,5937,0.26,123,0,0,3,117799,3020.0,0.52,0,0.64,663,C
CUST03775,32,Male,Single,High School,Salaried,2,25518.0,7986.0,3,32028,3505,3811,0,1,5049,0.23,92,1,0,1,1249,14.0,0.81,0,0.01,763,B
CUST03776,41,Female,Married,Graduate,Salaried,28,101035.0,3178.0,4,2075,5384,2934,0,0,37123,0.05,148,1,0,2,233169,4239.0,0.56,0,0.5,723,B
CUST03777,31,Male,Married,High School,Unemployed,0,37190.0,7335.0,4,26890,2403,997,1,2,17616,0.12,169,1,1,1,103516,1953.0,0.86,1,0.63,725,B
CUST03778,59,Male,Married,Graduate,Self-Employed,3,53375.0,7285.0,3,49884,3920,1873,0,2,24419,0.44,859,0,0,1,83188,1434.0,0.76,1,0.32,695,C
CUST03779,48,Male,Married,High School,Salaried,1,46564.0,9727.0,4,19398,1158,3072,0,0,19979,0.22,351,1,0,4,170109,1869.0,0.74,0,0.48,714,B
CUST03780,25,Female,Married,Graduate,Salaried,24,99985.0,982.0,1,18704,2099,3785,0,0,47999,0.15,575,1,0,4,272126,2864.0,,0,0.34,752,C
CUST03781,37,Male,Married,Doctorate,Unemployed,0,57470.0,9149.0,2,12268,1683,3519,0,3,12181,0.56,545,2,0,0,144887,2634.0,0.76,1,0.55,638,C
CUST03782,40,Female,Single,Post-Graduate,Salaried,20,103902.0,6337.0,5,17640,5299,2248,1,4,10905,0.16,139,2,0,1,85290,828.0,0.84,0,0.1,769,B
CUST03783,61,Female,Married,High School,Self-Employed,16,92487.0,5181.0,2,13355,5942,2073,0,5,22358,0.49,876,2,0,3,362958,24197.0,0.77,1,2.0,616,C
CUST03784,66,Female,Divorced,Graduate,Salaried,14,46670.0,4599.0,4,20330,2263,4900,0,3,15438,,321,0,0,2,86819,729.0,0.46,1,0.19,694,C
CUST03785,32,Male,Married,Post-Graduate,Salaried,17,71965.0,4781.0,5,15708,4951,3581,0,0,16306,0.29,378,0,0,0,10105,108.0,0.68,1,0.02,740,B
CUST03786,26,Female,Married,Post-Graduate,Salaried,18,24102.0,5118.0,2,17464,3875,2266,1,0,2836,0.26,58,2,0,3,7141,255.0,0.86,0,0.13,741,B
CUST03787,37,Female,Married,High School,Self-Employed,25,86984.0,173.0,2,11564,2423,2541,0,1,26345,0.22,463,0,0,0,116897,1072.0,0.81,1,0.15,762,B
CUST03788,39,Male,Divorced,Post-Graduate,Self-Employed,4,55337.0,5732.0,4,18111,5386,1238,0,4,9953,0.07,55,2,0,3,9135,435.0,0.94,0,0.09,800,A
CUST03789,46,Female,Married,Graduate,Salaried,3,43315.0,5454.0,5,19417,2130,2092,0,5,16937,0.29,392,0,0,0,29197,712.0,0.83,0,0.2,747,B
CUST03790,68,Male,Single,Graduate,Business Owner,8,66787.0,3026.0,5,44935,2031,1801,1,5,9061,0.39,282,0,0,2,181086,1692.0,0.85,1,0.3,716,B
CUST03791,64,Male,Divorced,Doctorate,Business Owner,4,61078.0,5098.0,2,43884,1462,2045,0,1,29515,0.12,283,1,0,3,83699,804.0,0.77,2,0.16,757,B
CUST03792,64,Male,Divorced,Post-Graduate,Unemployed,0,83479.0,8309.0,5,24902,4331,3836,0,4,37621,0.25,752,3,0,0,137528,1562.0,0.84,0,0.22,737,B
CUST03793,52,Male,Single,Post-Graduate,Salaried,15,131997.0,3155.0,5,13334,1572,967,1,4,59338,0.08,379,3,1,2,503034,8113.0,0.62,1,0.74,683,C
CUST03794,26,Male,Married,Graduate,Salaried,13,114676.0,1582.0,1,25212,2783,2269,2,2,47700,0.09,343,0,2,2,296143,3525.0,0.88,1,0.37,769,B
CUST03795,56,Male,Married,Graduate,Business Owner,14,39188.0,,4,7731,2479,1364,0,4,13850,0.57,631,1,1,2,45741,564.0,0.75,0,0.17,680,C
CUST03796,58,Female,Single,Graduate,Salaried,14,121057.0,0.0,4,11688,2214,2806,0,5,14692,0.16,188,1,2,0,165010,5322.0,0.55,2,0.53,691,C
CUST03797,31,Male,Divorced,Graduate,Salaried,5,76403.0,10372.0,1,20837,2659,4121,0,0,27884,0.1,223,1,0,3,288960,8498.0,0.71,1,1.33,683,C
CUST03798,53,Male,Married,Graduate,Business Owner,5,15000.0,2505.0,2,10046,2372,3355,1,4,5981,0.25,119,2,0,4,26755,382.0,0.72,0,0.31,705,B
CUST03799,44,Male,Divorced,Graduate,Salaried,27,,8788.0,3,10342,5377,2767,1,3,10386,0.22,182,2,1,4,119275,1509.0,0.65,0,0.27,710,B
CUST03800,43,Female,Single,High School,Salaried,22,,1278.0,2,13016,3662,3712,0,2,9785,0.11,86,1,0,3,31065,1412.0,0.89,0,0.6,743,B
CUST03801,35,Female,Married,Graduate,Salaried,28,61857.0,3143.0,1,54288,3133,3580,2,1,18034,0.18,259,4,0,2,79365,734.0,0.46,0,0.14,679,C
CUST03802,47,Female,Single,Post-Graduate,Business Owner,13,132257.0,5192.0,5,22596,2377,1983,0,5,38219,0.43,1314,2,0,0,401174,4222.0,0.88,0,0.38,709,B
CUST03803,31,Female,Married,Doctorate,Salaried,4,35685.0,6931.0,1,0,1118,448,0,4,6415,0.15,76,1,0,1,116021,1171.0,0.92,1,0.39,755,B
CUST03804,37,Male,Married,Graduate,Business Owner,18,34803.0,4790.0,4,22927,2058,3897,0,1,13774,0.75,826,3,0,1,33910,440.0,0.62,1,0.15,609,C
CUST03805,34,Female,Married,Graduate,Self-Employed,6,72047.0,381.0,5,26856,2965,1089,1,0,33865,0.4,1083,1,0,2,270548,3145.0,0.91,0,0.52,702,B
CUST03806,47,Male,Single,High School,Self-Employed,29,,4833.0,2,19093,2907,1104,0,1,20951,0.5,838,1,0,3,64179,558.0,0.76,0,0.13,699,C
CUST03807,38,Male,Single,Doctorate,Salaried,5,67332.0,8777.0,5,29143,3227,2180,3,4,16672,,386,0,0,0,191237,6168.0,0.67,2,1.1,629,C
CUST03808,48,Female,Single,Graduate,Salaried,3,78260.0,5977.0,4,11452,5193,1800,1,1,38634,0.35,1081,1,1,3,193678,4401.0,0.68,1,0.67,659,C
CUST03809,67,Male,Single,Post-Graduate,Self-Employed,20,30580.0,11647.0,1,17823,2327,1089,0,0,7512,0.31,186,1,0,2,3631,279.0,0.77,0,0.11,734,B
CUST03810,67,Female,Married,Post-Graduate,Salaried,3,81851.0,5514.0,2,18683,5115,2395,1,4,15860,0.15,190,1,0,0,282004,5640.0,0.8,0,0.83,704,B
CUST03811,24,Female,Married,Graduate,Unemployed,0,52165.0,8039.0,3,9679,2695,2147,1,1,25416,0.18,365,1,1,4,131715,1401.0,0.89,1,0.32,749,B
CUST03812,27,Male,Married,Graduate,Salaried,20,107164.0,6575.0,3,5757,3299,3080,1,1,44572,0.47,1675,1,0,3,248345,10347.0,0.78,0,1.16,631,C
CUST03813,65,Male,Married,Doctorate,Self-Employed,2,48793.0,3100.0,1,21160,2850,2516,0,0,19736,0.31,489,2,0,3,107769,4490.0,0.95,0,1.1,675,E
CUST03814,55,Male,Single,High School,Salaried,20,53662.0,4815.0,2,23441,4992,2885,0,3,7028,0.07,39,1,0,2,142765,8922.0,0.91,0,2.0,721,B
CUST03815,68,Female,Single,Post-Graduate,Business Owner,26,47063.0,8338.0,2,0,1739,2318,0,3,8321,0.63,419,1,0,3,15525,345.0,0.3,0,0.09,609,C
CUST03816,29,Female,Single,Doctorate,Salaried,27,62570.0,3959.0,5,12270,4194,2898,0,2,6720,0.18,96,0,0,2,189586,3869.0,0.57,0,0.74,682,C
CUST03817,28,Male,Married,Graduate,Salaried,18,31763.0,6198.0,1,15741,5615,2002,0,0,13043,0.34,354,0,1,4,38803,615.0,0.83,1,0.23,729,B
CUST03818,65,Male,Married,Post-Graduate,Business Owner,10,90663.0,3136.0,5,22726,2844,2346,2,3,19156,,275,0,1,2,152901,2153.0,0.85,0,0.28,759,B
CUST03819,37,Female,Single,Doctorate,Self-Employed,24,59182.0,7787.0,1,32312,0,1477,1,1,9048,0.19,137,1,1,2,9777,94.0,0.75,0,0.02,759,A
CUST03820,37,Female,Single,Post-Graduate,Self-Employed,26,99356.0,5248.0,4,15318,1316,1452,1,0,17164,0.6,823,0,0,0,54702,651.0,0.91,0,0.08,716,B
CUST03821,69,Male,Divorced,Graduate,Self-Employed,21,76757.0,7594.0,1,28716,2352,2558,0,1,27360,0.3,656,0,0,3,247759,17697.0,0.89,1,2.0,682,A
CUST03822,53,Male,Married,Graduate,Self-Employed,29,126366.0,8736.0,5,0,3595,4697,0,1,34525,0.22,607,0,0,2,185309,5450.0,0.68,0,0.52,719,B
CUST03823,52,Female,Married,High School,Salaried,7,67255.0,7014.0,2,40114,4974,3013,0,2,32050,0.07,179,0,0,2,195670,3762.0,0.59,1,0.67,707,B
CUST03824,28,Male,Married,Post-Graduate,Salaried,27,64267.0,4458.0,1,19238,2847,1911,0,5,15832,0.35,443,1,0,0,95927,1598.0,0.73,0,0.3,708,B
CUST03825,39,Male,Single,Post-Graduate,Business Owner,20,92656.0,4512.0,2,0,2339,736,2,2,40170,0.12,385,1,0,0,321808,3741.0,0.93,1,0.48,751,B
CUST03826,58,Female,Divorced,Graduate,Salaried,26,15000.0,0.0,4,28937,3998,3349,0,4,4778,0.14,53,2,0,3,29419,445.0,0.68,0,0.36,719,B
CUST03827,23,Female,Married,Graduate,Self-Employed,22,60608.0,6285.0,3,16022,2753,3878,0,5,23160,0.42,778,0,1,0,78071,757.0,0.83,1,0.15,726,B
CUST03828,25,Male,Single,High School,Salaried,29,72392.0,8148.0,3,47545,3039,3114,0,0,12123,0.43,417,0,1,3,228528,2539.0,0.63,2,0.42,666,C
CUST03829,33,Male,Married,Post-Graduate,Salaried,28,96732.0,1285.0,5,43947,2274,3047,1,3,38653,0.34,1051,0,0,3,220096,2019.0,,0,0.25,738,B
CUST03830,67,Male,Married,Post-Graduate,Salaried,14,102911.0,4530.0,1,33320,5454,806,1,2,13817,0.55,607,0,0,1,232101,2417.0,0.8,0,0.28,691,C
CUST03831,66,Male,Single,Doctorate,Self-Employed,10,108573.0,4469.0,4,0,3283,2650,1,0,40872,0.16,523,2,1,1,313806,4547.0,0.85,0,0.5,735,B
CUST03832,51,Female,Married,Post-Graduate,Self-Employed,20,66148.0,6391.0,4,16594,4767,1791,0,2,18932,0.13,196,3,0,2,261397,5125.0,0.59,0,0.93,655,C
CUST03833,36,Male,Single,Post-Graduate,Salaried,16,52898.0,5440.0,2,39038,3560,3234,1,3,10125,0.47,380,1,0,3,78589,,0.57,0,0.21,664,C
CUST03834,52,Female,Single,Post-Graduate,Salaried,6,76765.0,2264.0,5,32609,4680,1211,0,2,22427,0.22,394,2,0,3,163767,5647.0,0.87,0,0.88,694,C
CUST03835,42,Female,Married,Graduate,Unemployed,0,67016.0,9833.0,4,6164,4276,2414,0,4,29639,0.06,142,0,0,1,79389,882.0,0.63,0,0.16,765,B
CUST03836,49,Male,Single,Graduate,Salaried,6,24752.0,0.0,1,18433,4265,3399,1,0,4007,0.5,160,1,0,0,38408,573.0,0.83,0,0.28,688,C
CUST03837,42,Male,Married,Doctorate,Business Owner,22,79919.0,3181.0,4,28914,3697,1634,1,5,13414,0.25,268,0,0,0,19930,173.0,0.56,2,0.03,719,B
CUST03838,63,Male,Divorced,Post-Graduate,Unemployed,0,47552.0,1004.0,3,0,712,2052,0,5,14912,0.14,167,2,1,0,75830,648.0,0.73,0,0.16,748,B
CUST03839,23,Female,Single,Graduate,Unemployed,0,68166.0,6067.0,5,0,664,3544,0,0,23865,0.47,897,0,0,3,53194,1156.0,0.64,0,0.2,689,C
CUST03840,30,Female,Married,High School,Business Owner,10,66342.0,6393.0,2,56553,1461,4615,2,1,17784,0.25,355,3,0,1,161547,1357.0,0.66,0,0.25,695,C
CUST03841,62,Male,Married,Graduate,Salaried,10,139246.0,4649.0,1,15383,4764,3366,0,5,28762,0.05,115,0,0,4,23928,1139.0,0.55,0,0.1,769,B
CUST03842,41,Female,Married,Graduate,Unemployed,0,101983.0,1362.0,3,0,3975,2588,1,5,12939,0.36,372,0,0,1,52559,2919.0,,0,0.34,730,B
CUST03843,36,Female,Married,Graduate,Business Owner,22,94228.0,2202.0,4,9610,2503,1757,0,4,11299,0.43,388,2,0,2,202521,2066.0,0.79,1,0.26,697,C
CUST03844,32,Female,Single,Graduate,Business Owner,28,104159.0,7676.0,5,24876,5188,2226,0,2,12116,0.47,455,1,0,0,170603,3345.0,0.79,0,0.39,692,C
CUST03845,22,Male,Married,Graduate,Salaried,15,64619.0,4760.0,5,31928,4513,3290,0,1,29757,0.41,976,0,0,0,105658,1576.0,0.95,0,0.29,738,B
CUST03846,61,Male,Married,High School,Unemployed,0,37682.0,3635.0,1,10119,3791,1880,0,2,5748,0.17,78,1,0,3,81611,755.0,0.77,1,0.24,743,B
CUST03847,44,Female,Divorced,Post-Graduate,Business Owner,29,15000.0,2910.0,2,2046,4076,1953,1,4,3270,0.18,47,3,0,2,13879,157.0,0.81,0,0.13,739,B
CUST03848,55,Male,Single,Graduate,Business Owner,7,91227.0,4640.0,3,33066,3892,958,0,1,45098,0.43,1551,1,0,1,52591,4382.0,0.47,0,0.58,632,C
CUST03849,50,Male,Divorced,Graduate,Salaried,18,91619.0,6708.0,2,5829,1156,4922,2,3,43151,0.24,828,3,0,3,31615,1129.0,0.91,2,0.15,736,B
CUST03850,50,Male,Single,High School,Salaried,2,52202.0,4265.0,1,16204,3074,3661,0,0,6115,0.16,78,1,0,4,183666,,0.76,2,1.28,672,F
CUST03851,67,Male,Divorced,Graduate,Unemployed,0,55886.0,6298.0,1,30071,3818,2022,0,4,17911,0.35,501,3,1,0,173142,5092.0,0.86,0,1.09,648,C
CUST03852,55,Male,Married,Graduate,Self-Employed,26,50967.0,311.0,3,12711,2953,4127,0,4,18011,,547,3,0,4,75735,1377.0,0.91,0,0.32,711,B
CUST03853,39,Female,Married,Post-Graduate,Salaried,13,51026.0,8403.0,5,50095,1930,2968,0,2,6207,0.21,104,1,0,0,56206,551.0,0.64,0,0.13,733,B
CUST03854,28,Male,Married,Post-Graduate,Business Owner,11,59868.0,4886.0,5,7216,423,1396,0,3,23423,0.07,131,2,0,0,124312,1593.0,0.53,0,0.32,718,B
CUST03855,46,Male,Single,Graduate,Salaried,25,85082.0,2057.0,3,14480,1780,1849,0,3,42128,0.17,572,1,1,2,28874,902.0,0.77,1,0.13,759,B
CUST03856,69,Female,Single,Graduate,Salaried,19,106862.0,6322.0,2,14069,4388,1290,0,5,29039,0.35,813,1,0,2,392211,4172.0,0.81,0,0.47,710,B
CUST03857,60,Male,Single,Graduate,Salaried,29,74288.0,5542.0,3,10448,3841,2909,0,4,20783,0.33,548,1,1,3,171259,2594.0,0.94,0,0.42,733,B
CUST03858,27,Male,Single,Doctorate,Salaried,20,112990.0,1629.0,5,36272,624,5085,1,4,41098,0.14,460,0,1,2,420838,3970.0,0.54,1,0.42,710,C
CUST03859,50,Female,Single,Doctorate,Salaried,1,146142.0,4635.0,2,14773,4132,2492,0,0,57670,0.3,1384,0,0,0,552779,9061.0,0.61,1,0.74,672,C
CUST03860,27,Female,Married,Graduate,Salaried,17,86982.0,3446.0,4,62823,1036,1749,0,3,36176,,1070,2,0,1,189718,6542.0,0.74,1,0.9,642,C
CUST03861,23,Female,Married,Post-Graduate,Salaried,20,73153.0,1196.0,2,21521,2715,2299,1,4,9585,0.3,230,1,1,0,145615,1323.0,0.58,0,0.22,697,C
CUST03862,21,Female,Single,Post-Graduate,Self-Employed,18,15000.0,3735.0,5,23290,4221,4540,1,0,6304,0.09,45,0,0,1,18168,160.0,0.84,0,0.13,783,B
CUST03863,56,Male,Divorced,Post-Graduate,Unemployed,0,93121.0,1864.0,1,0,2513,3402,1,2,41497,0.31,1029,2,0,2,304953,8025.0,0.99,0,1.03,682,C
CUST03864,45,Female,Married,Post-Graduate,Self-Employed,13,76874.0,1330.0,2,11322,913,2699,2,3,9078,0.32,232,1,0,4,291125,,0.73,1,0.99,637,C
CUST03865,57,Male,Divorced,Doctorate,Salaried,4,77626.0,6491.0,2,30261,0,617,0,1,8977,,143,0,0,4,54812,517.0,0.83,0,0.08,779,B
CUST03866,21,Female,Married,Graduate,Salaried,19,68318.0,5917.0,1,28177,1581,2784,1,1,21886,0.36,630,0,1,2,214179,4867.0,0.69,0,0.85,653,C
CUST03867,35,Male,Single,Graduate,Business Owner,3,61956.0,4229.0,5,4076,2349,1626,1,4,18507,0.47,695,2,0,4,45310,,0.97,0,0.09,728,B
CUST03868,57,Female,Married,Post-Graduate,Unemployed,0,45029.0,0.0,4,13085,3596,4174,1,4,22156,0.72,1276,0,0,1,32191,894.0,0.75,0,0.24,650,C
CUST03869,33,Female,Married,Post-Graduate,Salaried,28,99226.0,4785.0,4,0,2099,1327,0,5,21607,0.24,414,2,0,4,104254,1579.0,0.7,0,0.19,730,B
CUST03870,60,Female,Single,Post-Graduate,Salaried,29,15000.0,7281.0,3,8137,2227,1498,2,0,5041,0.23,92,2,0,1,41508,436.0,0.45,0,0.35,659,C
CUST03871,28,Male,Single,Graduate,Self-Employed,6,88301.0,8632.0,4,45919,2224,3190,1,4,26726,0.27,577,0,0,2,24775,281.0,0.87,0,0.04,772,B
CUST03872,25,Male,Single,Graduate,Business Owner,22,29527.0,8052.0,4,23499,1932,2596,0,4,9280,0.45,334,1,1,2,37771,385.0,0.52,0,0.16,666,C
CUST03873,29,Female,Single,High School,Salaried,6,113372.0,1430.0,2,36835,5777,1530,0,0,41252,0.18,594,1,0,4,238040,2311.0,0.61,0,0.24,732,B
CUST03874,21,Female,Married,Graduate,Self-Employed,24,,2666.0,3,0,3378,1173,0,1,20483,0.26,426,1,0,0,207201,2918.0,0.49,0,0.54,666,C
CUST03875,56,Male,Married,Graduate,Self-Employed,8,91783.0,4500.0,4,21437,1578,4694,0,0,9433,0.28,211,2,0,3,122455,3950.0,0.88,1,0.52,714,B
CUST03876,55,Female,Single,Doctorate,Unemployed,0,80741.0,4769.0,2,18244,0,2396,0,5,35322,0.35,989,1,0,4,160857,5026.0,0.86,0,0.75,689,C
CUST03877,22,Female,Married,Graduate,Salaried,17,110840.0,5091.0,3,10667,3188,2626,0,5,20002,0.24,384,0,0,2,278981,5693.0,0.7,0,0.62,707,B
CUST03878,60,Male,Married,Post-Graduate,Unemployed,0,130349.0,8358.0,2,16540,5181,2632,0,3,25087,0.06,120,2,0,2,133654,1994.0,0.61,1,0.18,748,B
CUST03879,43,Female,Single,Graduate,Salaried,24,109781.0,5586.0,1,12092,3767,287,0,3,39432,0.46,1451,0,0,2,408342,5235.0,,1,0.57,693,C
CUST03880,29,Male,Single,Post-Graduate,Self-Employed,5,93558.0,8641.0,5,2511,6832,3522,1,4,27234,0.24,522,0,0,3,135390,1395.0,0.69,0,0.18,738,B
CUST03881,54,Male,Single,Graduate,Self-Employed,19,66486.0,2677.0,5,22017,2134,1746,0,4,21926,0.31,543,1,2,3,198771,1684.0,0.68,0,0.3,708,B
CUST03882,66,Male,Married,Post-Graduate,Salaried,11,89561.0,3831.0,5,33111,3792,1736,0,5,26778,0.18,385,1,1,0,239010,3677.0,0.43,1,0.49,674,C
CUST03883,34,Female,Single,Graduate,Self-Employed,10,105857.0,3726.0,4,8272,749,2561,2,1,28279,0.32,723,0,1,3,271731,6038.0,0.73,0,0.68,681,C
CUST03884,24,Female,Married,Graduate,Salaried,3,63419.0,4831.0,5,8962,356,0,0,1,18602,0.39,580,4,0,2,103599,4933.0,0.58,0,0.93,599,D
CUST03885,50,Male,Married,Graduate,Salaried,22,77048.0,930.0,5,32091,2727,394,0,2,12052,0.4,385,1,0,4,266755,4373.0,0.78,0,0.68,673,C
CUST03886,51,Female,Married,Graduate,Salaried,24,52126.0,10764.0,3,20732,4747,3508,0,3,25423,0.29,589,7,0,3,163431,5836.0,0.78,0,1.34,616,C
CUST03887,58,Female,Single,Doctorate,Self-Employed,10,101008.0,,3,14768,5524,3293,0,3,33322,0.09,239,2,0,2,227838,2423.0,0.71,0,0.29,749,B
CUST03888,31,Female,Single,Post-Graduate,Salaried,2,90039.0,1569.0,3,21478,3083,1540,0,5,19333,0.37,572,0,0,4,112755,1588.0,0.72,2,0.21,711,B
CUST03889,55,Male,Married,Doctorate,Unemployed,0,36886.0,1738.0,4,50923,1643,3837,0,2,14206,0.48,545,1,0,3,82489,1031.0,0.57,1,0.34,648,C
CUST03890,28,Female,Divorced,Post-Graduate,Salaried,9,85137.0,5240.0,5,37245,0,4125,0,2,38485,0.24,738,0,0,3,29546,369.0,0.85,2,0.05,768,B
CUST03891,23,Male,Married,Doctorate,Salaried,5,69136.0,6776.0,4,45857,2095,877,0,3,15112,0.38,459,1,0,1,149822,3329.0,0.73,1,0.58,673,F
CUST03892,34,Male,Married,Post-Graduate,Salaried,21,78815.0,7819.0,4,31036,2917,2907,0,4,18112,0.53,767,0,0,3,220493,3801.0,,0,0.58,652,C
CUST03893,33,Male,Married,Graduate,Self-Employed,17,53994.0,5141.0,4,8562,2119,1869,2,3,14870,0.76,904,2,0,3,198954,4521.0,0.91,0,1.0,579,D
CUST03894,65,Male,Married,Graduate,Salaried,6,114526.0,6829.0,4,13370,290,0,0,2,21406,0.35,599,0,2,0,328968,12652.0,0.67,0,1.33,649,C
CUST03895,52,Female,Divorced,Graduate,Salaried,29,55348.0,6020.0,4,8657,2983,913,1,1,23462,0.3,563,2,0,2,51883,751.0,0.59,0,0.16,695,C
CUST03896,54,Male,Single,High School,Salaried,11,138766.0,4684.0,4,29340,2458,2933,2,0,46302,0.24,888,3,1,1,28702,2207.0,0.7,0,0.19,717,B
CUST03897,65,Female,Divorced,High School,Salaried,27,79492.0,3978.0,5,15442,3666,1394,1,1,9763,0.5,390,4,0,3,90766,1354.0,0.74,1,0.2,660,C
CUST03898,39,Male,Married,High School,Business Owner,5,66193.0,5081.0,3,7495,1752,3824,0,5,33009,0.54,1425,1,0,2,105101,,0.45,0,0.41,622,B
CUST03899,58,Male,Married,Post-Graduate,Self-Employed,7,88468.0,4652.0,2,18294,2411,2722,0,1,29193,0.25,583,1,0,3,5009,51.0,0.52,0,0.01,723,B
CUST03900,36,Female,Single,Graduate,Salaried,7,84273.0,4981.0,2,0,2991,5046,0,2,38426,,614,2,0,0,318895,18758.0,0.86,0,2.0,686,C
CUST03901,22,Female,Married,Graduate,Salaried,4,134388.0,6348.0,2,35131,3518,571,2,3,40403,0.45,1454,0,0,0,314664,8280.0,0.74,0,0.74,658,C
CUST03902,60,Male,Married,Post-Graduate,Business Owner,21,88939.0,,1,5504,2242,4547,1,5,29614,0.29,687,1,0,2,336225,2873.0,0.87,0,0.39,729,B
CUST03903,37,Male,Single,Post-Graduate,Salaried,10,19368.0,1986.0,3,33687,1807,3789,2,2,5457,0.12,52,1,0,4,26919,238.0,0.69,0,0.15,741,B
CUST03904,54,Male,Single,Doctorate,Unemployed,0,55969.0,5284.0,5,26989,1304,2307,0,2,15061,0.41,494,1,1,3,160667,4016.0,,0,0.86,660,C
CUST03905,62,Male,Divorced,Graduate,Salaried,18,99309.0,6055.0,4,28640,3073,4238,0,5,18602,0.27,401,1,0,4,254940,2801.0,0.73,0,0.34,723,B
CUST03906,36,Female,Married,Graduate,Salaried,1,69786.0,3886.0,2,2817,2375,2357,1,5,33835,0.12,324,2,0,2,68240,620.0,0.81,0,0.11,766,B
CUST03907,58,Female,Married,Graduate,Self-Employed,14,59937.0,8239.0,3,20995,5495,4392,0,5,10351,0.04,33,0,0,1,65593,886.0,0.87,0,0.18,802,A
CUST03908,22,Male,Single,Graduate,Business Owner,6,54886.0,3541.0,5,12218,2664,1509,1,4,17045,0.05,68,0,0,1,88684,1705.0,0.8,1,0.37,762,B
CUST03909,22,Female,Married,Graduate,Salaried,11,47400.0,7023.0,2,0,3157,2697,1,5,6391,0.35,178,0,0,3,36858,695.0,0.34,0,0.18,660,C
CUST03910,46,Female,Married,Graduate,Salaried,14,82637.0,,3,41540,4339,2373,1,4,41099,0.09,295,1,1,3,108955,,0.84,0,0.2,777,B
CUST03911,33,Male,Married,Doctorate,Salaried,20,55046.0,6193.0,5,18571,4525,952,0,0,17739,0.39,553,2,0,1,125755,,0.7,0,0.37,681,C
CUST03912,67,Male,Married,High School,Unemployed,0,115343.0,4471.0,3,13241,2281,1436,1,4,49116,0.3,1178,1,0,0,112473,1031.0,0.63,0,0.11,720,B
CUST03913,51,Female,Married,High School,Self-Employed,26,50132.0,6442.0,4,40609,5770,2761,1,0,16301,0.07,91,2,1,3,57570,487.0,0.93,0,0.12,790,B
CUST03914,54,Female,Married,High School,Salaried,3,35928.0,3808.0,3,34505,6144,2277,1,1,15161,0.28,339,0,0,2,128776,1110.0,0.96,0,0.37,747,B
CUST03915,59,Male,Single,Post-Graduate,Salaried,16,74429.0,2873.0,3,69554,2443,2880,1,1,23353,0.56,1046,1,0,3,140449,1923.0,0.57,0,0.31,641,C
CUST03916,23,Male,Divorced,Graduate,Salaried,16,15000.0,6098.0,1,5725,2954,1480,0,2,4169,0.28,93,1,0,2,42502,944.0,0.66,0,0.76,662,C
CUST03917,28,Male,Married,Graduate,Salaried,7,15000.0,7249.0,4,11456,3421,1262,2,1,4235,0.38,128,1,0,1,16167,449.0,0.52,0,0.36,649,C
CUST03918,43,Female,Single,High School,Salaried,8,93739.0,5288.0,3,49097,1789,1831,1,4,9461,0.59,446,0,1,3,223444,2169.0,0.89,0,0.28,696,C
CUST03919,34,Male,Married,Graduate,Self-Employed,27,76640.0,6676.0,4,7157,2858,2796,0,4,19026,0.33,502,3,0,0,209510,4275.0,0.84,1,0.67,676,C
CUST03920,47,Male,Married,High School,Salaried,28,15000.0,11918.0,3,9037,1459,2247,2,4,7211,0.06,34,0,0,2,18200,319.0,0.91,0,0.26,782,B
CUST03921,49,Female,Single,Graduate,Salaried,4,77724.0,8660.0,4,18781,2846,1985,0,3,28775,0.41,943,0,1,0,136050,1162.0,0.91,0,0.18,744,B
CUST03922,59,Female,Single,High School,Self-Employed,12,66247.0,3305.0,5,44726,2708,3311,2,4,30985,0.07,173,0,0,2,223322,9305.0,0.73,0,1.69,693,C
CUST03923,59,Female,Married,Post-Graduate,Salaried,12,29302.0,5555.0,2,12044,3505,3035,1,5,5277,0.09,37,0,0,4,82494,3437.0,0.94,0,1.41,721,B
CUST03924,21,Male,Single,Graduate,Salaried,10,96936.0,5906.0,1,54164,3734,3043,0,2,28738,0.36,827,0,0,0,346646,6932.0,0.92,0,0.86,695,C
CUST03925,37,Male,Married,Post-Graduate,Salaried,12,120554.0,2478.0,2,19801,2871,2408,1,2,13718,0.51,559,1,0,0,89249,1293.0,0.51,0,0.13,663,C
CUST03926,61,Male,Single,Graduate,Salaried,11,132749.0,6846.0,3,40120,4884,1642,0,1,49226,0.24,945,2,1,0,357427,3249.0,0.66,0,0.29,719,B
CUST03927,50,Male,Married,Graduate,Business Owner,11,84806.0,2732.0,3,14885,1532,991,1,0,35076,0.32,897,3,0,0,5230,67.0,0.85,0,0.01,740,B
CUST03928,33,Female,Single,High School,Self-Employed,15,75672.0,7018.0,5,5374,2370,2111,1,5,30202,0.42,1014,1,2,0,72941,1122.0,0.3,0,0.18,638,C
CUST03929,41,Male,Single,Graduate,Salaried,6,128225.0,10799.0,3,28602,1898,2633,0,5,17272,0.26,359,1,1,1,30048,270.0,0.69,1,0.03,745,B
CUST03930,39,Male,Divorced,Graduate,Salaried,29,82570.0,4621.0,4,0,5224,3544,1,5,16432,0.29,381,0,0,3,249977,3905.0,0.89,0,0.57,723,B
CUST03931,39,Male,Married,Graduate,Salaried,27,64780.0,6311.0,2,0,2673,2155,1,3,23471,0.16,300,3,0,0,130922,2111.0,0.84,3,0.39,715,B
CUST03932,45,Male,Married,Post-Graduate,Self-Employed,11,55321.0,5875.0,3,30601,2691,1080,0,0,22327,0.2,357,2,1,4,111560,2789.0,0.72,0,0.6,697,C
CUST03933,42,Female,Single,Post-Graduate,Self-Employed,2,91612.0,2198.0,5,11411,4921,873,0,3,19209,0.14,215,1,0,2,148903,1535.0,0.44,0,0.2,714,D
CUST03934,51,Male,Married,Post-Graduate,Salaried,24,25900.0,2790.0,1,0,677,2746,0,5,6798,0.27,146,0,0,1,5929,72.0,0.7,0,0.03,745,B
CUST03935,37,Male,Married,High School,Salaried,22,,6077.0,2,11000,1430,3458,0,2,26404,0.52,1098,0,0,3,334689,4584.0,0.35,0,0.5,615,C
CUST03936,43,Male,Divorced,Graduate,Salaried,27,33277.0,5393.0,5,28425,2778,911,0,2,3388,0.32,86,1,1,1,95430,5964.0,0.91,0,2.0,673,C
CUST03937,52,Male,Divorced,High School,Self-Employed,9,49566.0,4599.0,5,5890,2126,3887,0,3,16386,0.14,183,1,0,1,141945,2289.0,0.84,0,0.55,738,B
CUST03938,30,Male,Married,Post-Graduate,Business Owner,11,84275.0,7796.0,2,0,4296,1118,1,1,30983,0.27,669,1,0,4,335155,4654.0,0.79,0,0.66,696,C
CUST03939,30,Female,Married,Graduate,Unemployed,0,,6398.0,5,17593,844,1645,0,4,26820,0.31,665,2,0,3,427107,3619.0,0.78,0,0.34,719,B
CUST03940,56,Female,Married,High School,Salaried,13,66941.0,11611.0,1,25378,3870,3729,0,4,25110,0.24,482,2,1,4,71459,1458.0,0.92,1,0.26,747,B
CUST03941,28,Female,Married,Post-Graduate,Self-Employed,13,43475.0,2214.0,1,32172,1494,1920,0,0,8568,0.1,68,0,0,4,25324,1205.0,0.8,0,0.33,765,B
CUST03942,40,Female,Single,Graduate,Self-Employed,22,,3798.0,3,35335,3386,2328,2,2,41333,0.36,1190,2,0,3,192504,2532.0,0.91,0,0.28,722,B
CUST03943,52,Female,Single,Graduate,Unemployed,0,61772.0,9359.0,4,17618,4319,2974,0,4,17473,0.29,405,0,0,1,205788,10830.0,0.98,2,2.0,690,C
CUST03944,34,Female,Single,High School,Salaried,28,24624.0,10064.0,3,48505,5805,3931,1,2,11050,0.19,167,2,0,1,15591,160.0,0.92,0,0.08,767,B
CUST03945,48,Male,Single,Graduate,Self-Employed,18,93183.0,2422.0,4,18153,745,2394,0,5,29622,0.19,450,2,0,1,289199,2981.0,0.84,1,0.38,737,B
CUST03946,66,Male,Single,Doctorate,Salaried,21,68333.0,3832.0,2,16601,3153,2632,0,2,11880,0.2,190,2,0,4,256763,3721.0,0.86,1,0.65,711,B
CUST03947,44,Male,Married,Graduate,Self-Employed,25,67680.0,4463.0,5,15656,4427,2296,0,2,29021,0.11,255,2,0,3,37530,417.0,0.75,0,0.07,767,B
CUST03948,35,Female,Married,Doctorate,Salaried,1,97111.0,9225.0,3,22138,3104,828,0,4,39919,0.27,862,1,0,1,265341,2327.0,0.77,2,0.29,723,B
CUST03949,42,Female,Married,High School,Business Owner,20,99830.0,4593.0,5,27629,3571,4041,0,4,13346,0.23,245,1,0,2,85813,2093.0,0.89,1,0.25,757,B
CUST03950,50,Female,Single,Graduate,Business Owner,10,52454.0,4490.0,3,40937,1949,0,0,5,6253,0.3,150,0,1,4,208906,7203.0,0.65,1,1.65,643,C
CUST03951,24,Male,Single,Post-Graduate,Salaried,26,78670.0,4206.0,3,11883,2512,2862,1,4,12155,0.13,126,2,0,0,280497,3462.0,0.66,0,0.53,705,B
CUST03952,33,Female,Married,Graduate,Self-Employed,19,28251.0,5326.0,1,7961,1835,3876,2,3,12377,0.37,366,0,1,1,41967,1824.0,0.8,1,0.77,660,C
CUST03953,43,Male,Single,High School,Salaried,17,67286.0,6030.0,4,22115,3910,4059,1,4,15351,0.42,515,3,0,4,11806,103.0,0.81,1,0.02,708,B
CUST03954,28,Male,Married,Graduate,Salaried,1,48673.0,10635.0,2,13430,5778,1504,0,2,14694,0.34,399,1,0,3,8789,114.0,0.72,2,0.03,720,B
CUST03955,38,Male,Divorced,Graduate,Salaried,1,68690.0,9392.0,5,3189,3235,2978,0,5,23436,0.54,1012,1,0,3,135303,1670.0,0.89,2,0.29,689,C
CUST03956,32,Male,Single,Post-Graduate,Salaried,17,62710.0,1754.0,3,38061,3090,1458,0,2,24920,0.33,657,0,1,0,240191,3584.0,0.85,0,0.69,701,B
CUST03957,51,Male,Single,Post-Graduate,Business Owner,15,69544.0,4437.0,5,37587,0,1674,0,5,30041,0.44,1057,3,0,1,235409,2426.0,0.9,0,0.42,692,C
CUST03958,34,Male,Married,Post-Graduate,Salaried,29,24857.0,5061.0,1,0,2895,3871,0,0,7614,0.39,237,2,0,0,47610,865.0,0.76,0,0.42,682,C
CUST03959,54,Male,Divorced,Post-Graduate,Self-Employed,2,35461.0,3668.0,2,17955,3851,2593,3,1,9443,0.4,302,2,0,3,30709,2047.0,0.79,0,0.69,646,C
CUST03960,38,Female,Married,Graduate,Business Owner,11,68496.0,,4,28655,520,2813,1,3,12218,0.41,400,1,0,1,18173,279.0,0.81,1,0.05,722,B
CUST03961,54,Female,Divorced,Graduate,Unemployed,0,119832.0,9045.0,4,48829,3243,3528,1,5,41103,0.18,591,1,1,2,184503,7096.0,0.78,0,0.71,711,B
CUST03962,31,Female,Single,Post-Graduate,Business Owner,2,96960.0,3560.0,3,19068,2977,3782,0,0,31022,0.75,1861,2,0,2,316625,6596.0,,1,0.82,568,D
CUST03963,61,Male,Divorced,Doctorate,Salaried,20,88019.0,5036.0,2,32946,0,2282,1,5,19052,0.59,899,0,0,2,170794,3881.0,0.74,0,0.53,651,C
CUST03964,32,Female,Single,High School,Business Owner,9,57136.0,7691.0,4,14465,3626,503,0,3,15911,0.38,483,1,0,0,108336,2642.0,0.61,1,0.55,656,C
CUST03965,69,Female,Single,Graduate,Salaried,19,46663.0,8205.0,2,26808,2363,2145,0,3,18472,0.23,339,1,1,1,88837,1269.0,0.94,0,0.33,756,B
CUST03966,35,Male,Divorced,Graduate,Unemployed,0,93740.0,3488.0,5,33523,3189,3242,0,2,32886,0.28,736,3,0,2,79234,683.0,0.79,0,0.09,737,B
CUST03967,51,Male,Divorced,Graduate,Self-Employed,16,40050.0,6434.0,1,25233,3478,621,0,2,11722,0.27,253,0,0,0,129994,4482.0,0.79,0,1.34,672,C
CUST03968,69,Male,Single,Graduate,Business Owner,20,123957.0,2920.0,2,20399,1862,1908,0,2,25897,,41,3,1,1,373468,,0.36,0,0.71,667,C
CUST03969,49,Male,Single,Graduate,Salaried,9,73697.0,8169.0,2,34514,3516,2009,1,2,27061,0.16,346,1,0,3,88159,3526.0,0.88,0,0.57,736,B
CUST03970,46,Female,Single,High School,Self-Employed,20,135437.0,2817.0,4,40509,2238,2784,0,0,47546,0.18,684,2,0,2,99548,843.0,0.98,0,0.07,798,B
CUST03971,38,Female,Single,Post-Graduate,Business Owner,28,126100.0,5336.0,3,22260,3208,1733,1,1,35723,0.14,400,1,0,2,397906,7368.0,0.85,0,0.7,730,B
CUST03972,52,Male,Single,Post-Graduate,Business Owner,21,87639.0,3574.0,3,35490,2028,2553,1,1,17125,0.29,397,1,0,0,342596,3606.0,0.54,1,0.49,666,C
CUST03973,42,Female,Divorced,Doctorate,Salaried,4,86450.0,2051.0,5,11582,4619,1121,1,5,14692,0.35,411,1,0,0,48005,432.0,0.81,0,0.06,739,B
CUST03974,58,Female,Married,High School,Unemployed,0,,3288.0,4,14026,4034,3072,0,0,13119,0.15,157,2,1,2,35465,369.0,0.9,0,0.08,780,B
CUST03975,37,Female,Married,Graduate,Salaried,24,114660.0,3962.0,4,43523,2486,3011,1,1,53143,0.17,722,1,0,3,270723,5640.0,0.97,0,0.59,751,B
CUST03976,43,Male,Married,Graduate,Self-Employed,13,63558.0,8744.0,1,0,4055,6535,0,5,25522,0.09,183,1,0,0,122718,3146.0,0.5,0,0.59,694,C
CUST03977,44,Female,Married,Graduate,Self-Employed,15,24347.0,3586.0,3,16424,2374,1291,0,4,11112,0.04,35,2,0,0,14802,528.0,0.71,0,0.26,752,B
CUST03978,28,Male,Married,Graduate,Salaried,20,109617.0,5216.0,4,23249,3326,2003,0,4,47906,0.09,344,0,0,2,263092,2391.0,0.71,0,0.26,768,B
CUST03979,61,Female,Married,Post-Graduate,Salaried,2,91372.0,2981.0,5,2550,1728,4073,0,4,25908,0.11,227,0,1,0,8371,288.0,0.92,1,0.04,809,A
CUST03980,26,Male,Single,High School,Business Owner,28,59551.0,7762.0,1,36144,4446,583,0,2,18590,0.26,386,0,0,2,117472,3174.0,0.76,2,0.64,695,C
CUST03981,25,Male,Married,Doctorate,Salaried,20,82948.0,8168.0,3,19279,2818,5797,0,4,13921,0.28,311,1,0,2,38467,754.0,0.87,0,0.11,761,B
CUST03982,64,Female,Married,Post-Graduate,Salaried,18,75981.0,7352.0,3,30699,1988,1904,0,5,29507,0.7,1652,0,0,1,115515,1100.0,0.48,0,0.17,628,D
CUST03983,49,Male,Married,Post-Graduate,Business Owner,25,119346.0,3937.0,3,42642,3343,661,0,3,32077,0.79,2027,2,1,0,469307,6016.0,0.49,1,0.6,560,D
CUST03984,48,Male,Divorced,Post-Graduate,Business Owner,27,44791.0,3006.0,1,38462,388,3018,2,3,7368,0.74,436,2,1,2,65967,,0.41,0,0.24,575,D
CUST03985,31,Male,Married,Graduate,Self-Employed,24,119700.0,2235.0,5,14787,1485,2566,1,5,16535,0.3,396,2,0,0,167190,1562.0,0.99,0,0.16,763,B
CUST03986,21,Female,Married,Post-Graduate,Salaried,9,114904.0,7306.0,5,2939,2558,1303,1,0,43485,0.42,1461,1,0,4,199563,3563.0,0.5,0,0.37,655,C
CUST03987,63,Male,Single,Graduate,Salaried,20,55785.0,3620.0,4,13941,3189,1705,1,3,16338,0.26,339,1,2,4,123230,4739.0,0.86,0,1.02,674,C
CUST03988,39,Female,Married,Post-Graduate,Self-Employed,1,87617.0,7553.0,4,22350,3174,3314,0,5,9076,0.39,283,2,0,4,3512,43.0,0.24,0,0.01,648,C
CUST03989,29,Male,Married,High School,Self-Employed,3,,2435.0,3,0,2188,924,0,5,39298,0.13,408,1,0,1,298538,2955.0,0.72,1,0.39,736,B
CUST03990,47,Male,Single,Graduate,Self-Employed,23,164359.0,4374.0,2,43814,3877,3286,0,0,57161,0.22,1006,1,1,1,195382,1826.0,0.86,0,0.13,778,B
CUST03991,54,Male,Married,Graduate,Business Owner,17,51578.0,3633.0,4,21820,1153,1701,1,1,5949,0.35,166,1,0,4,174731,2912.0,0.68,0,0.68,659,C
CUST03992,64,Male,Married,Graduate,Salaried,11,17235.0,2855.0,5,16493,2598,5662,1,3,3823,0.26,79,2,1,3,9691,190.0,0.74,1,0.13,717,B
CUST03993,24,Male,Single,Graduate,Salaried,24,15000.0,0.0,3,0,4595,4337,1,5,5834,0.07,32,0,1,0,25846,374.0,0.62,0,0.3,738,B
CUST03994,56,Male,Divorced,Graduate,Unemployed,0,81334.0,1028.0,5,20196,3864,963,1,5,10053,0.19,152,0,0,1,321404,5638.0,0.8,0,0.83,704,B
CUST03995,38,Female,Single,Post-Graduate,Self-Employed,8,105742.0,8384.0,3,21437,4911,2012,0,3,41715,0.47,1568,0,0,2,81536,,0.74,0,0.09,719,B
CUST03996,35,Female,Divorced,Graduate,Self-Employed,21,48312.0,2491.0,1,7416,6379,3572,0,0,14588,0.31,361,0,0,0,98929,1766.0,0.89,1,0.44,727,B
CUST03997,33,Male,Married,Graduate,Unemployed,0,69262.0,7009.0,4,24464,2081,0,1,3,28615,0.5,1144,1,0,2,89107,928.0,0.8,0,0.16,699,C
CUST03998,39,Male,Single,Graduate,Unemployed,0,61714.0,5045.0,1,18060,3511,1399,0,0,27283,0.16,349,1,0,3,159827,2959.0,0.42,0,0.58,670,C
CUST03999,69,Female,Married,Graduate,Self-Employed,28,40708.0,3966.0,4,0,1783,1922,1,3,16572,0.28,371,0,2,1,11734,139.0,0.58,0,0.04,721,B
CUST04000,26,Male,Married,Graduate,Salaried,13,93099.0,3728.0,5,30252,1352,664,0,5,12217,0.12,117,0,0,2,299900,8105.0,0.86,2,1.04,707,B
CUST04001,68,Male,Married,Post-Graduate,Unemployed,0,22598.0,4753.0,5,57061,3647,2518,1,2,6421,0.12,61,1,0,4,57630,588.0,0.81,1,0.31,745,B
CUST04002,32,Female,Married,High School,Self-Employed,25,94142.0,6998.0,2,46854,3044,1999,0,1,21416,0.3,513,4,0,1,327023,8838.0,0.87,0,1.13,656,C
CUST04003,57,Female,Married,Graduate,Salaried,20,62093.0,1316.0,5,27375,2400,1494,1,3,18838,0.2,301,0,0,2,188885,1816.0,0.6,0,0.35,713,D
CUST04004,37,Female,Married,Graduate,Self-Employed,25,104537.0,4802.0,3,24158,3860,4177,0,5,50838,0.41,1667,0,1,1,57185,1039.0,0.6,0,0.12,706,B
CUST04005,43,Male,Divorced,Graduate,Salaried,17,80176.0,6153.0,2,0,2455,3515,0,1,12007,0.38,365,1,1,2,278566,,0.9,0,0.48,713,B
CUST04006,46,Male,Single,Graduate,Business Owner,12,28493.0,7232.0,3,23774,742,3498,0,3,12714,0.24,244,0,0,4,44600,464.0,0.76,0,0.2,744,B
CUST04007,49,Female,Married,Post-Graduate,Salaried,27,84380.0,8030.0,2,15596,4016,2537,1,3,41881,0.08,268,0,1,4,165534,2236.0,0.79,0,0.32,768,B
CUST04008,53,Male,Single,Graduate,Business Owner,19,63511.0,4449.0,3,0,1972,2898,1,2,31502,0.04,100,1,0,2,15364,1024.0,0.67,0,0.19,759,B
CUST04009,47,Male,Married,Graduate,Business Owner,20,107791.0,795.0,2,14350,4126,4557,1,4,45129,0.52,1877,2,2,2,97811,873.0,0.82,1,0.1,696,C
CUST04010,45,Male,Married,Graduate,Business Owner,11,96822.0,6218.0,4,11381,3541,1085,2,4,27713,0.26,576,0,1,1,112633,6625.0,0.82,0,0.82,692,C
CUST04011,30,Male,Single,Graduate,Self-Employed,10,109313.0,4642.0,4,0,0,1269,1,1,18714,0.1,149,1,2,2,352080,11736.0,0.65,0,1.29,678,C
CUST04012,67,Female,Single,Post-Graduate,Business Owner,17,64642.0,8614.0,2,18477,2558,3821,0,1,22190,0.64,1136,0,0,4,122831,2081.0,0.6,0,0.39,635,C
CUST04013,43,Female,Single,Graduate,Salaried,28,47517.0,5600.0,1,0,1584,3146,0,2,16352,0.48,627,0,0,2,69177,617.0,0.76,0,0.16,707,B
CUST04014,41,Female,Married,Graduate,Salaried,22,74562.0,8644.0,2,26072,4391,1810,0,0,16893,0.39,527,1,0,1,282925,17682.0,0.82,1,2.0,647,C
CUST04015,41,Male,Married,Post-Graduate,Business Owner,13,96992.0,3423.0,1,28373,2147,3041,1,1,33629,0.33,887,1,1,1,92021,1394.0,0.76,2,0.17,716,B
CUST04016,63,Male,Divorced,Graduate,Salaried,16,46243.0,8643.0,3,0,4274,1139,1,4,6780,0.14,75,3,0,2,89111,2227.0,0.8,1,0.58,703,B
CUST04017,33,Male,Married,Post-Graduate,Salaried,20,84262.0,,2,13820,3097,2984,2,2,29795,0.17,405,1,0,3,87210,2907.0,0.53,0,0.41,693,C
CUST04018,57,Male,Single,Graduate,Salaried,20,86280.0,6253.0,1,12973,2135,1685,1,0,39575,0.11,348,0,0,0,80804,973.0,0.81,0,0.14,782,B
CUST04019,53,Female,Divorced,Graduate,Salaried,17,116260.0,0.0,2,16459,3751,4335,0,5,33578,0.53,1423,1,0,4,412133,22896.0,0.91,0,2.0,646,C
CUST04020,44,Male,Married,Post-Graduate,Business Owner,5,43731.0,8331.0,4,0,4326,2881,0,2,17747,0.47,667,1,1,1,98453,4102.0,0.83,0,1.13,635,C
CUST04021,64,Male,Married,Post-Graduate,Self-Employed,9,89773.0,4448.0,4,25787,1227,2517,0,4,31802,0.31,788,0,0,1,28,0.0,0.98,1,0.0,785,B
CUST04022,31,Male,Single,Graduate,Salaried,22,60242.0,6485.0,2,42782,704,2159,1,5,6098,0.39,190,2,0,3,35550,515.0,0.34,0,0.1,647,C
CUST04023,37,Female,Married,Post-Graduate,Business Owner,24,52344.0,4015.0,2,42746,2882,2867,2,2,7788,0.35,218,1,0,3,184342,1755.0,0.78,1,0.4,690,C
CUST04024,24,Male,Divorced,Graduate,Salaried,27,133272.0,8456.0,5,33644,2394,3526,0,3,54632,0.14,611,0,1,1,33166,625.0,0.62,0,0.06,767,B
CUST04025,67,Male,Married,Graduate,Business Owner,4,88359.0,5680.0,4,0,3721,2169,0,4,10265,0.23,188,3,0,2,315765,2896.0,0.46,2,0.39,659,C
CUST04026,45,Male,Single,High School,Salaried,9,121108.0,5441.0,3,10561,4186,4866,1,0,58434,0.29,1355,2,1,2,99552,3318.0,0.71,1,0.33,702,B
CUST04027,50,Female,Married,High School,Self-Employed,16,52588.0,10680.0,2,27553,506,2312,1,2,24065,0.81,1559,2,0,4,206483,2294.0,0.79,1,0.52,595,D
CUST04028,29,Male,Divorced,Post-Graduate,Salaried,7,125297.0,0.0,5,26911,2437,3162,2,4,30691,0.64,1571,0,1,0,312456,19528.0,0.34,0,1.87,539,D
CUST04029,41,Female,Single,High School,Salaried,14,62771.0,3770.0,2,37419,661,2913,0,4,14070,0.07,78,2,0,3,246299,15393.0,0.72,0,2.0,686,C
CUST04030,40,Female,Married,High School,Business Owner,14,98850.0,4531.0,4,16062,963,0,3,0,34120,0.13,354,1,1,1,204095,8503.0,0.4,0,1.03,624,C
CUST04031,39,Male,Divorced,Post-Graduate,Salaried,7,,2515.0,1,1699,479,3739,0,4,16079,0.21,270,2,0,4,146139,2865.0,0.71,0,0.74,681,C
CUST04032,39,Female,Single,High School,Unemployed,0,42812.0,5995.0,1,27954,2428,5347,0,0,5805,0.45,208,1,0,4,46919,679.0,0.48,0,0.19,659,C
CUST04033,32,Male,Married,Graduate,Self-Employed,16,74202.0,984.0,4,12853,627,2988,0,4,13813,0.51,563,1,0,0,46268,734.0,0.69,0,0.12,690,B
CUST04034,57,Female,Married,Graduate,Salaried,18,121469.0,1105.0,3,40920,2000,2965,1,2,43071,0.13,447,0,0,3,50938,1039.0,,1,0.1,741,B
CUST04035,62,Male,Married,Graduate,Self-Employed,28,112914.0,6310.0,5,30082,1699,2816,0,0,47458,0.17,645,1,0,2,149932,2026.0,0.78,1,0.22,756,B
CUST04036,37,Male,Married,Post-Graduate,Salaried,6,79239.0,2256.0,2,14460,2485,1287,2,0,14009,0.21,235,1,0,2,122304,2496.0,0.77,0,0.38,723,B
CUST04037,57,Male,Single,Graduate,Self-Employed,7,65306.0,6535.0,2,22525,2998,2552,1,4,24866,0.37,736,2,0,3,83594,1161.0,0.6,0,0.21,680,C
CUST04038,68,Male,Married,Graduate,Unemployed,0,84553.0,3204.0,2,36743,2881,2757,0,5,37895,0.32,970,1,0,4,324995,14130.0,0.51,0,2.0,620,C
CUST04039,59,Female,Single,Post-Graduate,Salaried,8,43437.0,2486.0,5,27953,1160,3463,0,3,6390,0.22,112,1,0,4,24197,456.0,0.65,0,0.13,732,B
CUST04040,48,Male,Married,Graduate,Self-Employed,1,79200.0,2037.0,5,22071,2941,3001,0,5,21830,0.29,506,0,0,4,63829,1046.0,0.66,0,0.16,730,A
CUST04041,61,Female,Single,Graduate,Salaried,17,76419.0,,4,23779,2362,3154,0,5,33641,0.18,484,0,0,1,62336,5194.0,0.69,1,0.82,689,C
CUST04042,55,Male,Single,Post-Graduate,Self-Employed,26,76552.0,3714.0,5,15425,3687,2030,3,0,19004,0.43,653,3,0,2,224160,2075.0,0.69,0,0.33,656,C
CUST04043,67,Female,Divorced,Graduate,Salaried,19,88933.0,2606.0,2,26185,1999,3873,1,3,18478,0.73,1079,3,0,1,237340,3164.0,0.91,0,0.43,638,C
CUST04044,68,Male,Married,Graduate,Salaried,22,98761.0,4625.0,2,20339,3873,4242,0,5,39331,0.51,1604,3,0,0,69981,728.0,0.91,1,0.09,709,B
CUST04045,38,Male,Divorced,High School,Unemployed,0,15000.0,0.0,5,4445,1534,2868,0,1,3904,0.16,49,2,1,2,1553,103.0,0.77,1,0.08,749,B
CUST04046,34,Male,Single,Graduate,Salaried,18,50073.0,2458.0,5,26417,1607,2932,1,2,19154,0.51,781,1,1,3,7927,660.0,0.42,1,0.16,633,C
CUST04047,55,Female,Married,High School,Self-Employed,6,55333.0,8747.0,4,28267,2835,1726,0,3,8330,0.55,366,1,0,4,53839,489.0,0.64,0,0.11,674,C
CUST04048,64,Male,Single,Graduate,Self-Employed,28,70249.0,1227.0,1,35105,413,3227,0,5,22578,0.05,90,3,1,0,212371,4007.0,0.87,2,0.68,724,B
CUST04049,61,Male,Married,Post-Graduate,Self-Employed,21,72892.0,,5,0,1678,2490,1,5,18353,0.48,704,2,0,3,261465,7470.0,0.49,0,1.23,574,D
CUST04050,27,Male,Married,Graduate,Self-Employed,6,94025.0,8717.0,1,24013,4718,1946,2,2,46911,0.4,1501,0,0,1,339553,10611.0,0.76,1,1.35,636,C
CUST04051,61,Female,Single,Graduate,Self-Employed,1,84660.0,4877.0,3,14181,3999,2119,0,0,28492,0.23,524,0,0,1,146388,3049.0,0.79,0,0.43,737,B
CUST04052,33,Male,Divorced,Post-Graduate,Salaried,10,110947.0,0.0,1,28578,2421,2667,0,5,41368,0.55,1820,3,0,4,364657,12574.0,0.46,0,1.36,559,D
CUST04053,38,Female,Single,Graduate,Unemployed,0,65995.0,6787.0,5,1512,6526,2632,0,2,10058,0.33,265,1,0,3,189644,3448.0,0.71,0,0.63,679,C
CUST04054,57,Male,Married,Post-Graduate,Business Owner,8,54625.0,8556.0,2,39440,2749,4185,0,3,27137,0.4,868,0,0,2,15751,1125.0,0.88,0,0.25,732,B
CUST04055,33,Female,Divorced,Graduate,Salaried,7,70802.0,4927.0,2,3893,3228,1823,1,5,8536,0.38,259,4,2,4,260942,6523.0,0.92,1,1.11,636,C
CUST04056,56,Female,Divorced,High School,Salaried,9,75893.0,3324.0,5,12423,5172,3085,0,5,9739,0.22,171,0,1,2,164707,12669.0,0.77,0,2.0,683,C
CUST04057,51,Male,Divorced,Doctorate,Business Owner,1,77982.0,0.0,4,60682,3487,1292,1,0,10160,0.28,227,0,0,0,144347,2405.0,0.74,0,0.37,720,B
CUST04058,22,Male,Single,Graduate,Unemployed,0,67321.0,3542.0,5,21396,2527,1243,0,5,30175,0.24,579,1,0,4,157937,1595.0,0.87,2,0.28,741,B
CUST04059,36,Male,Single,Doctorate,Unemployed,0,107574.0,1261.0,5,36361,4042,255,0,3,42108,0.48,1616,0,0,3,76264,941.0,0.65,1,0.1,698,C
CUST04060,29,Male,Single,High School,Business Owner,11,104559.0,4974.0,4,23717,3915,3795,0,0,51152,0.41,1677,1,0,2,66813,661.0,0.77,0,0.08,728,B
CUST04061,29,Male,Married,Graduate,Salaried,27,107627.0,7483.0,4,39026,1907,3648,0,3,13628,0.34,370,0,0,4,187603,1721.0,0.73,0,0.19,732,B
CUST04062,58,Female,Married,High School,Unemployed,0,45399.0,2033.0,3,32065,2676,0,1,0,17100,0.4,547,1,1,2,104247,2004.0,0.82,0,0.53,684,C
CUST04063,31,Male,Single,High School,Business Owner,3,96739.0,7054.0,3,8023,3207,2695,0,5,30309,0.35,848,2,0,0,22113,330.0,0.75,1,0.04,726,B
CUST04064,42,Female,Married,Post-Graduate,Salaried,18,,0.0,3,0,3218,1976,0,3,43807,0.33,1156,2,1,0,41962,736.0,0.57,0,0.07,708,B
CUST04065,53,Male,Single,Post-Graduate,Salaried,6,108582.0,4256.0,4,854,1704,2853,1,1,33135,0.38,1007,0,0,0,408354,12010.0,0.64,1,1.33,629,C
CUST04066,56,Female,Single,Post-Graduate,Salaried,11,59590.0,0.0,1,12422,3446,2613,0,3,22056,0.11,194,1,1,3,85060,1441.0,0.69,1,0.29,740,B
CUST04067,65,Male,Married,Graduate,Self-Employed,5,65045.0,5546.0,5,28471,2456,2233,1,3,30104,0.19,457,1,1,0,28357,567.0,0.59,1,0.1,723,B
CUST04068,43,Male,Married,Graduate,Salaried,20,27905.0,8381.0,3,35022,3710,1239,0,1,9347,0.47,351,1,0,0,16587,307.0,0.94,0,0.13,728,B
CUST04069,65,Male,Married,Post-Graduate,Salaried,4,113576.0,3695.0,1,19297,4330,1714,1,2,52082,0.7,2916,0,2,4,179811,1536.0,0.54,0,0.16,637,C
CUST04070,65,Male,Single,Graduate,Salaried,8,45699.0,5484.0,5,22489,1775,1708,1,0,18867,0.36,543,2,1,1,154916,1421.0,0.75,0,0.37,688,C
CUST04071,54,Male,Married,Post-Graduate,Salaried,10,60624.0,3489.0,1,0,2450,2037,0,5,27036,0.49,1059,1,1,4,83846,742.0,0.81,0,0.15,707,D
CUST04072,29,Female,Single,Graduate,Salaried,29,91766.0,6060.0,2,15740,3278,3469,1,3,33375,0.36,961,0,0,3,269701,5088.0,0.78,0,0.67,686,C
CUST04073,44,Female,Single,High School,Business Owner,3,79335.0,7431.0,2,18589,4097,4581,0,2,24390,0.29,565,0,1,3,92435,973.0,0.83,3,0.15,741,B
CUST04074,28,Male,Married,Post-Graduate,Salaried,13,85935.0,4959.0,5,26732,2142,1559,0,4,10984,0.44,386,3,0,0,153202,1473.0,0.84,0,0.21,704,B
CUST04075,27,Male,Divorced,Post-Graduate,Unemployed,0,57710.0,,1,15109,3052,3303,0,2,25043,0.26,520,0,1,3,56825,1321.0,0.91,1,0.27,755,B
CUST04076,56,Male,Single,Post-Graduate,Business Owner,5,37237.0,5860.0,1,12487,5420,133,2,4,7328,0.4,234,1,1,2,109224,3523.0,0.4,1,1.14,568,D
CUST04077,38,Male,Single,High School,Unemployed,0,81484.0,10445.0,4,48324,4233,450,1,0,9343,0.39,291,0,0,2,256441,3512.0,0.78,1,0.52,688,C
CUST04078,23,Male,Married,Graduate,Self-Employed,19,48587.0,5944.0,3,0,2628,2696,1,4,14946,0.32,382,0,0,2,89383,4704.0,0.5,0,1.16,616,C
CUST04079,48,Female,Single,Graduate,Salaried,18,90613.0,1180.0,5,40497,5802,3458,1,1,31986,0.17,435,1,0,4,259629,2622.0,0.82,2,0.35,737,B
CUST04080,26,Female,Married,Graduate,Salaried,1,48250.0,10676.0,1,29353,3704,3123,0,1,17598,0.54,760,0,0,1,61868,3437.0,0.56,0,0.85,604,C
CUST04081,64,Female,Married,Graduate,Salaried,29,70515.0,2556.0,3,18108,5614,1909,0,2,25941,0.36,747,1,0,1,129616,1775.0,0.75,0,0.3,710,B
CUST04082,64,Male,Single,Post-Graduate,Unemployed,0,126479.0,2648.0,5,53036,4683,4097,0,1,45720,0.32,1170,1,0,1,443091,,0.79,0,0.57,705,B
CUST04083,41,Female,Married,Graduate,Salaried,27,81550.0,8025.0,1,19032,7286,1786,1,1,34518,0.22,607,0,0,4,15207,411.0,0.55,1,0.06,725,B
CUST04084,48,Female,Married,Graduate,Self-Employed,18,51003.0,3739.0,2,7146,5215,2057,0,2,20796,0.11,183,2,0,4,93212,3214.0,0.85,1,0.76,713,B
CUST04085,60,Male,Single,Graduate,Business Owner,14,89972.0,6492.0,1,23210,2321,2847,0,3,38250,0.76,2325,0,1,2,19885,175.0,0.65,0,0.02,658,C
CUST04086,21,Male,Married,Doctorate,Unemployed,0,70744.0,6275.0,2,33136,4210,3059,0,0,20098,0.47,755,2,0,0,122336,1799.0,0.79,0,0.31,687,C
CUST04087,56,Female,Single,High School,Business Owner,11,51341.0,6320.0,2,28289,1651,1153,0,4,6424,0.06,30,2,0,4,107022,2058.0,0.52,1,0.48,698,C
CUST04088,41,Male,Married,Post-Graduate,Self-Employed,29,75730.0,9332.0,4,11896,4377,1195,0,2,26947,0.54,1164,0,0,3,228908,3468.0,0.74,0,0.55,661,C
CUST04089,63,Male,Single,Doctorate,Salaried,26,112205.0,4195.0,4,29976,5554,3501,0,1,20655,0.39,644,1,1,0,137313,1578.0,0.57,0,0.17,694,C
CUST04090,55,Male,Married,Post-Graduate,Self-Employed,28,93119.0,5101.0,3,0,1754,2007,0,4,41327,0.32,1057,2,0,3,291322,4775.0,0.89,0,0.62,704,B
CUST04091,33,Female,Married,Doctorate,Salaried,9,69540.0,2249.0,5,40418,4109,3360,1,3,27027,0.24,518,0,0,3,16158,461.0,0.72,0,0.08,749,B
CUST04092,69,Male,Single,Post-Graduate,Business Owner,13,38615.0,7240.0,3,32001,3963,1019,1,5,15691,0.39,489,1,1,3,35315,1858.0,0.74,2,0.58,659,C
CUST04093,30,Female,Married,Graduate,Self-Employed,26,97030.0,5617.0,4,0,4008,2047,1,0,20819,0.28,466,4,0,1,234746,11737.0,0.72,1,1.45,627,C
CUST04094,64,Female,Single,Graduate,Salaried,17,89339.0,8774.0,3,9024,1226,3842,1,0,31556,0.16,403,1,0,0,2711,135.0,0.82,0,0.02,779,B
CUST04095,67,Female,Married,Graduate,Unemployed,0,26206.0,6104.0,5,38694,2292,3894,0,1,8156,0.21,137,0,1,4,67188,2239.0,0.54,0,1.03,644,C
CUST04096,30,Male,Married,High School,Salaried,2,30555.0,10193.0,5,16546,3484,1855,0,3,6336,,344,1,0,1,87868,1351.0,0.81,2,0.53,625,C
CUST04097,66,Female,Single,Post-Graduate,Business Owner,6,122181.0,4617.0,1,19468,2452,0,0,0,51913,0.34,1412,0,0,4,411595,5638.0,0.89,0,0.55,726,B
CUST04098,33,Male,Divorced,Graduate,Business Owner,29,84601.0,5705.0,3,41090,1556,3312,0,4,27070,0.15,324,3,1,4,258222,9563.0,0.72,0,1.36,667,C
CUST04099,57,Male,Married,Post-Graduate,Business Owner,26,33229.0,5207.0,4,11103,4446,2766,0,4,5858,0.09,42,1,0,0,124168,1139.0,0.85,0,0.41,759,B
CUST04100,58,Male,Single,Graduate,Salaried,28,109105.0,2917.0,1,0,2034,2899,1,5,24232,0.23,445,0,0,1,231504,3046.0,0.67,3,0.34,710,B
CUST04101,44,Male,Married,Graduate,Salaried,7,111496.0,0.0,3,40733,2952,1087,1,1,21278,0.14,238,1,0,2,331303,5712.0,0.44,1,0.61,670,C
CUST04102,22,Female,Married,Doctorate,Business Owner,2,53706.0,5673.0,5,13442,6358,2367,1,3,12081,0.13,125,3,0,3,174346,1835.0,0.95,1,0.41,744,B
CUST04103,42,Male,Divorced,Graduate,Business Owner,24,47320.0,197.0,4,19602,4545,2621,1,4,8293,0.56,371,1,0,2,120099,1968.0,0.85,0,0.5,663,C
CUST04104,37,Male,Single,Post-Graduate,Salaried,13,77385.0,6392.0,3,17081,3068,4369,2,0,19226,0.33,507,0,0,3,287991,7384.0,0.88,0,1.15,670,C
CUST04105,56,Male,Married,Post-Graduate,Salaried,10,79803.0,8468.0,5,12724,3601,3950,0,4,30133,0.39,940,2,0,3,151039,3872.0,0.36,0,0.58,614,C
CUST04106,34,Female,Married,Graduate,Salaried,16,70254.0,4821.0,5,7052,3433,3791,0,5,33983,0.26,706,1,1,2,63271,659.0,0.46,0,0.11,701,B
CUST04107,30,Female,Married,Graduate,Unemployed,0,42823.0,6145.0,3,17300,817,2779,2,0,7888,0.23,145,2,0,4,45377,401.0,0.9,0,0.11,752,B
CUST04108,55,Female,Married,Graduate,Salaried,8,64448.0,6247.0,3,5658,3510,1457,1,3,14174,0.18,204,0,0,1,92500,1075.0,0.89,0,0.2,774,B
CUST04109,45,Male,Single,Post-Graduate,Salaried,25,62270.0,7850.0,4,40565,4716,2227,0,1,6280,0.13,65,1,0,3,183463,,0.89,0,0.36,766,B
CUST04110,23,Male,Married,Graduate,Self-Employed,15,30362.0,4704.0,1,38236,2881,988,1,5,5772,0.51,235,1,0,1,67600,2939.0,0.87,0,1.16,628,C
CUST04111,67,Female,Married,Graduate,Salaried,22,104746.0,1374.0,5,28298,4122,2371,0,5,28007,0.63,1411,3,0,0,391607,10583.0,0.57,0,1.21,560,D
CUST04112,58,Male,Divorced,Post-Graduate,Unemployed,0,43158.0,0.0,1,27816,3787,1481,1,1,12286,0.3,294,0,1,1,155107,1372.0,0.85,0,0.38,727,B
CUST04113,37,Male,Single,Graduate,Salaried,7,114179.0,3960.0,1,0,3980,2488,0,1,23581,0.19,358,3,0,0,208935,2942.0,0.88,1,0.31,744,B
CUST04114,32,Female,Married,Post-Graduate,Salaried,22,79601.0,110.0,5,36965,1419,2401,0,2,12746,0.21,214,4,0,3,126060,6303.0,0.81,1,0.95,661,C
CUST04115,44,Male,Divorced,Post-Graduate,Self-Employed,23,55740.0,5113.0,3,13262,3609,1360,1,1,18128,0.07,101,0,0,4,216372,2738.0,0.46,0,0.59,693,C
CUST04116,49,Female,Married,Post-Graduate,Salaried,19,86627.0,5754.0,5,40253,5581,3175,1,1,22841,0.59,1078,3,1,4,166782,11118.0,,1,1.54,611,C
CUST04117,63,Male,Divorced,Post-Graduate,Salaried,4,71011.0,3417.0,1,45461,2964,972,0,0,19208,0.2,307,0,0,4,281552,4772.0,0.72,1,0.81,691,C
CUST04118,45,Male,Married,Graduate,Salaried,9,114726.0,7214.0,4,16374,2609,5660,1,5,52543,0.25,1050,2,0,0,108626,,0.89,0,0.13,759,B
CUST04119,56,Male,Married,Doctorate,Salaried,19,138630.0,5481.0,5,0,4239,3989,1,3,44996,0.11,395,0,0,1,493804,8663.0,0.82,1,0.75,730,B
CUST04120,46,Male,Married,Graduate,Business Owner,2,86775.0,3012.0,4,23470,4394,1061,0,3,22156,0.47,833,2,0,3,93501,1989.0,0.62,1,0.28,662,C
CUST04121,58,Female,Single,Graduate,Salaried,28,69636.0,3634.0,3,2643,4828,2825,0,4,14032,0.24,269,3,1,4,179109,2107.0,0.9,1,0.36,728,B
CUST04122,21,Female,Married,High School,Unemployed,0,123085.0,9049.0,3,11007,2828,2312,0,1,33410,0.25,668,3,0,3,491908,4775.0,0.57,0,0.47,679,C
CUST04123,40,Male,Single,Doctorate,Self-Employed,27,68857.0,0.0,4,16835,3803,2333,3,3,30623,0.29,710,1,1,3,157915,1385.0,0.7,1,0.24,700,B
CUST04124,48,Male,Married,Post-Graduate,Salaried,7,59195.0,4277.0,4,34213,5910,1943,1,3,28771,0.36,828,3,0,3,196082,2306.0,0.49,0,0.47,634,C
CUST04125,36,Female,Married,Post-Graduate,Salaried,22,111916.0,5595.0,5,26747,1787,3608,3,5,28078,0.12,269,1,0,0,111370,2101.0,0.76,1,0.23,746,B
CUST04126,67,Female,Married,High School,Self-Employed,19,100187.0,3177.0,3,43085,923,1559,2,3,18393,0.32,470,1,0,1,226179,8377.0,0.79,1,1.0,648,C
CUST04127,37,Male,Single,Post-Graduate,Salaried,6,59577.0,2833.0,4,8085,4182,3839,0,3,27751,0.15,333,0,0,4,111212,4448.0,0.8,0,0.9,707,B
CUST04128,60,Male,Divorced,Post-Graduate,Salaried,15,84447.0,8313.0,2,36904,3644,4393,0,0,13323,0.68,724,1,0,1,126380,2178.0,0.64,0,0.31,636,C
CUST04129,48,Male,Single,Post-Graduate,Salaried,7,64683.0,11125.0,5,31623,2382,1462,1,1,14162,0.44,498,3,0,4,15909,1060.0,0.55,2,0.2,643,C
CUST04130,32,Female,Single,Graduate,Self-Employed,6,93126.0,3996.0,5,30102,2032,3523,1,3,16917,0.5,676,1,1,0,276696,5887.0,0.61,0,0.76,620,C
CUST04131,47,Female,Single,Graduate,Self-Employed,1,90130.0,5076.0,2,36673,2885,3369,0,0,29412,0.13,305,2,0,2,352135,,0.66,0,0.94,675,C
CUST04132,62,Male,Divorced,High School,Salaried,28,36652.0,6740.0,3,32436,4519,180,0,2,9656,0.18,139,2,0,0,91317,1217.0,0.74,0,0.4,720,B
CUST04133,67,Female,Divorced,Graduate,Self-Employed,14,76241.0,1944.0,4,0,4422,4537,0,4,16381,,262,2,0,1,23373,329.0,0.95,0,0.05,784,B
CUST04134,50,Male,Married,Graduate,Business Owner,1,30490.0,5210.0,4,11336,3337,1939,0,0,12414,0.44,436,0,0,4,81176,1531.0,0.65,1,0.6,651,C
CUST04135,61,Male,Divorced,Graduate,Salaried,25,32319.0,9600.0,3,34620,2286,2658,0,4,11817,0.16,151,0,0,1,129070,2435.0,0.97,0,0.9,727,B
CUST04136,54,Male,Single,High School,Business Owner,6,60192.0,12150.0,2,27255,0,4197,1,4,29987,0.11,263,1,0,1,180801,9515.0,0.35,0,1.9,625,C
CUST04137,57,Female,Divorced,Graduate,Self-Employed,28,57093.0,1255.0,2,35590,3676,3435,0,2,12834,0.62,636,4,0,0,96673,986.0,0.77,1,0.21,645,C
CUST04138,26,Male,Single,High School,Unemployed,0,23708.0,2315.0,2,23062,4005,2259,0,2,10386,0.04,33,0,0,1,92803,821.0,0.75,1,0.42,753,B
CUST04139,27,Male,Single,Doctorate,Salaried,27,39402.0,3704.0,5,12035,2784,3464,1,2,8707,0.21,146,1,1,0,143562,2760.0,0.6,2,0.84,647,C
CUST04140,52,Male,Single,Graduate,Unemployed,0,28756.0,3887.0,4,7691,6498,3891,0,0,2979,0.29,69,0,0,1,89368,982.0,0.89,1,0.41,731,B
CUST04141,52,Male,Married,Graduate,Self-Employed,27,52765.0,8251.0,1,0,1890,2552,0,2,8461,0.2,135,2,0,2,196515,5171.0,0.72,0,1.18,661,C
CUST04142,45,Male,Married,Graduate,Self-Employed,28,90785.0,5102.0,5,27910,5218,1671,1,5,27543,0.61,1344,3,0,3,280622,5011.0,0.79,1,0.66,616,C
CUST04143,53,Female,Married,Graduate,Self-Employed,2,119299.0,,5,0,4143,2914,1,3,50583,0.15,606,3,0,2,466213,13320.0,0.86,1,1.34,682,C
CUST04144,27,Male,Divorced,Doctorate,Salaried,8,106733.0,5724.0,4,20008,2725,1522,0,0,13124,0.34,356,0,0,4,323763,9811.0,0.7,1,1.1,650,C
CUST04145,32,Female,Married,High School,Unemployed,0,88018.0,4659.0,3,18276,599,3764,0,1,38094,,670,1,0,0,52212,511.0,0.84,1,0.07,766,B
CUST04146,36,Male,Single,Graduate,Self-Employed,23,86322.0,6340.0,4,36716,5087,1438,0,2,33357,0.26,693,3,1,3,34292,979.0,0.48,0,0.14,688,C
CUST04147,36,Male,Married,Doctorate,Salaried,23,71823.0,0.0,3,54402,3083,1638,0,0,8174,,71,1,1,1,70735,3215.0,0.57,1,0.54,701,B
CUST04148,63,Male,Married,Graduate,Salaried,2,72002.0,4018.0,4,14186,5706,3700,2,2,10261,0.25,205,0,0,0,39593,435.0,,0,0.07,712,B
CUST04149,56,Male,Married,High School,Salaried,16,116536.0,4128.0,5,27874,3101,2518,0,4,15179,0.55,667,0,0,4,263152,4111.0,0.84,1,0.42,686,C
CUST04150,33,Male,Married,High School,Self-Employed,4,93555.0,822.0,2,19972,5178,3025,0,3,34764,0.35,973,1,0,2,247262,6340.0,0.76,0,0.81,670,C
CUST04151,27,Male,Married,High School,Self-Employed,2,80978.0,9030.0,5,6565,858,3317,0,4,26270,0.46,966,0,0,1,40486,1840.0,0.83,1,0.27,710,B
CUST04152,56,Female,Single,Doctorate,Salaried,23,22337.0,4264.0,5,37725,983,1661,0,2,5440,0.12,52,1,0,4,628,9.0,0.86,0,0.0,790,B
CUST04153,67,Female,Married,Graduate,Salaried,5,96853.0,6103.0,1,25998,2396,1917,0,0,13106,0.43,450,2,0,0,270084,2842.0,0.88,0,0.35,708,B
CUST04154,29,Male,Divorced,Doctorate,Self-Employed,17,97240.0,7594.0,5,28839,0,4264,0,5,25009,0.35,700,2,1,4,19504,443.0,0.73,1,0.05,722,B
CUST04155,52,Male,Single,Doctorate,Self-Employed,2,56403.0,,5,33462,3473,3286,1,3,21030,0.32,538,2,0,3,162736,9040.0,0.75,0,1.92,640,C
CUST04156,31,Male,Divorced,Graduate,Salaried,22,81791.0,5854.0,5,33571,1859,2069,0,4,11235,0.2,179,2,0,3,23070,1098.0,0.71,0,0.16,739,B
CUST04157,28,Male,Married,High School,Salaried,14,70991.0,93.0,1,17529,4126,2836,0,3,31423,0.51,1282,1,0,1,273565,2399.0,0.69,1,0.41,659,C
CUST04158,53,Male,Single,High School,Salaried,20,58852.0,6637.0,3,35757,96,2277,0,3,7366,0.03,17,2,1,4,58749,1049.0,0.84,0,0.21,782,B
CUST04159,43,Female,Divorced,Graduate,Unemployed,0,87307.0,3341.0,1,17563,4728,3543,2,2,29970,0.18,431,1,0,1,23576,245.0,0.92,1,0.03,779,B
CUST04160,45,Male,Married,Graduate,Self-Employed,15,42572.0,4160.0,2,1936,3128,2706,1,3,7478,0.47,281,1,0,0,105922,1795.0,0.89,1,0.51,678,C
CUST04161,28,Male,Single,Graduate,Unemployed,0,136166.0,8365.0,3,27476,4363,2372,0,1,18607,0.33,491,0,0,4,393601,3364.0,0.52,1,0.3,691,C
CUST04162,65,Male,Single,Graduate,Salaried,13,90936.0,10456.0,1,40330,2741,1194,1,1,22005,0.4,704,3,0,0,336153,24010.0,0.46,1,2.0,573,D
CUST04163,42,Male,Single,Doctorate,Business Owner,12,71706.0,2839.0,2,9972,499,3278,0,4,26299,0.1,210,2,0,0,236845,14802.0,0.87,0,2.0,704,B
CUST04164,24,Female,Married,Graduate,Self-Employed,2,103766.0,2449.0,2,0,4981,2090,0,4,15401,0.47,579,0,0,4,116876,1034.0,0.55,0,0.12,688,C
CUST04165,60,Male,Married,Post-Graduate,Salaried,12,98512.0,7068.0,4,21896,4123,3677,1,5,28595,0.47,1075,1,0,0,78845,6570.0,0.71,0,0.8,637,C
CUST04166,23,Male,Divorced,Post-Graduate,Salaried,6,52656.0,6927.0,4,4297,4439,390,0,0,13819,0.25,276,3,1,3,64346,1369.0,0.88,0,0.31,731,B
CUST04167,49,Female,Single,High School,Self-Employed,24,59846.0,1432.0,5,11481,3188,1884,1,2,16217,0.11,142,1,0,1,57813,2513.0,0.87,1,0.5,743,B
CUST04168,61,Male,Single,Graduate,Unemployed,0,,4929.0,3,21417,5756,3244,1,4,7160,0.31,177,0,0,1,43201,1028.0,0.42,0,0.82,618,C
CUST04169,49,Female,Single,High School,Salaried,1,42836.0,4935.0,1,0,6780,2490,0,0,10264,0.32,262,2,2,1,119716,2302.0,0.45,0,0.64,630,C
CUST04170,54,Female,Married,High School,Salaried,21,95005.0,4874.0,5,13144,5064,1757,0,5,47184,0.06,226,0,0,1,212790,2106.0,0.7,0,0.27,769,B
CUST04171,54,Male,Divorced,Graduate,Self-Employed,1,,6984.0,3,14243,878,3874,0,4,25385,0.64,1299,1,0,3,22545,206.0,0.79,0,0.03,691,C
CUST04172,48,Female,Married,Graduate,Unemployed,0,60202.0,9549.0,4,47739,3380,3651,0,0,26307,0.37,778,1,0,4,229577,4591.0,0.96,0,0.92,682,C
CUST04173,33,Male,Single,Graduate,Self-Employed,27,,4301.0,1,17654,1997,1581,0,2,20459,0.29,474,2,1,4,119516,1313.0,0.36,0,0.18,669,C
CUST04174,35,Male,Divorced,Doctorate,Salaried,16,59043.0,10392.0,2,51981,976,2319,1,2,7906,0.28,177,1,0,0,192360,1943.0,0.43,0,0.39,661,C
CUST04175,43,Male,Married,High School,Salaried,22,31474.0,4630.0,2,38532,2817,1342,0,4,4210,0.54,181,1,0,0,100368,850.0,0.75,0,0.32,671,C
CUST04176,64,Male,Single,Graduate,Salaried,7,46597.0,9903.0,5,26723,4728,2203,0,1,15361,0.06,73,1,0,3,55317,498.0,0.7,0,0.13,768,B
CUST04177,46,Female,Married,High School,Business Owner,22,143851.0,6273.0,5,25366,2350,2254,1,3,67892,0.44,2389,1,0,2,142848,8928.0,0.83,1,0.74,667,C
CUST04178,24,Female,Single,Graduate,Business Owner,14,,8257.0,1,24876,2134,1964,1,4,9050,0.16,115,0,1,4,150796,1984.0,0.81,0,0.34,753,B
CUST04179,46,Female,Single,Graduate,Self-Employed,29,72168.0,7837.0,2,22030,2543,3349,0,0,27109,0.33,715,0,0,0,103275,882.0,0.74,0,0.15,735,B
CUST04180,60,Female,Single,Doctorate,Salaried,25,90698.0,2563.0,5,0,6131,3377,0,2,29504,0.23,542,2,0,3,333727,10428.0,0.89,0,1.38,686,C
CUST04181,29,Male,Married,Graduate,Unemployed,0,104364.0,6095.0,2,25216,3790,3895,1,4,37664,0.16,482,2,0,4,380968,4481.0,0.57,1,0.52,685,C
CUST04182,25,Male,Married,High School,Self-Employed,24,68222.0,2252.0,4,21431,1938,2961,0,2,12704,0.19,193,1,0,3,210599,,0.49,0,1.95,638,C
CUST04183,52,Male,Single,Graduate,Unemployed,0,108282.0,4691.0,5,23150,5623,539,1,4,13882,0.48,533,2,0,4,9120,294.0,0.78,1,0.03,704,B
CUST04184,40,Male,Single,High School,Self-Employed,27,68394.0,1567.0,3,46128,3198,2506,1,2,8883,,248,0,0,3,231380,5030.0,0.66,1,0.88,643,C
CUST04185,31,Male,Married,Graduate,Business Owner,28,74682.0,4394.0,5,16888,1742,3426,0,1,14838,0.58,688,1,0,1,195920,,0.68,1,0.3,655,C
CUST04186,35,Female,Divorced,Graduate,Business Owner,29,60540.0,5182.0,4,4023,2267,2653,0,0,11227,0.14,125,1,1,2,126919,2080.0,0.68,1,0.41,723,E
CUST04187,52,Male,Married,High School,Salaried,29,98065.0,2440.0,1,11589,1774,3515,0,4,14763,0.34,401,1,0,2,153126,1646.0,0.8,1,0.2,728,B
CUST04188,48,Male,Single,Graduate,Unemployed,0,33548.0,4997.0,2,32530,2805,3832,0,2,6906,0.18,99,4,0,4,82726,1477.0,0.75,0,0.53,694,C
CUST04189,42,Male,Single,Graduate,Salaried,13,81868.0,7412.0,1,24266,2905,782,2,4,25672,0.22,451,2,0,3,83871,1497.0,0.93,0,0.22,753,B
CUST04190,61,Female,Single,Graduate,Business Owner,21,92766.0,2062.0,5,20690,3299,3306,2,0,44509,0.34,1210,1,0,4,213685,3684.0,0.33,0,0.48,627,C
CUST04191,37,Female,Single,High School,Unemployed,0,105756.0,7667.0,3,0,2200,2974,0,4,49589,0.39,1547,0,0,3,275374,7060.0,0.64,1,0.8,650,C
CUST04192,46,Female,Married,Doctorate,Salaried,29,91388.0,7773.0,1,37968,3926,4481,1,3,19071,0.44,671,1,1,1,247301,,0.61,2,0.85,612,C
CUST04193,64,Male,Married,Graduate,Self-Employed,1,47401.0,2143.0,3,10824,5406,1779,0,2,5995,0.17,81,2,0,4,79794,759.0,0.81,0,0.19,752,B
CUST04194,27,Female,Married,Post-Graduate,Self-Employed,27,92312.0,0.0,5,25407,2120,3907,0,0,45994,0.25,919,2,0,3,25813,397.0,0.71,0,0.05,741,B
CUST04195,62,Male,Married,Graduate,Business Owner,12,97202.0,8270.0,3,18494,4944,2399,0,5,28243,0.05,112,2,1,3,162602,3387.0,0.69,0,0.42,741,B
CUST04196,46,Female,Single,Graduate,Business Owner,4,94471.0,4264.0,3,0,3306,2746,0,1,46415,0.18,668,4,0,2,340636,,0.72,2,0.94,650,C
CUST04197,45,Male,Single,Graduate,Self-Employed,29,67817.0,5000.0,4,25555,2773,2533,2,3,21366,0.18,307,0,0,0,145685,4856.0,0.44,0,0.86,642,C
CUST04198,30,Male,Married,Graduate,Business Owner,27,70424.0,11065.0,1,2026,4112,4567,0,4,32010,0.53,1357,1,0,0,11017,148.0,0.48,1,0.03,658,C
CUST04199,65,Male,Single,High School,Salaried,15,104873.0,6274.0,5,25046,3751,1425,0,5,29247,0.19,444,0,0,0,156869,2451.0,0.51,0,0.28,718,B
CUST04200,39,Female,Single,Graduate,Salaried,25,75062.0,6395.0,4,12141,3970,2826,0,4,26182,0.56,1172,0,1,1,184882,1580.0,0.84,0,0.25,700,B
CUST04201,31,Male,Married,Post-Graduate,Salaried,16,46379.0,4975.0,3,17120,1966,3894,0,3,14576,0.44,513,0,0,3,51983,999.0,0.71,1,0.26,692,C
CUST04202,33,Female,Single,Post-Graduate,Self-Employed,15,62717.0,4424.0,4,30643,1501,4932,1,1,11787,0.3,282,3,1,0,47090,645.0,0.35,1,0.12,651,C
CUST04203,28,Male,Single,High School,Salaried,8,119744.0,4810.0,4,1072,0,1325,1,1,48558,0.21,815,3,0,4,276832,2449.0,0.56,0,0.25,699,C
CUST04204,60,Male,Married,Graduate,Self-Employed,19,34690.0,4550.0,3,66478,3616,3711,0,4,4229,0.48,162,2,0,1,84300,5620.0,0.87,0,1.94,631,C
CUST04205,24,Male,Divorced,Post-Graduate,Salaried,15,114008.0,0.0,5,7316,1640,2184,0,4,27927,0.34,759,1,1,4,209348,2683.0,0.92,1,0.28,741,B
CUST04206,67,Male,Single,Post-Graduate,Business Owner,18,75723.0,2005.0,2,30471,2142,3607,1,1,33920,0.16,434,2,0,1,28016,329.0,0.75,0,0.05,756,B
CUST04207,51,Male,Single,High School,Salaried,11,35232.0,4829.0,4,33526,2853,1701,0,1,10607,0.57,483,1,0,4,104097,1210.0,0.58,0,0.41,632,C
CUST04208,48,Male,Married,Post-Graduate,Self-Employed,9,98764.0,11111.0,1,42911,1156,4050,1,1,12943,0.32,331,0,0,0,298587,5331.0,0.59,1,0.65,662,C
CUST04209,31,Female,Single,Graduate,Self-Employed,1,53651.0,835.0,3,9972,5173,2099,1,5,9818,0.34,267,1,0,1,83893,2151.0,0.8,0,0.48,697,C
CUST04210,63,Male,Married,Graduate,Unemployed,0,77813.0,3442.0,2,8778,2587,3666,0,4,11193,0.48,429,1,2,3,2762,24.0,0.94,0,0.0,744,B
CUST04211,21,Female,Single,Graduate,Self-Employed,28,19879.0,3412.0,4,36455,3823,2443,1,2,4195,0.21,70,1,0,1,50689,641.0,0.86,1,0.39,729,B
CUST04212,69,Female,Single,Post-Graduate,Business Owner,23,115360.0,7072.0,3,28167,4330,864,0,3,19164,0.25,383,2,0,0,451295,7398.0,0.75,0,0.77,685,C
CUST04213,67,Female,Married,Doctorate,Unemployed,0,66176.0,5279.0,3,28501,316,2798,1,1,25463,0.34,692,1,0,2,128878,2577.0,0.61,0,0.47,671,C
CUST04214,58,Male,Married,Doctorate,Self-Employed,2,56596.0,3071.0,4,40963,2469,1248,2,4,20587,0.32,527,3,1,3,155674,11119.0,0.48,1,2.0,582,E
CUST04215,44,Male,Single,High School,Salaried,11,80740.0,8462.0,1,21432,4272,2109,0,0,12436,0.12,119,1,0,0,170321,3784.0,0.82,0,0.56,741,B
CUST04216,67,Male,Single,Doctorate,Business Owner,21,101560.0,2022.0,3,22712,1514,5757,0,4,28233,0.08,180,2,0,1,96516,1005.0,0.51,0,0.12,737,E
CUST04217,51,Female,Single,High School,Self-Employed,14,69334.0,3477.0,3,39939,3490,2887,0,2,15138,0.31,375,1,0,0,94379,2621.0,0.72,0,0.45,700,B
CUST04218,61,Female,Single,Graduate,Salaried,2,100612.0,1665.0,4,22643,1678,2584,0,2,23632,0.38,718,2,1,1,386576,6903.0,0.83,0,0.82,667,C
CUST04219,66,Male,Divorced,Graduate,Self-Employed,15,74227.0,7978.0,2,4786,3613,1005,1,5,24524,0.18,353,0,0,1,176724,2265.0,0.85,1,0.37,749,B
CUST04220,46,Male,Married,Graduate,Business Owner,21,77644.0,4854.0,3,6522,2187,241,0,1,35675,0.39,1113,2,0,3,58360,634.0,,0,0.1,708,B
CUST04221,69,Female,Married,Graduate,Unemployed,0,50978.0,2864.0,3,15987,3134,1517,0,3,23395,0.38,711,0,0,1,10154,110.0,0.96,0,0.03,767,B
CUST04222,25,Male,Married,Graduate,Unemployed,0,106700.0,6338.0,4,25344,4932,1796,0,4,28297,0.43,973,0,1,2,22737,232.0,0.45,0,0.03,688,C
CUST04223,40,Female,Married,Doctorate,Salaried,18,95111.0,9736.0,3,34375,4075,1374,0,3,24469,0.42,822,0,2,0,190451,6801.0,0.69,1,0.86,645,C
CUST04224,61,Male,Married,Graduate,Salaried,27,91470.0,0.0,4,55963,1922,1673,1,0,28098,0.19,427,2,0,0,38427,400.0,0.83,0,0.05,765,B
CUST04225,31,Female,Single,Graduate,Salaried,14,107006.0,6847.0,1,16303,3803,701,0,3,30993,0.31,768,0,0,1,356394,3959.0,0.52,2,0.44,673,C
CUST04226,53,Male,Single,Doctorate,Salaried,21,43521.0,10201.0,4,0,3602,2044,1,3,5427,0.16,69,2,0,1,59603,2055.0,0.68,1,0.57,690,C
CUST04227,58,Male,Married,High School,Business Owner,28,77135.0,9664.0,2,0,4775,298,1,1,25570,0.28,572,0,0,3,118487,1822.0,0.79,1,0.28,730,B
CUST04228,47,Female,Married,Graduate,Salaried,12,108261.0,4250.0,3,16785,3149,2678,1,0,36147,0.06,173,3,1,3,149073,4384.0,0.91,0,0.49,755,B
CUST04229,54,Female,Divorced,Post-Graduate,Self-Employed,10,73947.0,5289.0,1,19852,3094,1257,0,5,20715,0.12,198,3,0,1,158250,5651.0,0.68,0,0.92,672,C
CUST04230,35,Male,Married,Graduate,Self-Employed,14,79429.0,5624.0,3,29218,4204,2247,1,2,21095,0.43,725,1,0,4,317141,3603.0,0.72,0,0.54,667,C
CUST04231,52,Male,Divorced,Post-Graduate,Business Owner,22,78572.0,4226.0,3,56710,4226,2951,0,3,37367,0.58,1733,3,0,1,281807,4619.0,0.58,1,0.71,589,D
CUST04232,41,Female,Single,High School,Salaried,15,89187.0,7771.0,4,29269,8051,1169,0,0,30352,0.42,1019,1,0,2,82695,,,2,0.16,707,B
CUST04233,66,Female,Divorced,Post-Graduate,Salaried,5,17294.0,181.0,3,21293,5322,1011,0,0,7376,0.22,129,1,0,0,62085,2387.0,0.4,1,1.66,608,C
CUST04234,25,Female,Single,High School,Salaried,2,78571.0,6726.0,1,35022,3039,2795,0,2,37834,0.08,242,0,0,4,183000,3388.0,0.71,0,0.52,743,B
CUST04235,26,Female,Divorced,Graduate,Salaried,22,86908.0,4772.0,5,0,2878,1327,1,1,36852,0.34,1002,1,1,4,254203,3971.0,0.91,0,0.55,712,B
CUST04236,58,Male,Single,High School,Unemployed,0,86781.0,8032.0,3,23745,1889,1636,0,0,41411,0.35,1159,3,0,4,180714,2657.0,0.58,0,0.37,667,C
CUST04237,42,Male,Married,Graduate,Business Owner,12,,8329.0,4,0,769,1852,0,2,49659,0.11,436,3,0,0,325189,10839.0,0.78,0,1.06,688,C
CUST04238,38,Female,Married,Post-Graduate,Salaried,2,57454.0,5330.0,2,41115,3187,3925,0,4,9655,0.21,162,1,1,3,90036,1034.0,0.63,1,0.22,719,B
CUST04239,34,Female,Married,Doctorate,Business Owner,29,124434.0,3132.0,3,0,0,4551,0,0,23738,0.24,455,0,0,4,140401,3900.0,0.79,0,0.38,744,B
CUST04240,30,Male,Married,Post-Graduate,Salaried,29,64116.0,8114.0,4,34921,5969,1329,1,4,11384,0.33,300,0,1,2,129089,1518.0,0.65,1,0.28,698,C
CUST04241,66,Male,Divorced,Graduate,Business Owner,4,34527.0,1178.0,3,32184,1796,1228,1,4,7901,0.09,56,0,1,1,65656,994.0,0.72,3,0.35,732,B
CUST04242,33,Female,Married,Doctorate,Salaried,7,120165.0,1841.0,5,42106,4948,684,0,0,29079,0.21,488,2,0,4,190045,2639.0,0.89,1,0.26,755,B
CUST04243,51,Male,Married,Graduate,Business Owner,16,106580.0,4770.0,5,6186,2832,3209,0,2,45240,0.02,72,2,0,0,336348,5096.0,0.42,1,0.57,689,C
CUST04244,50,Male,Single,Graduate,Salaried,1,79082.0,3440.0,1,19126,3873,3217,0,4,19322,0.02,30,1,1,0,226908,2578.0,0.7,0,0.39,756,B
CUST04245,23,Male,Married,Graduate,Salaried,1,57435.0,4354.0,5,34742,1107,3908,1,1,22450,0.14,251,1,1,2,65961,856.0,0.84,0,0.18,767,B
CUST04246,50,Female,Married,Graduate,Salaried,14,68739.0,4088.0,4,25210,3889,4996,0,3,31724,0.35,888,0,0,4,54257,904.0,0.89,0,0.16,752,B
CUST04247,26,Female,Married,Post-Graduate,Salaried,11,82662.0,4920.0,5,27363,3216,2365,1,5,12053,0.5,482,1,0,3,1579,54.0,0.56,1,0.01,673,C
CUST04248,49,Male,Single,High School,Self-Employed,12,116629.0,9462.0,4,31066,5949,902,1,4,11675,0.21,196,2,0,0,457053,,0.54,1,0.43,682,C
CUST04249,28,Female,Married,Graduate,Salaried,11,35514.0,1535.0,3,15015,1108,3635,0,4,16175,0.1,129,1,0,0,49970,793.0,0.41,0,0.27,704,B
CUST04250,64,Female,Single,Post-Graduate,Self-Employed,6,68690.0,3600.0,1,5556,1038,1384,0,3,13415,0.36,386,0,0,2,168233,3738.0,0.62,1,0.65,661,C
CUST04251,65,Male,Single,Doctorate,Self-Employed,23,67099.0,7473.0,1,8139,1478,809,0,2,10828,0.28,242,2,0,4,200659,6270.0,0.77,2,1.12,646,C
CUST04252,63,Female,Married,Post-Graduate,Self-Employed,12,60462.0,5109.0,5,18660,0,4267,0,1,13185,0.38,400,2,0,2,49791,922.0,0.79,0,0.18,714,B
CUST04253,64,Male,Single,Graduate,Business Owner,21,55566.0,2088.0,2,8816,1751,0,0,1,9691,0.41,317,0,0,3,148344,1766.0,0.47,1,0.38,652,C
CUST04254,53,Male,Single,Graduate,Salaried,12,123217.0,4738.0,5,15715,1584,3792,0,4,51438,0.18,740,1,0,0,56316,1877.0,0.64,0,0.18,743,B
CUST04255,37,Male,Married,Graduate,Self-Employed,10,50941.0,478.0,2,19645,2965,2976,0,0,18023,,793,0,0,1,19719,939.0,,0,0.22,703,B
CUST04256,68,Male,Single,Graduate,Unemployed,0,79042.0,8096.0,5,42778,3078,1899,0,0,13193,0.06,63,0,0,1,95807,2129.0,0.68,0,0.32,760,B
CUST04257,31,Male,Single,Doctorate,Self-Employed,27,39602.0,,4,3532,780,3179,0,5,13204,0.4,422,2,0,1,50740,570.0,0.85,0,0.17,718,B
CUST04258,33,Female,Single,Doctorate,Self-Employed,20,101040.0,11600.0,4,8620,4821,3110,1,4,18514,0.38,562,1,0,2,72690,1153.0,0.51,2,0.14,673,C
CUST04259,31,Female,Married,Post-Graduate,Self-Employed,19,60210.0,1639.0,2,19363,3887,1572,0,5,10778,0.24,206,1,0,3,112574,1500.0,0.79,1,0.3,731,B
CUST04260,51,Female,Married,High School,Salaried,7,15000.0,3005.0,1,4546,4408,1996,2,0,5072,0.05,20,4,0,1,37051,1950.0,0.7,0,1.56,656,C
CUST04261,48,Male,Married,Post-Graduate,Self-Employed,14,104201.0,5513.0,2,0,4809,5670,1,1,38124,0.15,457,1,0,0,386186,3448.0,0.69,1,0.4,724,B
CUST04262,64,Male,Single,Doctorate,Unemployed,0,58362.0,8951.0,3,10764,1565,3486,1,1,13918,0.45,501,4,0,4,163894,3724.0,0.54,0,0.77,591,D
CUST04263,26,Male,Single,Graduate,Salaried,1,114311.0,3544.0,1,16072,2153,5095,0,3,46337,0.02,74,2,2,2,239023,2192.0,0.65,2,0.23,750,B
CUST04264,61,Male,Single,Graduate,Business Owner,27,107672.0,2889.0,2,22730,3600,2241,0,1,46825,0.26,973,1,1,3,232306,8603.0,0.94,2,0.96,691,C
CUST04265,36,Male,Married,Post-Graduate,Salaried,8,,5227.0,3,5471,4959,1645,1,5,33433,0.65,1738,0,0,3,164663,2195.0,0.69,0,0.37,645,C
CUST04266,24,Female,Divorced,Graduate,Salaried,5,86883.0,2984.0,3,45093,3497,3004,0,2,30445,0.22,535,2,0,1,100042,1136.0,0.74,0,0.16,740,B
CUST04267,55,Female,Single,Doctorate,Business Owner,29,77838.0,6427.0,5,31650,3017,1835,0,1,14634,0.24,280,0,0,1,231956,,0.94,1,0.31,762,B
CUST04268,68,Male,Single,Graduate,Business Owner,8,32969.0,5229.0,2,3380,2023,2674,1,4,13167,0.23,242,3,1,0,86186,2268.0,0.92,0,0.83,686,C
CUST04269,46,Male,Single,Post-Graduate,Business Owner,8,117701.0,7095.0,4,10829,1053,1395,1,5,16847,0.36,485,0,1,3,230023,4600.0,0.9,0,0.47,725,B
CUST04270,32,Female,Married,Post-Graduate,Unemployed,0,67323.0,7682.0,5,9696,4763,2358,0,0,11612,0.52,483,1,0,4,57566,1308.0,0.34,0,0.23,625,C
CUST04271,31,Male,Married,Graduate,Salaried,21,,6098.0,1,3912,2473,962,0,0,32790,0.1,262,1,0,3,257442,2383.0,0.98,0,0.38,784,B
CUST04272,57,Female,Married,Post-Graduate,Self-Employed,24,76136.0,8461.0,4,37214,3116,2261,0,1,35352,0.63,1781,3,0,2,60269,4017.0,0.77,1,0.63,615,C
CUST04273,45,Female,Divorced,Graduate,Salaried,7,,3987.0,3,4000,5583,3071,0,1,8642,0.49,338,1,1,2,53874,481.0,0.79,0,0.08,712,B
CUST04274,38,Female,Married,Graduate,Salaried,29,94188.0,668.0,1,21573,2498,2835,1,0,21178,0.43,728,1,0,3,55179,551.0,0.6,0,0.07,693,C
CUST04275,39,Male,Single,High School,Salaried,19,72081.0,1767.0,5,12218,3147,3135,2,0,25348,0.31,628,1,3,1,287282,3340.0,0.91,0,0.56,709,B
CUST04276,43,Female,Single,Graduate,Self-Employed,4,59610.0,4744.0,3,17009,2338,1611,1,1,28342,0.15,340,5,1,1,58364,2652.0,0.67,0,0.53,678,C
CUST04277,58,Male,Married,Post-Graduate,Self-Employed,27,62566.0,6253.0,3,35437,1090,2246,0,2,20539,0.35,575,0,0,1,213032,6455.0,0.56,0,1.24,626,C
CUST04278,38,Female,Married,Doctorate,Business Owner,28,124879.0,6751.0,3,24763,3543,1147,0,2,53497,0.31,1326,1,0,1,17342,194.0,0.74,0,0.02,749,B
CUST04279,46,Male,Married,Graduate,Self-Employed,29,76777.0,3056.0,4,25452,101,3299,3,0,36016,0.13,374,1,0,1,217244,4344.0,0.67,0,0.68,691,C
CUST04280,26,Male,Married,Graduate,Salaried,23,123746.0,7596.0,5,24740,5215,5159,0,3,38066,0.14,426,2,1,0,15003,1154.0,0.96,0,0.11,797,B
CUST04281,24,Male,Married,High School,Self-Employed,20,46312.0,0.0,5,27251,0,2304,0,2,18347,0.08,117,1,1,4,115631,1060.0,0.39,1,0.27,701,B
CUST04282,64,Male,Divorced,Post-Graduate,Salaried,6,55632.0,3358.0,4,4277,2630,1870,0,4,20303,0.29,471,0,0,3,59246,2693.0,0.86,1,0.58,714,B
CUST04283,49,Female,Married,Doctorate,Salaried,12,60503.0,6482.0,5,9793,2254,0,0,5,22298,0.3,535,1,1,2,16644,248.0,0.97,1,0.05,770,B
CUST04284,54,Female,Married,Graduate,Business Owner,18,72536.0,7737.0,3,25557,4721,1723,0,0,22255,,213,4,0,2,79597,994.0,0.81,1,0.16,747,B
CUST04285,37,Female,Single,Graduate,Self-Employed,12,53564.0,7271.0,3,9156,1971,3409,2,2,18708,0.44,658,0,0,4,26677,430.0,0.74,0,0.1,707,B
CUST04286,63,Male,Married,Graduate,Business Owner,18,71151.0,7791.0,3,14721,659,2887,1,1,22892,0.22,402,2,2,3,62621,613.0,0.31,0,0.1,674,C
CUST04287,63,Female,Divorced,High School,Self-Employed,3,81037.0,5520.0,5,24113,1077,3615,2,3,28776,0.15,345,1,1,0,222766,2395.0,0.79,1,0.35,735,B
CUST04288,36,Male,Married,Post-Graduate,Self-Employed,10,105154.0,,2,36560,0,4578,2,5,31764,0.35,889,1,1,2,350402,3274.0,0.71,0,0.37,693,C
CUST04289,22,Female,Married,Graduate,Business Owner,7,34711.0,0.0,1,32815,4364,2007,0,5,6560,0.34,178,0,1,2,60854,780.0,0.8,0,0.27,726,B
CUST04290,54,Female,Married,Post-Graduate,Salaried,3,102867.0,4273.0,2,43981,5806,1356,1,1,38826,0.26,807,2,0,0,171634,2561.0,0.49,1,0.3,675,C
CUST04291,28,Male,Single,Post-Graduate,Salaried,28,97161.0,1558.0,4,22199,4871,3377,1,5,24641,0.42,827,2,0,4,179533,1831.0,0.81,1,0.23,700,B
CUST04292,33,Female,Married,Post-Graduate,Salaried,19,45773.0,6848.0,2,21771,3116,2597,0,1,6916,0.32,177,4,0,2,86242,1039.0,0.48,0,0.27,653,C
CUST04293,62,Male,Single,Post-Graduate,Salaried,13,51346.0,896.0,2,10075,3557,1237,0,3,22619,,669,1,0,3,48241,846.0,,1,0.2,651,D
CUST04294,28,Male,Divorced,Doctorate,Salaried,4,85755.0,4534.0,4,28319,2529,978,0,0,14796,0.3,355,2,0,3,339267,3991.0,0.93,0,0.56,718,B
CUST04295,50,Male,Married,Doctorate,Unemployed,0,56099.0,1429.0,2,38820,2220,3545,1,5,17743,0.42,596,3,1,2,149959,1828.0,0.51,0,0.39,633,C
CUST04296,52,Male,Single,Graduate,Self-Employed,6,116129.0,4964.0,1,11564,3797,2734,0,1,45109,0.17,613,1,2,1,359403,9215.0,0.74,0,0.95,689,C
CUST04297,56,Female,Single,High School,Self-Employed,1,74801.0,4605.0,5,26689,1064,957,0,5,26859,0.16,343,1,1,0,132343,2700.0,0.73,0,0.43,731,B
CUST04298,67,Male,Married,Graduate,Salaried,6,38709.0,0.0,4,36783,3867,2704,1,0,6361,0.26,132,2,1,3,117804,3365.0,0.57,0,1.04,621,C
CUST04299,50,Male,Single,Post-Graduate,Salaried,8,41488.0,6032.0,2,7483,2983,1164,0,0,7370,0.09,53,2,0,0,113408,1145.0,0.71,0,0.33,738,B
CUST04300,21,Female,Single,High School,Salaried,28,30299.0,4146.0,3,28234,4044,3312,0,0,4833,0.47,181,3,0,4,100243,,0.96,0,0.4,692,C
CUST04301,63,Female,Married,High School,Self-Employed,15,71854.0,5083.0,3,29088,3818,3644,0,5,9270,0.32,237,1,0,2,12701,122.0,0.64,1,0.02,721,B
CUST04302,59,Female,Married,High School,Salaried,8,73280.0,3754.0,4,0,1217,3670,2,1,15631,0.56,700,0,0,2,13236,378.0,0.88,0,0.06,713,B
CUST04303,37,Female,Single,Post-Graduate,Self-Employed,22,90382.0,,3,11965,4187,2924,0,0,27987,0.05,111,0,0,1,205781,4115.0,0.85,0,0.55,768,B
CUST04304,40,Female,Married,Graduate,Self-Employed,6,112885.0,7270.0,1,3267,5343,2794,0,1,19097,0.16,244,3,0,2,171064,12218.0,0.83,0,1.3,685,C
CUST04305,44,Male,Divorced,Graduate,Business Owner,29,75363.0,8093.0,2,12322,4209,2333,0,0,36803,0.05,147,2,0,1,241950,2179.0,0.68,0,0.35,743,B
CUST04306,42,Male,Married,High School,Salaried,19,113017.0,7907.0,1,13749,1671,1470,0,4,42893,0.17,583,2,1,2,74932,663.0,0.55,0,0.07,732,B
CUST04307,49,Male,Married,Post-Graduate,Business Owner,14,53128.0,897.0,1,19439,4358,3934,0,1,17711,0.23,325,0,0,1,53249,1439.0,0.67,0,0.33,724,B
CUST04308,42,Male,Single,Graduate,Self-Employed,2,30837.0,9165.0,5,33599,3716,3283,0,4,11488,0.06,55,0,0,4,51873,1995.0,0.68,2,0.78,702,B
CUST04309,64,Female,Single,Graduate,Self-Employed,7,98796.0,6688.0,2,38295,221,1515,0,0,27107,,672,1,0,3,353219,4471.0,0.82,0,0.54,711,B
CUST04310,29,Male,Single,Post-Graduate,Salaried,8,96740.0,8748.0,4,22622,2693,596,0,1,27857,0.52,1158,1,0,0,51350,590.0,0.84,0,0.07,718,B
CUST04311,57,Female,Married,Graduate,Salaried,10,82595.0,8698.0,3,39468,4270,1851,0,5,37619,0.16,481,1,0,4,256367,3204.0,0.72,0,0.47,727,B
CUST04312,30,Male,Divorced,Graduate,Salaried,13,95438.0,6047.0,5,32454,2923,4101,0,3,37103,0.39,1157,2,0,4,377396,13013.0,0.49,0,1.64,598,D
CUST04313,56,Male,Married,Graduate,Unemployed,0,15000.0,2616.0,1,18718,3834,3098,1,4,5029,0.48,193,0,0,3,45006,569.0,0.88,0,0.46,689,C
CUST04314,57,Male,Divorced,Graduate,Salaried,21,60916.0,2724.0,3,41989,2165,2783,1,2,29244,0.46,1076,1,0,3,134079,9577.0,0.69,0,1.89,613,C
CUST04315,48,Female,Married,Post-Graduate,Unemployed,0,108565.0,2958.0,2,21004,3473,4088,0,2,39632,0.5,1585,3,0,2,242453,2145.0,0.06,0,0.24,576,D
CUST04316,48,Female,Married,Graduate,Salaried,1,67258.0,4456.0,1,23715,4893,30,1,3,17451,0.23,321,4,0,4,44182,1577.0,0.64,2,0.28,680,C
CUST04317,62,Female,Married,High School,Salaried,9,94513.0,2034.0,1,5480,3777,2403,0,3,11245,0.1,89,2,0,1,165999,1659.0,0.44,0,0.21,713,B
CUST04318,63,Male,Single,Post-Graduate,Self-Employed,27,153080.0,0.0,2,25399,3412,3974,0,5,39229,0.56,1757,1,0,0,324679,3313.0,0.48,0,0.26,647,C
CUST04319,41,Female,Single,Post-Graduate,Salaried,10,105668.0,0.0,4,26328,3173,1295,1,2,49655,0.24,953,1,0,1,210650,2507.0,0.69,2,0.28,713,B
CUST04320,44,Male,Married,High School,Unemployed,0,64195.0,4898.0,5,32992,2903,1449,1,1,7566,0.25,151,2,0,1,28658,247.0,0.89,0,0.05,760,B
CUST04321,62,Male,Married,High School,Business Owner,2,22010.0,,2,16621,1923,2246,1,0,3825,0.19,58,0,0,2,13359,205.0,0.65,0,0.11,739,B
CUST04322,60,Female,Married,Post-Graduate,Self-Employed,20,96476.0,6529.0,3,9082,2532,1859,1,1,40857,0.24,784,0,0,2,97198,6479.0,0.51,2,0.81,645,C
CUST04323,22,Male,Married,Post-Graduate,Self-Employed,29,15000.0,4458.0,3,26138,3292,2038,0,2,3689,0.41,120,1,0,4,31292,322.0,0.62,0,0.26,678,C
CUST04324,28,Female,Single,Graduate,Self-Employed,11,51305.0,8457.0,1,31091,44,2694,0,4,8945,0.52,372,3,1,1,32963,491.0,0.81,0,0.11,689,C
CUST04325,68,Male,Married,Post-Graduate,Unemployed,0,52791.0,3232.0,5,14939,4929,1820,0,4,22503,0.22,396,0,0,1,58874,516.0,0.65,0,0.12,741,B
CUST04326,47,Female,Married,High School,Salaried,18,71378.0,5991.0,4,7394,2237,2105,0,0,23081,,646,0,0,2,97656,2441.0,0.79,0,0.41,715,B
CUST04327,42,Female,Married,Graduate,Business Owner,7,83249.0,6656.0,4,13816,1232,1509,0,0,26588,0.24,510,0,3,4,222902,3654.0,0.48,0,0.53,679,C
CUST04328,57,Male,Married,High School,Self-Employed,3,49116.0,5160.0,3,43813,6014,2267,1,5,10683,0.06,51,2,0,4,65487,884.0,0.51,1,0.22,715,B
CUST04329,47,Female,Married,Graduate,Unemployed,0,106579.0,8041.0,4,5394,3302,2734,0,2,39439,0.14,441,0,0,0,297409,12930.0,0.79,0,1.46,704,B
CUST04330,49,Male,Married,High School,Business Owner,15,117547.0,6578.0,3,4989,4629,2634,0,2,52276,0.06,250,0,0,3,70999,1245.0,0.56,0,0.13,764,B
CUST04331,23,Female,Divorced,Graduate,Unemployed,0,67733.0,7416.0,5,48026,2002,1770,1,0,27098,0.05,108,1,0,2,76853,731.0,0.65,0,0.13,760,B
CUST04332,64,Male,Divorced,Graduate,Self-Employed,20,107155.0,3076.0,1,17650,4701,1600,0,4,36965,,887,1,0,2,181349,1949.0,0.47,1,0.22,685,C
CUST04333,33,Male,Divorced,Graduate,Salaried,28,54294.0,4341.0,3,1655,4090,2041,2,3,13041,0.18,187,2,0,1,57674,2136.0,0.4,0,0.47,655,C
CUST04334,65,Male,Single,High School,Self-Employed,27,43916.0,0.0,5,0,2526,2001,0,3,19407,0.55,853,0,1,3,32315,283.0,0.71,0,0.08,693,C
CUST04335,30,Male,Single,Graduate,Self-Employed,5,107418.0,4811.0,3,28608,449,1152,1,3,35065,0.06,168,2,0,1,417775,10189.0,0.77,1,1.14,691,C
CUST04336,56,Female,Single,Post-Graduate,Business Owner,3,82985.0,889.0,2,25028,4579,1339,0,4,37827,0.15,453,4,0,2,217883,3890.0,0.68,1,0.56,688,C
CUST04337,29,Male,Single,Graduate,Salaried,29,86774.0,12040.0,3,28730,2706,3113,0,1,17499,0.6,839,2,0,3,7345,136.0,0.38,0,0.02,631,C
CUST04338,47,Male,Divorced,Post-Graduate,Self-Employed,27,130218.0,5903.0,5,7079,4766,0,0,1,47102,0.38,1431,0,0,2,97388,3043.0,0.7,0,0.28,715,B
CUST04339,54,Male,Married,Graduate,Salaried,5,94991.0,3804.0,4,2186,2475,3192,1,4,45032,0.26,936,1,0,0,250821,2585.0,0.87,0,0.33,741,B
CUST04340,21,Male,Single,Graduate,Business Owner,9,147068.0,7257.0,3,28083,2889,2910,1,1,36713,0.22,646,1,0,2,208460,5790.0,0.73,0,0.47,721,B
CUST04341,52,Female,Single,Graduate,Salaried,27,77793.0,827.0,1,4312,3541,3557,0,3,37380,0.33,986,0,0,4,158500,1509.0,0.65,1,0.23,710,B
CUST04342,45,Female,Single,Doctorate,Self-Employed,16,120346.0,3518.0,5,17525,5967,2394,0,4,30927,0.16,395,2,2,0,384959,4752.0,0.66,0,0.47,715,B
CUST04343,49,Male,Married,High School,Salaried,29,73467.0,3953.0,4,6721,1792,3888,0,0,20208,0.38,614,1,0,0,34022,607.0,0.64,1,0.1,703,B
CUST04344,27,Female,Married,High School,Salaried,14,40388.0,6934.0,5,44722,2369,3590,0,4,17067,0.26,354,1,0,3,103582,1523.0,0.74,0,0.45,709,B
CUST04345,69,Female,Divorced,Graduate,Unemployed,0,99962.0,2065.0,3,33835,2180,5370,0,2,20423,0.37,604,0,0,3,195845,4896.0,0.59,1,0.59,664,C
CUST04346,23,Male,Divorced,Doctorate,Salaried,7,73894.0,2908.0,2,59523,2054,5250,2,3,28253,0.74,1672,0,0,3,66730,3707.0,0.96,1,0.6,639,C
CUST04347,40,Female,Single,Doctorate,Salaried,15,137224.0,5334.0,2,29580,2911,1536,1,5,30100,0.26,626,1,1,4,176870,4421.0,0.66,0,0.39,709,B
CUST04348,40,Male,Single,Graduate,Salaried,26,91915.0,6894.0,1,24698,4675,6338,0,3,31022,0.22,545,1,0,3,10410,94.0,0.74,0,0.01,762,B
CUST04349,50,Female,Single,Graduate,Self-Employed,8,103553.0,5634.0,1,30196,2441,4320,1,2,42496,0.25,849,2,1,0,406488,5806.0,0.93,0,0.67,715,B
CUST04350,55,Female,Married,Graduate,Self-Employed,3,27948.0,2281.0,4,0,5822,2227,1,3,3087,0.33,81,1,0,3,14288,714.0,0.86,0,0.31,720,B
CUST04351,55,Male,Divorced,Graduate,Salaried,11,96750.0,5319.0,2,0,4974,971,1,5,13099,0.35,366,0,0,3,288844,3139.0,0.33,0,0.39,646,C
CUST04352,69,Female,Married,Graduate,Self-Employed,20,72881.0,,3,30671,2838,1914,1,2,34527,0.33,911,1,0,3,127768,2094.0,0.93,0,0.34,734,B
CUST04353,59,Female,Married,Post-Graduate,Salaried,29,51717.0,2171.0,5,11286,1901,2024,0,5,22048,0.22,388,1,0,4,96833,3026.0,0.8,2,0.7,694,C
CUST04354,47,Male,Married,Post-Graduate,Business Owner,27,117135.0,6224.0,5,19992,4111,3173,0,2,52804,0.36,1520,1,0,0,277392,8668.0,0.39,0,0.89,608,C
CUST04355,46,Female,Single,Graduate,Business Owner,26,36218.0,6639.0,2,0,5231,1412,0,3,9980,0.48,383,3,0,1,132091,2317.0,0.51,1,0.77,585,D
CUST04356,34,Male,Single,Graduate,Unemployed,0,85651.0,4959.0,2,12220,4556,2451,0,4,33107,0.19,503,1,3,0,192077,6859.0,0.61,0,0.96,662,C
CUST04357,37,Female,Married,Graduate,Unemployed,0,56573.0,6533.0,5,14579,1971,3333,0,2,28247,0.18,406,2,1,1,181678,6055.0,0.71,0,1.28,664,C
CUST04358,38,Female,Married,Graduate,Salaried,10,83205.0,7309.0,4,33872,2773,1334,0,0,22716,0.3,545,1,1,2,280207,2802.0,0.59,1,0.4,684,F
CUST04359,65,Male,Single,Graduate,Salaried,29,66609.0,0.0,5,21995,822,2346,0,2,29222,0.39,911,1,0,3,173022,1602.0,0.82,1,0.29,710,B
CUST04360,49,Male,Married,High School,Self-Employed,25,69582.0,6231.0,1,0,1024,1537,0,0,9164,0.17,124,2,0,0,177734,4443.0,0.8,0,0.77,701,B
CUST04361,40,Female,Married,High School,Salaried,3,76731.0,9645.0,3,12190,4442,4644,3,4,24365,0.45,877,2,1,2,264799,2647.0,0.81,0,0.41,671,C
CUST04362,47,Male,Married,Graduate,Salaried,15,46223.0,4147.0,2,36638,3888,1663,0,2,10783,0.09,77,0,1,3,9461,147.0,0.64,0,0.04,770,B
CUST04363,38,Male,Married,Post-Graduate,Salaried,25,105815.0,9611.0,2,13228,5474,2879,0,2,32721,0.26,680,0,1,2,269587,4569.0,0.77,0,0.52,723,B
CUST04364,24,Male,Married,Graduate,Salaried,29,94974.0,5946.0,4,33507,1233,1168,3,2,13831,0.48,531,2,1,1,198018,1885.0,0.82,1,0.24,679,C
CUST04365,21,Male,Married,Graduate,Self-Employed,23,45365.0,5238.0,1,11796,5034,1504,0,0,11208,0.48,430,2,0,2,48239,2679.0,0.73,0,0.71,637,C
CUST04366,21,Male,Married,Graduate,Salaried,6,117343.0,5798.0,5,25023,4961,2033,0,4,15326,0.22,269,1,1,2,366885,8153.0,0.83,0,0.83,705,F
CUST04367,46,Male,Divorced,High School,Salaried,11,97829.0,435.0,1,20881,6118,979,0,3,27513,0.22,484,2,1,1,116245,2906.0,0.91,1,0.36,744,B
CUST04368,65,Male,Single,Doctorate,Self-Employed,28,78058.0,10014.0,1,18376,4310,2678,1,5,21600,0.27,466,0,1,2,243305,4678.0,0.82,0,0.72,702,B
CUST04369,40,Female,Married,Post-Graduate,Salaried,11,32363.0,3508.0,4,321,0,680,0,5,7504,0.61,366,1,0,3,118122,5906.0,0.78,2,2.0,591,D
CUST04370,43,Male,Single,High School,Unemployed,0,55640.0,1405.0,4,0,3835,2567,1,1,26669,0.29,618,0,0,3,127351,2122.0,0.66,0,0.46,695,C
CUST04371,30,Male,Single,Post-Graduate,Salaried,27,18382.0,3399.0,5,23649,215,2581,1,2,2447,0.22,43,1,0,2,59093,547.0,0.95,0,0.36,748,B
CUST04372,31,Male,Married,Graduate,Self-Employed,23,80397.0,5069.0,5,20555,0,2673,0,2,34566,0.09,248,0,0,4,83823,748.0,0.91,1,0.11,803,A
CUST04373,61,Female,Divorced,Doctorate,Salaried,27,100403.0,8388.0,3,12006,3414,3478,1,2,24294,0.32,621,3,0,2,62822,1029.0,0.34,1,0.12,650,C
CUST04374,61,Male,Married,Graduate,Salaried,3,53297.0,4773.0,1,6880,4198,3715,0,3,9578,0.46,352,0,1,3,120949,7559.0,0.8,1,1.7,636,C
CUST04375,25,Male,Single,Graduate,Salaried,13,75176.0,4036.0,5,40077,434,1458,1,4,15713,0.79,993,2,0,2,128123,2669.0,0.41,1,0.43,553,D
CUST04376,21,Male,Single,Graduate,Self-Employed,27,104776.0,,4,34856,0,2977,0,0,48276,0.05,193,1,3,2,177766,1693.0,0.43,1,0.19,727,B
CUST04377,37,Female,Married,Post-Graduate,Business Owner,22,56291.0,931.0,3,31192,2355,2511,0,3,24202,0.27,522,2,0,3,28711,319.0,0.75,1,0.07,732,B
CUST04378,42,Female,Single,High School,Self-Employed,8,91727.0,3419.0,3,44183,3785,3650,0,4,9750,0.11,85,0,0,2,343858,3125.0,,0,0.41,755,B
CUST04379,54,Female,Single,Post-Graduate,Salaried,21,138136.0,3229.0,4,3520,2977,1893,0,1,21954,0.08,140,2,0,0,59735,558.0,0.54,0,0.05,752,B
CUST04380,65,Female,Married,High School,Salaried,11,97085.0,5750.0,5,24134,2490,430,0,5,35922,0.14,402,3,0,2,113177,2572.0,0.68,1,0.32,720,B
CUST04381,61,Female,Single,Doctorate,Salaried,11,44066.0,0.0,4,0,1190,2251,1,4,10001,0.6,480,2,0,4,83251,3201.0,0.67,1,0.87,582,A
CUST04382,49,Male,Married,High School,Salaried,13,74246.0,3675.0,5,13962,2489,2448,1,4,34721,0.05,138,1,0,1,220678,6687.0,0.58,0,1.08,672,C
CUST04383,24,Female,Married,Doctorate,Salaried,3,96718.0,8922.0,4,15349,4499,3903,0,0,40099,0.09,288,1,0,3,242949,3196.0,0.93,1,0.4,774,B
CUST04384,25,Male,Single,Graduate,Unemployed,0,89994.0,6259.0,4,9805,3277,3533,0,4,40498,0.3,971,2,0,1,25912,411.0,0.79,1,0.05,739,B
CUST04385,31,Female,Married,Graduate,Self-Employed,24,42819.0,7819.0,2,19401,3493,999,2,4,7585,0.13,78,1,0,1,7769,129.0,0.79,1,0.04,762,B
CUST04386,41,Female,Married,Doctorate,Self-Employed,10,88153.0,3820.0,5,52263,5665,3885,0,5,14129,0.1,113,3,0,3,201360,4474.0,0.66,1,0.61,697,C
CUST04387,55,Male,Married,Doctorate,Self-Employed,19,68630.0,,1,23923,5977,1388,0,2,32446,0.15,389,2,0,1,3332,69.0,0.99,2,0.01,792,B
CUST04388,32,Male,Married,Post-Graduate,Business Owner,12,61342.0,7390.0,2,34700,5835,1482,0,0,16051,0.62,796,1,0,0,138232,1626.0,0.48,2,0.32,609,C
CUST04389,46,Male,Single,High School,Salaried,29,91595.0,5205.0,2,21548,7005,2680,0,4,24390,0.42,819,1,1,4,66728,844.0,0.86,1,0.11,730,B
CUST04390,39,Female,Married,Graduate,Business Owner,14,127911.0,6938.0,2,0,1713,2726,0,4,47816,0.3,1147,0,1,3,97234,3472.0,0.78,0,0.33,737,B
CUST04391,65,Female,Married,Graduate,Business Owner,11,52624.0,1292.0,2,10539,1210,2323,0,2,13628,0.46,501,0,0,2,37713,598.0,0.73,0,0.14,708,B
CUST04392,27,Female,Single,Graduate,Salaried,27,88579.0,1230.0,1,11974,3818,2331,0,0,39867,0.28,893,0,0,3,274461,3518.0,0.73,0,0.48,715,B
CUST04393,67,Male,Single,Graduate,Salaried,21,72582.0,7421.0,2,19362,2605,944,0,1,35102,0.17,477,2,0,3,137600,1156.0,0.74,0,0.19,745,B
CUST04394,27,Female,Single,High School,Unemployed,0,93297.0,8401.0,1,29067,3055,2376,0,0,21738,0.56,973,2,1,3,79678,1122.0,,0,0.14,700,B
CUST04395,46,Female,Single,Post-Graduate,Business Owner,26,78212.0,2240.0,1,32922,0,3955,0,3,14330,0.22,252,1,0,4,19715,289.0,0.86,1,0.04,771,B
CUST04396,60,Female,Married,Post-Graduate,Salaried,10,57676.0,,2,25232,3492,2398,0,4,7504,0.17,102,3,1,4,102461,1679.0,0.73,0,0.35,720,B
CUST04397,25,Male,Single,High School,Self-Employed,3,56511.0,6604.0,3,35907,2382,4647,0,5,10496,0.31,260,2,0,2,119543,1811.0,0.83,0,0.38,714,B
CUST04398,41,Male,Single,Graduate,Salaried,13,88841.0,2615.0,1,10213,2424,2499,0,3,13839,0.31,343,0,1,0,210838,17569.0,0.76,1,2.0,662,C
CUST04399,34,Female,Married,Graduate,Salaried,28,78907.0,2019.0,2,28421,2782,1490,1,3,8809,0.44,310,2,0,3,27488,289.0,0.73,0,0.04,704,B
CUST04400,24,Female,Single,Post-Graduate,Salaried,27,93632.0,2835.0,4,27507,606,1422,0,1,11110,0.15,133,0,2,4,140183,1540.0,0.56,0,0.2,738,B
CUST04401,43,Female,Married,High School,Salaried,18,27116.0,3533.0,4,33514,2075,3802,0,4,8236,0.18,118,3,0,2,37392,584.0,0.33,1,0.26,657,C
CUST04402,62,Male,Married,Graduate,Self-Employed,27,107785.0,3809.0,5,9004,5218,2846,1,0,41294,0.45,1486,1,0,0,142084,1495.0,0.63,1,0.17,682,C
CUST04403,40,Male,Single,Graduate,Business Owner,13,,223.0,1,47619,3498,812,0,5,57946,0.16,741,0,0,3,417507,5218.0,0.87,0,0.53,756,B
CUST04404,35,Female,Married,Graduate,Business Owner,24,79557.0,3537.0,1,8183,5169,2674,1,2,12909,0.22,227,2,0,2,115392,2024.0,0.38,1,0.31,662,C
CUST04405,65,Male,Married,Post-Graduate,Salaried,14,94816.0,5953.0,4,13046,1222,3145,0,4,35962,0.13,374,1,0,2,241725,3554.0,0.49,2,0.45,691,C
CUST04406,49,Female,Married,Post-Graduate,Business Owner,14,104285.0,6986.0,1,31190,3378,943,1,3,33537,0.35,939,0,1,2,368042,5662.0,0.72,1,0.65,677,C
CUST04407,28,Male,Single,High School,Salaried,7,69579.0,3228.0,1,0,1390,2222,2,3,20264,0.28,453,2,0,4,1325,11.0,0.58,1,0.0,703,B
CUST04408,61,Male,Married,Graduate,Salaried,12,81960.0,9482.0,4,5992,6186,1477,0,4,31860,0.22,560,1,3,1,243083,2060.0,0.92,0,0.3,762,B
CUST04409,68,Female,Divorced,Doctorate,Unemployed,0,89560.0,5060.0,2,21297,1323,1961,2,1,17505,0.48,672,1,0,3,233119,10596.0,0.55,0,1.42,587,D
CUST04410,39,Female,Married,High School,Salaried,4,59300.0,,4,0,4528,1305,0,0,13313,0.16,170,0,0,1,215875,6167.0,0.75,0,1.25,689,C
CUST04411,68,Male,Single,Post-Graduate,Salaried,16,79120.0,2759.0,3,8044,2392,171,0,5,20084,0.32,514,1,0,0,143867,1692.0,0.94,0,0.26,750,B
CUST04412,59,Male,Married,Post-Graduate,Salaried,19,15000.0,6085.0,4,21320,4759,830,0,2,2594,0.34,70,0,0,4,57420,512.0,0.85,1,0.41,714,B
CUST04413,66,Female,Married,Post-Graduate,Salaried,10,56253.0,4737.0,4,7660,994,3689,3,5,16394,0.34,445,3,0,0,104665,1150.0,0.69,0,0.25,677,C
CUST04414,48,Male,Married,Graduate,Business Owner,16,118944.0,2997.0,2,46729,2233,1812,1,5,18168,0.28,406,2,0,4,31141,349.0,0.88,1,0.04,755,B
CUST04415,66,Female,Married,Graduate,Unemployed,0,86591.0,7584.0,4,30877,3962,4672,0,1,19678,0.16,251,0,0,3,265676,13283.0,0.9,1,1.84,710,B
CUST04416,47,Male,Married,Doctorate,Business Owner,27,51112.0,,4,26766,2878,1237,0,5,7424,,296,0,0,4,4815,45.0,0.49,2,0.01,667,C
CUST04417,24,Female,Married,Graduate,Business Owner,16,37986.0,4230.0,2,22105,3261,2800,0,5,4343,0.44,152,1,0,1,146821,,0.83,1,0.47,683,C
CUST04418,35,Female,Married,High School,Self-Employed,1,150676.0,5955.0,4,31501,2379,2782,1,0,36476,0.77,2246,4,0,2,335,2.0,0.71,0,0.0,639,C
CUST04419,55,Female,Married,Graduate,Business Owner,5,53951.0,5779.0,2,20867,2707,2479,0,4,18722,0.1,149,2,0,4,152069,7241.0,0.64,0,1.61,667,C
CUST04420,57,Male,Single,High School,Salaried,13,60072.0,4216.0,3,5131,2629,3892,2,1,9656,0.09,69,0,0,3,25018,735.0,0.84,1,0.15,776,B
CUST04421,21,Female,Married,Post-Graduate,Unemployed,0,92975.0,2732.0,2,25126,1874,974,1,5,46244,0.13,480,0,2,2,187207,2564.0,0.85,0,0.33,769,B
CUST04422,23,Male,Divorced,Graduate,Salaried,3,,,1,9265,6043,3828,2,2,10502,0.16,134,1,2,3,24309,311.0,0.53,0,0.07,721,B
CUST04423,67,Male,Single,Post-Graduate,Unemployed,0,86288.0,4427.0,1,26425,5463,2078,0,0,9412,0.22,165,5,0,1,198045,15234.0,0.87,1,2.0,657,C
CUST04424,44,Female,Married,Post-Graduate,Salaried,19,75849.0,1815.0,2,24430,5163,3031,0,4,8435,0.58,391,0,0,3,169444,4579.0,0.78,1,0.72,640,C
CUST04425,47,Female,Single,High School,Self-Employed,5,39816.0,6972.0,4,10530,4081,2314,0,0,14597,0.34,397,1,0,1,10870,95.0,0.9,2,0.03,746,B
CUST04426,60,Female,Married,Graduate,Self-Employed,5,76501.0,5134.0,5,50876,4526,4265,0,2,28148,0.4,900,3,0,2,44830,700.0,0.66,0,0.11,692,C
CUST04427,56,Male,Married,Post-Graduate,Unemployed,0,84786.0,4592.0,5,39118,1986,1427,2,4,39093,0.33,1032,1,0,2,242134,,0.93,0,0.43,722,B
CUST04428,54,Male,Single,Graduate,Business Owner,10,43285.0,526.0,3,19175,1394,707,0,3,5901,0.66,311,1,0,2,115290,1746.0,0.68,0,0.48,625,C
CUST04429,49,Male,Divorced,Doctorate,Salaried,12,90628.0,5951.0,3,27611,4938,3348,0,3,22706,0.37,672,0,1,3,105141,2061.0,0.83,0,0.27,732,B
CUST04430,44,Female,Single,Post-Graduate,Self-Employed,24,95910.0,535.0,5,25011,3744,2674,0,1,43707,0.29,1014,2,0,2,69986,729.0,0.59,0,0.09,713,B
CUST04431,44,Female,Married,High School,Salaried,11,44320.0,5423.0,5,11885,4957,2916,0,4,18573,0.13,193,0,0,0,119841,1843.0,0.79,0,0.5,743,B
CUST04432,62,Male,Married,Post-Graduate,Salaried,1,89561.0,7557.0,2,28567,3691,4004,1,4,17319,0.44,609,2,0,3,192360,1687.0,0.87,0,0.23,709,B
CUST04433,24,Female,Single,High School,Salaried,23,81896.0,9986.0,5,17050,1939,2779,1,1,37343,0.19,567,0,0,3,82422,1498.0,0.72,1,0.22,742,B
CUST04434,23,Male,Single,High School,Salaried,21,64690.0,5200.0,1,0,1296,2169,1,5,24085,0.44,847,0,0,1,253252,2979.0,0.69,1,0.55,660,C
CUST04435,54,Male,Single,Post-Graduate,Self-Employed,3,67224.0,10275.0,3,12328,3913,2466,1,0,13829,0.41,453,1,0,4,101706,1240.0,0.73,1,0.22,694,C
CUST04436,69,Male,Married,Post-Graduate,Unemployed,0,86836.0,7198.0,3,12419,4307,4856,2,1,10240,0.16,131,0,0,2,238478,9172.0,0.41,0,1.27,631,C
CUST04437,43,Male,Married,Graduate,Unemployed,0,57282.0,6417.0,1,0,3921,2894,0,5,17126,0.09,123,1,0,1,202489,2327.0,0.56,0,0.49,711,B
CUST04438,43,Male,Single,Graduate,Salaried,24,92349.0,8347.0,3,40024,1584,3425,2,4,35575,0.41,1166,0,0,3,352176,3521.0,0.6,0,0.46,664,C
CUST04439,65,Female,Single,Graduate,Salaried,20,50939.0,9017.0,5,12113,3422,1542,0,5,10567,0.37,312,1,1,2,182587,6296.0,0.68,0,1.48,632,C
CUST04440,25,Male,Single,Graduate,Salaried,3,53130.0,7470.0,3,14337,3492,3515,1,3,8898,0.09,64,0,0,2,125835,1534.0,0.35,5,0.35,669,C
CUST04441,51,Female,Married,Graduate,Salaried,18,36429.0,4576.0,1,53763,2070,2021,0,0,4739,0.14,53,1,0,4,30495,390.0,0.64,0,0.13,744,B
CUST04442,61,Male,Married,Graduate,Salaried,3,23403.0,3391.0,3,5379,5097,410,0,5,10222,0.09,73,1,0,4,86792,2992.0,0.87,0,1.53,707,B
CUST04443,26,Female,Single,Graduate,Salaried,7,79534.0,1127.0,5,18583,2863,2754,1,4,9694,0.32,248,3,0,1,310849,7771.0,0.74,0,1.17,633,C
CUST04444,57,Female,Married,Doctorate,Self-Employed,22,16332.0,5504.0,2,0,5369,2650,0,2,5614,0.29,130,2,1,3,410,8.0,,0,0.01,712,B
CUST04445,30,Female,Single,Graduate,Self-Employed,26,84812.0,8543.0,5,10398,3672,2928,1,3,34374,0.49,1347,2,0,3,309047,4754.0,0.73,1,0.67,634,F
CUST04446,60,Male,Divorced,High School,Self-Employed,28,72454.0,2114.0,3,12180,2861,2181,1,3,29865,0.07,167,0,0,4,256913,3778.0,0.85,0,0.63,750,B
CUST04447,27,Female,Divorced,Post-Graduate,Salaried,29,131583.0,1770.0,4,36800,3279,3760,0,1,47564,0.2,761,2,0,0,237345,9889.0,0.53,1,0.9,646,C
CUST04448,59,Female,Married,Post-Graduate,Self-Employed,21,93220.0,10393.0,3,7490,0,2869,0,4,33663,0.29,780,0,0,3,296225,3366.0,0.8,0,0.43,728,E
CUST04449,58,Male,Divorced,Doctorate,Business Owner,24,90310.0,4231.0,3,32756,3079,2101,0,4,26157,0.21,439,2,0,2,343097,4288.0,0.6,1,0.57,680,C
CUST04450,41,Male,Married,High School,Salaried,27,54811.0,0.0,1,60500,0,3789,1,1,14617,0.47,549,0,1,4,67730,1992.0,0.79,3,0.44,669,C
CUST04451,40,Male,Married,High School,Salaried,1,58070.0,630.0,4,46253,2307,2940,1,4,8997,0.15,107,2,0,1,109260,6427.0,0.85,0,1.33,685,C
CUST04452,23,Female,Married,Graduate,Salaried,19,62379.0,6327.0,1,0,3695,2675,1,4,19595,0.24,376,2,0,1,34870,968.0,0.95,1,0.19,753,B
CUST04453,42,Male,Single,Graduate,Salaried,18,73937.0,3571.0,1,27412,2496,1923,0,5,9494,0.31,235,2,0,3,86452,971.0,0.7,1,0.16,712,B
CUST04454,67,Male,Single,Graduate,Salaried,2,57477.0,6435.0,5,43570,5369,4874,3,3,16511,0.22,290,0,0,0,203266,1973.0,0.77,1,0.41,714,B
CUST04455,24,Male,Single,Graduate,Salaried,28,92116.0,4334.0,2,7577,3117,1310,0,0,36142,0.32,925,2,0,0,66159,703.0,0.56,0,0.09,702,B
CUST04456,48,Male,Married,High School,Salaried,27,63318.0,5633.0,3,18722,4090,2073,2,2,17548,0.36,505,1,0,1,238597,9543.0,0.94,0,1.81,664,C
CUST04457,32,Female,Single,Graduate,Salaried,12,108459.0,10301.0,4,15305,2923,2077,0,2,32897,0.07,184,1,1,0,242393,9322.0,0.92,2,1.03,719,B
CUST04458,58,Male,Single,Post-Graduate,Self-Employed,17,50346.0,4440.0,3,34320,3664,2278,0,0,21995,0.4,703,1,1,1,141725,1889.0,0.82,1,0.45,692,C
CUST04459,56,Female,Married,Graduate,Salaried,21,97384.0,8532.0,1,12851,2654,3219,0,2,34925,0.17,474,0,0,2,153049,4782.0,0.47,1,0.59,681,C
CUST04460,67,Female,Single,Post-Graduate,Self-Employed,21,132912.0,5340.0,2,48666,4053,3014,0,0,20074,0.15,240,2,0,2,124499,4788.0,0.93,0,0.43,763,B
CUST04461,61,Male,Married,Graduate,Salaried,3,128044.0,1547.0,1,38438,4867,3168,0,4,40612,0.05,162,0,0,0,247030,2445.0,0.56,1,0.23,753,B
CUST04462,25,Female,Divorced,Graduate,Salaried,12,49214.0,10929.0,3,0,3304,2394,1,1,12098,0.06,58,2,0,3,60078,653.0,0.85,0,0.16,776,B
CUST04463,33,Male,Married,Graduate,Business Owner,28,109573.0,11367.0,5,0,5188,3887,2,5,20022,0.45,720,2,0,3,227950,7860.0,,1,0.86,604,C
CUST04464,43,Female,Married,Graduate,Self-Employed,25,15000.0,4540.0,3,23149,2708,1570,1,4,5387,0.53,228,1,0,3,6029,94.0,0.72,1,0.08,677,C
CUST04465,50,Male,Married,High School,Salaried,12,28313.0,5455.0,1,16782,5054,1486,0,1,7208,0.26,149,3,0,4,103910,936.0,0.78,1,0.4,698,C
CUST04466,57,Female,Married,Post-Graduate,Self-Employed,6,93020.0,8718.0,4,18868,4285,1035,0,0,37851,0.12,363,1,0,2,101995,1457.0,0.68,0,0.19,755,B
CUST04467,45,Male,Single,Post-Graduate,Self-Employed,10,88125.0,4445.0,4,11458,2767,1971,0,4,29486,0.5,1179,1,1,4,223597,1944.0,0.76,1,0.26,687,C
CUST04468,68,Male,Divorced,Graduate,Salaried,22,93056.0,7899.0,4,4056,4169,2620,0,0,13186,0.04,42,0,1,4,241133,2318.0,0.76,0,0.3,779,B
CUST04469,47,Female,Single,High School,Salaried,26,,2558.0,4,20405,4130,1826,0,5,14506,0.24,278,3,0,3,60469,,0.84,1,0.3,723,B
CUST04470,34,Male,Single,Doctorate,Business Owner,6,41525.0,10499.0,4,27070,4440,1898,1,5,8634,0.38,262,2,2,4,165562,1761.0,0.6,2,0.51,638,C
CUST04471,68,Female,Married,Graduate,Salaried,14,20766.0,6090.0,2,35613,0,3831,3,3,3322,0.16,42,1,0,3,40173,368.0,0.92,1,0.21,753,B
CUST04472,67,Male,Single,High School,Salaried,2,49153.0,7252.0,2,38059,1425,1674,0,5,20648,0.09,148,0,0,3,148406,2283.0,0.85,0,0.56,755,B
CUST04473,56,Female,Married,Graduate,Salaried,11,94507.0,9069.0,5,20620,2651,2120,1,5,23760,0.12,228,0,0,0,11901,163.0,0.75,0,0.02,783,B
CUST04474,59,Male,Single,Post-Graduate,Business Owner,15,100810.0,7456.0,4,25357,3450,2955,0,0,34810,0.07,194,1,0,2,92807,875.0,0.92,2,0.1,799,B
CUST04475,36,Female,Single,Graduate,Unemployed,0,83895.0,4848.0,1,0,3969,498,0,5,37988,0.17,516,1,1,3,35427,416.0,0.59,0,0.06,743,B
CUST04476,42,Male,Single,Graduate,Business Owner,26,,10161.0,1,30763,2420,1061,1,4,25655,0.51,1046,1,0,4,112505,1757.0,0.81,0,0.26,691,C
CUST04477,41,Male,Single,Graduate,Business Owner,8,125794.0,7505.0,3,40081,4257,3411,2,1,25565,0.22,449,1,0,0,374351,4113.0,0.43,0,0.39,676,C
CUST04478,41,Male,Married,High School,Unemployed,0,117198.0,4506.0,4,29826,0,283,0,3,48786,0.09,351,0,0,3,66099,972.0,0.73,1,0.1,781,B
CUST04479,28,Female,Married,Graduate,Self-Employed,13,103317.0,490.0,1,19280,963,727,0,4,28340,0.17,385,0,1,0,170827,3634.0,0.84,1,0.42,753,B
CUST04480,69,Male,Married,Post-Graduate,Business Owner,19,109676.0,4956.0,5,5628,2257,508,0,4,35703,0.18,514,1,1,1,85993,5058.0,0.88,0,0.55,744,B
CUST04481,36,Female,Divorced,Graduate,Unemployed,0,85484.0,3411.0,1,5664,6150,2078,0,4,39393,0.19,598,0,0,3,77559,753.0,0.75,1,0.11,762,B
CUST04482,51,Female,Single,High School,Salaried,9,89349.0,5073.0,5,17102,4390,966,2,3,26421,0.11,232,0,0,2,17449,256.0,0.78,0,0.03,783,B
CUST04483,62,Male,Single,High School,Self-Employed,18,51810.0,3075.0,4,26881,2431,1482,0,4,12117,0.36,348,3,0,0,105272,1725.0,0.79,0,0.4,689,C
CUST04484,30,Female,Single,Graduate,Self-Employed,7,86387.0,6152.0,3,0,5537,3887,1,5,33773,0.13,351,3,0,2,57388,726.0,0.88,1,0.1,765,B
CUST04485,52,Male,Married,Post-Graduate,Unemployed,0,55625.0,3652.0,3,154,1549,2253,1,1,8532,0.14,95,1,0,0,68582,629.0,0.81,0,0.14,766,B
CUST04486,54,Male,Married,Graduate,Business Owner,12,112215.0,9281.0,2,34089,1915,2763,0,5,52234,0.17,710,1,0,2,160600,1672.0,0.79,1,0.18,761,B
CUST04487,29,Female,Married,Graduate,Business Owner,15,93749.0,6841.0,4,45914,3423,2925,0,4,43707,0.5,1748,4,0,4,85343,7111.0,0.74,0,0.91,608,C
CUST04488,37,Female,Married,High School,Unemployed,0,62160.0,3603.0,1,17376,3182,3774,0,2,20622,,49,1,0,4,118880,1070.0,0.73,0,0.21,773,B
CUST04489,31,Female,Married,Graduate,Self-Employed,21,96060.0,5027.0,3,29832,3626,1920,3,0,15534,0.3,372,4,1,4,33957,1257.0,0.73,0,0.16,696,C
CUST04490,52,Male,Married,High School,Salaried,13,108656.0,6526.0,5,18265,2480,2405,0,2,30514,,341,0,1,3,307309,2872.0,0.69,1,0.32,746,B
CUST04491,30,Male,Divorced,Post-Graduate,Salaried,6,48855.0,491.0,5,21851,4043,2222,0,5,13157,0.51,536,0,0,1,56995,3562.0,0.7,0,0.87,629,C
CUST04492,42,Male,Single,Graduate,Self-Employed,8,67288.0,6404.0,1,3562,3201,1293,1,1,14757,0.48,566,4,0,2,137632,5097.0,,0,0.91,608,C
CUST04493,37,Female,Married,Post-Graduate,Salaried,14,45840.0,0.0,1,28346,4843,2308,0,1,7794,0.08,49,0,0,3,21053,187.0,0.74,0,0.05,785,B
CUST04494,24,Male,Married,Post-Graduate,Salaried,3,73809.0,9605.0,4,8865,4225,2865,0,0,15166,0.22,266,0,1,1,7672,71.0,0.53,0,0.01,736,B
CUST04495,68,Female,Married,Post-Graduate,Salaried,16,115041.0,3880.0,1,23657,2016,3539,0,1,37067,0.41,1215,1,0,1,160865,9462.0,,0,0.99,602,C
CUST04496,67,Male,Single,Graduate,Unemployed,0,75018.0,,1,31290,1238,1443,1,1,28077,0.38,853,1,0,1,201849,5046.0,0.44,0,0.81,609,C
CUST04497,45,Male,Married,High School,Salaried,24,92420.0,1565.0,1,29419,4614,3803,2,4,45455,0.36,1309,0,0,3,166185,1445.0,0.92,2,0.19,735,B
CUST04498,41,Male,Married,Doctorate,Business Owner,17,58629.0,6723.0,3,7901,1355,2025,0,0,10922,0.14,122,2,0,4,166107,2129.0,0.75,0,0.44,728,B
CUST04499,57,Male,Married,Post-Graduate,Unemployed,0,100500.0,1480.0,4,24051,4592,3976,1,2,18251,0.18,262,0,0,4,262972,4961.0,0.87,1,0.59,735,B
CUST04500,58,Male,Single,Post-Graduate,Salaried,10,73102.0,4117.0,1,11373,2606,2465,0,4,10732,0.27,231,3,1,0,207706,6700.0,0.55,0,1.1,618,D
CUST04501,69,Female,Divorced,High School,Salaried,17,97882.0,7903.0,1,31093,3944,2831,0,4,46552,0.16,595,2,0,1,334058,5219.0,0.51,0,0.64,675,C
CUST04502,21,Female,Married,Graduate,Business Owner,16,101034.0,6850.0,5,32540,2081,2040,0,2,25535,0.23,469,0,1,4,108907,955.0,0.93,1,0.11,783,B
CUST04503,45,Male,Married,Post-Graduate,Self-Employed,21,43362.0,6696.0,3,31705,3708,4375,0,1,20362,0.12,195,0,0,3,1270,79.0,0.37,1,0.02,720,B
CUST04504,56,Male,Married,High School,Salaried,24,54493.0,3938.0,1,42467,4735,1427,2,3,24836,0.12,238,0,0,2,10826,208.0,0.75,0,0.05,771,B
CUST04505,37,Male,Divorced,Graduate,Salaried,2,62641.0,1863.0,3,28048,2346,3734,1,5,7365,0.32,188,2,0,4,54712,614.0,0.65,1,0.12,699,C
CUST04506,61,Female,Single,Graduate,Salaried,20,128258.0,7343.0,4,43324,1672,1169,0,3,27178,0.32,695,3,0,2,56537,657.0,0.83,1,0.06,738,B
CUST04507,44,Male,Single,High School,Salaried,4,115730.0,2239.0,4,31253,1810,1688,0,5,25577,0.37,757,3,0,3,132051,2031.0,0.96,0,0.21,738,B
CUST04508,22,Female,Married,Graduate,Salaried,11,78004.0,3133.0,2,9943,0,4533,1,1,16454,0.21,276,0,0,1,188007,1663.0,0.73,0,0.26,741,B
CUST04509,60,Male,Married,Graduate,Salaried,27,157199.0,9282.0,5,24087,1738,3258,0,4,42464,0.23,781,2,0,2,481852,34418.0,0.66,0,2.0,660,C
CUST04510,35,Male,Single,High School,Self-Employed,7,35671.0,,2,36582,4847,2823,1,2,10691,0.07,59,1,1,2,22302,197.0,0.63,0,0.07,755,B
CUST04511,52,Female,Divorced,Graduate,Unemployed,0,67928.0,909.0,3,37706,457,2741,0,3,27393,0.34,745,0,1,3,156258,4340.0,0.84,0,0.77,692,C
CUST04512,59,Male,Married,Graduate,Self-Employed,25,110254.0,4967.0,5,14254,2207,3834,1,4,22831,0.19,347,2,0,1,395473,3595.0,0.63,1,0.39,701,B
CUST04513,26,Female,Married,Graduate,Unemployed,0,76325.0,4525.0,1,14073,3220,2940,0,3,16753,0.32,428,3,0,4,226814,8100.0,0.46,1,1.27,591,D
CUST04514,21,Male,Single,Post-Graduate,Business Owner,6,49545.0,3876.0,5,30096,3186,2539,1,2,16817,0.58,780,0,0,4,30755,265.0,0.89,0,0.06,712,B
CUST04515,67,Male,Single,Graduate,Self-Employed,10,86932.0,3967.0,5,9281,1755,3054,2,4,14926,0.18,214,1,0,1,223582,4860.0,0.79,0,0.67,707,B
CUST04516,43,Male,Married,Graduate,Salaried,21,155277.0,8925.0,4,17948,4973,2262,0,0,44918,0.39,1401,2,0,1,297201,3416.0,0.72,0,0.26,706,B
CUST04517,59,Female,Divorced,Post-Graduate,Salaried,4,49927.0,10983.0,2,22647,4143,2022,1,4,10005,0.14,112,5,0,3,50056,435.0,0.72,0,0.1,725,B
CUST04518,37,Female,Married,Doctorate,Business Owner,25,53045.0,4872.0,4,18787,1555,1640,0,0,9505,0.12,91,1,0,4,111951,3109.0,0.59,0,0.7,691,C
CUST04519,54,Male,Divorced,High School,Unemployed,0,42731.0,5491.0,4,33352,2781,1237,0,1,17872,0.22,314,0,0,4,27592,358.0,0.85,0,0.1,772,B
CUST04520,61,Female,Married,Graduate,Salaried,28,62408.0,907.0,2,32262,2113,3052,1,2,23892,0.17,324,0,0,0,78977,2025.0,0.67,0,0.39,725,B
CUST04521,49,Male,Married,Graduate,Salaried,25,107483.0,10083.0,4,23403,3730,2305,0,3,21488,0.27,464,1,0,2,154300,2449.0,0.47,1,0.27,686,C
CUST04522,29,Male,Married,Graduate,Business Owner,1,122028.0,3024.0,5,4188,5220,545,1,1,32467,0.1,259,0,0,0,163805,1706.0,,0,0.17,784,B
CUST04523,33,Male,Married,Post-Graduate,Salaried,7,37036.0,3731.0,3,41965,3754,2024,0,1,5988,0.12,57,2,1,3,13562,171.0,0.96,0,0.06,794,B
CUST04524,26,Male,Married,Doctorate,Salaried,26,93263.0,7371.0,1,9572,5419,2848,0,5,11309,0.35,316,3,1,0,154903,1960.0,0.58,0,0.25,678,C
CUST04525,26,Male,Single,Doctorate,Business Owner,25,98210.0,5842.0,1,12669,2844,1668,1,5,32810,0.16,419,1,0,1,331005,11033.0,0.46,0,1.35,637,C
CUST04526,40,Female,Married,Graduate,Self-Employed,21,54528.0,6648.0,4,8474,585,2847,0,4,13382,0.2,214,4,1,2,182912,7952.0,0.7,1,1.75,638,C
CUST04527,23,Male,Single,Graduate,Self-Employed,16,97256.0,7038.0,2,0,1915,0,0,4,17788,0.46,654,0,0,2,163690,4307.0,0.65,0,0.53,667,C
CUST04528,37,Male,Married,Doctorate,Unemployed,0,86277.0,4975.0,5,35507,4098,4369,0,5,12582,0.35,352,2,0,3,4352,161.0,0.63,0,0.02,713,B
CUST04529,69,Male,Married,Graduate,Self-Employed,24,107759.0,7648.0,4,47813,2896,2824,0,5,40087,0.2,641,1,0,3,249896,2839.0,0.75,1,0.32,736,B
CUST04530,32,Female,Single,Graduate,Self-Employed,5,15000.0,0.0,5,1557,3174,190,1,0,3128,0.17,42,0,0,2,35748,794.0,0.72,1,0.64,699,C
CUST04531,68,Female,Single,Post-Graduate,Salaried,22,83735.0,9906.0,5,0,2340,0,1,0,38765,0.12,372,0,0,3,286851,2410.0,0.89,0,0.35,773,B
CUST04532,67,Male,Married,Graduate,Salaried,23,99427.0,4454.0,1,22509,2176,2791,0,1,17610,0.17,239,0,0,2,333342,3787.0,0.81,2,0.46,739,B
CUST04533,65,Male,Married,Graduate,Business Owner,10,106405.0,7619.0,3,25490,4729,1370,1,1,21016,0.25,420,3,0,2,329800,3747.0,0.24,0,0.42,627,C
CUST04534,21,Male,Single,Post-Graduate,Salaried,7,99189.0,6478.0,3,0,5797,2863,0,4,43711,0.23,804,1,0,4,339925,3268.0,0.47,0,0.4,686,C
CUST04535,37,Male,Married,High School,Salaried,13,38795.0,0.0,2,4621,2293,3508,0,4,12762,0.33,336,1,0,1,38609,1286.0,0.81,0,0.4,711,B
CUST04536,23,Male,Single,High School,Salaried,28,117811.0,5655.0,3,40010,2056,1567,1,3,16888,0.2,270,1,0,2,267279,12727.0,,0,1.3,673,C
CUST04537,46,Male,Single,Graduate,Salaried,7,97367.0,0.0,4,29303,4294,3381,1,2,31136,0.41,1021,4,1,0,363730,12542.0,0.83,1,1.55,620,F
CUST04538,35,Male,Single,Graduate,Salaried,15,75565.0,6482.0,1,39890,5346,3579,1,3,16869,0.38,512,0,0,2,160411,2394.0,0.87,0,0.38,720,B
CUST04539,56,Male,Single,High School,Self-Employed,17,76079.0,5652.0,1,4485,4665,3037,0,2,30034,0.35,840,0,0,4,270557,14239.0,0.77,0,2.0,660,C
CUST04540,52,Male,Married,Graduate,Salaried,23,127912.0,1162.0,5,20081,5917,4089,1,1,16771,0.03,40,1,0,2,464059,7250.0,0.44,2,0.68,680,B
CUST04541,52,Female,Divorced,Graduate,Salaried,27,96369.0,5565.0,4,19161,4748,1398,0,4,45019,0.33,1188,0,0,2,27122,459.0,0.54,0,0.06,716,B
CUST04542,24,Female,Married,Post-Graduate,Self-Employed,3,79669.0,3574.0,4,36239,4238,865,0,3,23206,0.26,482,2,0,4,291735,2676.0,0.4,0,0.4,660,C
CUST04543,38,Female,Married,Graduate,Unemployed,0,49506.0,4508.0,5,10556,4905,527,0,5,19491,0.33,514,2,1,1,20035,,0.92,0,0.06,752,B
CUST04544,69,Male,Single,Post-Graduate,Salaried,10,68198.0,0.0,5,12441,3692,2574,0,2,26042,0.74,1541,2,1,3,109700,1232.0,0.81,0,0.22,650,C
CUST04545,39,Male,Married,Graduate,Self-Employed,5,49424.0,1285.0,1,27703,3211,3029,0,5,8466,0.2,135,0,0,4,148652,3162.0,0.64,0,0.77,684,C
CUST04546,63,Male,Single,Post-Graduate,Self-Employed,24,22469.0,2638.0,4,31825,3893,3257,0,5,10156,0.31,251,1,0,3,6351,62.0,0.81,1,0.03,741,B
CUST04547,55,Female,Married,Graduate,Self-Employed,7,81713.0,1588.0,3,13224,3820,2433,1,0,15777,0.17,214,0,1,3,129227,1095.0,0.56,0,0.16,732,B
CUST04548,60,Male,Divorced,High School,Salaried,7,22387.0,3423.0,3,23561,2031,2877,1,2,3945,0.06,18,0,1,0,21009,308.0,0.85,0,0.17,787,B
CUST04549,34,Female,Single,Post-Graduate,Unemployed,0,56129.0,2983.0,1,34178,3827,2894,0,2,17302,0.14,193,3,2,2,158446,1633.0,0.67,0,0.35,716,B
CUST04550,53,Female,Married,Graduate,Self-Employed,23,65720.0,5905.0,3,24778,3287,3023,0,5,32453,0.04,103,4,1,3,228444,3938.0,0.7,0,0.72,699,C
CUST04551,34,Male,Single,High School,Business Owner,14,31209.0,0.0,3,13397,3780,3115,1,4,7033,0.15,84,0,0,3,95811,1212.0,0.61,0,0.47,709,B
CUST04552,54,Female,Married,Graduate,Salaried,23,105561.0,10977.0,4,24597,3087,3585,0,3,51279,0.25,1025,2,0,3,232040,6271.0,0.64,1,0.71,668,A
CUST04553,24,Male,Single,Post-Graduate,Self-Employed,15,71573.0,3154.0,4,29797,3654,1009,0,1,19613,0.2,313,1,0,0,241462,9658.0,0.3,1,1.62,603,C
CUST04554,44,Male,Married,Graduate,Business Owner,5,15000.0,4080.0,2,21252,3508,1621,0,3,6508,0.44,229,1,0,4,51352,2702.0,0.76,0,2.0,627,C
CUST04555,49,Male,Single,High School,Salaried,5,100195.0,6783.0,4,28072,1369,3084,1,1,31260,0.06,150,2,0,3,198680,3425.0,0.31,0,0.41,679,C
CUST04556,39,Male,Married,High School,Salaried,4,128079.0,10216.0,2,34386,1976,512,2,5,23323,0.06,111,1,0,1,437986,4252.0,0.52,1,0.4,712,B
CUST04557,26,Female,Married,Graduate,Self-Employed,20,80400.0,3232.0,4,26327,822,2335,0,0,36340,0.69,2005,1,0,0,286899,6520.0,0.65,1,0.97,571,D
CUST04558,53,Male,Single,Graduate,Salaried,21,93583.0,7068.0,5,33011,5150,3727,0,5,12052,0.41,395,1,0,1,3175,32.0,0.84,0,0.0,744,B
CUST04559,69,Male,Married,Graduate,Self-Employed,26,84709.0,2987.0,4,17603,2995,4320,1,5,31605,0.32,809,2,0,4,298275,3351.0,0.45,0,0.47,646,C
CUST04560,60,Female,Divorced,High School,Salaried,9,92123.0,7820.0,2,12848,3507,3269,1,4,39825,0.09,286,0,0,1,20439,1021.0,0.52,0,0.13,744,B
CUST04561,39,Female,Married,Graduate,Salaried,27,58815.0,7091.0,3,41342,2995,2973,0,2,25455,0.47,957,1,0,2,70418,2011.0,0.84,1,0.41,687,C
CUST04562,21,Male,Single,Post-Graduate,Self-Employed,12,52611.0,1802.0,4,0,1500,3631,1,5,19051,0.06,91,3,0,1,116659,2713.0,0.74,0,0.62,711,B
CUST04563,25,Female,Single,Post-Graduate,Salaried,16,43396.0,6737.0,3,26361,2749,3000,0,3,8696,0.58,403,0,0,1,42411,493.0,0.94,1,0.14,712,B
CUST04564,47,Female,Divorced,Post-Graduate,Unemployed,0,78607.0,718.0,3,15487,3017,3277,0,3,24577,0.47,924,1,0,1,275364,5619.0,0.62,0,0.86,621,C
CUST04565,36,Male,Married,High School,Business Owner,8,,2775.0,4,30286,367,4761,1,1,33196,0.64,1699,1,0,0,297515,3305.0,0.51,0,0.42,610,C
CUST04566,26,Male,Married,Doctorate,Self-Employed,9,93972.0,981.0,4,2291,3772,2562,2,3,42839,0.18,616,1,0,4,182015,1582.0,0.76,0,0.2,745,B
CUST04567,60,Male,Single,Graduate,Business Owner,12,62417.0,5002.0,5,25500,3531,2217,0,2,10228,0.4,327,3,0,2,209039,3543.0,0.43,1,0.68,599,D
CUST04568,33,Female,Married,Doctorate,Business Owner,20,69177.0,7995.0,2,28897,2486,4087,0,1,19782,0.21,332,0,0,4,226218,13306.0,0.7,1,2.0,668,C
CUST04569,68,Female,Single,Graduate,Salaried,28,69056.0,1272.0,4,26033,5197,2350,0,2,16107,0.19,244,3,0,1,90984,3137.0,0.38,1,0.55,642,C
CUST04570,55,Female,Divorced,Graduate,Business Owner,29,59884.0,,3,6959,3590,3078,0,5,16233,0.17,220,1,0,1,15476,209.0,0.73,2,0.04,753,B
CUST04571,39,Male,Divorced,Graduate,Salaried,7,,4274.0,3,11010,4356,3435,0,1,2975,0.13,30,0,0,1,40690,557.0,0.82,0,0.39,754,B
CUST04572,32,Male,Single,Graduate,Salaried,21,69158.0,1919.0,4,30548,3591,1143,1,2,12930,0.48,496,1,0,3,217277,2617.0,0.87,1,0.45,682,C
CUST04573,36,Male,Married,Post-Graduate,Self-Employed,4,66036.0,3733.0,2,18425,3611,2466,0,1,26938,0.39,840,2,2,4,244890,2246.0,0.68,0,0.41,676,C
CUST04574,63,Male,Single,Post-Graduate,Self-Employed,28,73575.0,6736.0,3,0,0,1879,0,4,21436,0.45,771,1,0,2,10915,222.0,0.53,0,0.04,684,C
CUST04575,30,Female,Married,Doctorate,Salaried,23,59020.0,,5,12890,2216,2040,0,3,18039,0.46,663,2,0,1,95409,2650.0,0.78,1,0.54,661,C
CUST04576,45,Female,Divorced,Graduate,Salaried,3,83715.0,5922.0,3,37785,2849,3512,1,2,38424,0.09,276,1,1,2,228906,10404.0,0.45,0,1.49,647,C
CUST04577,40,Male,Married,Graduate,Self-Employed,1,156252.0,4888.0,2,17833,1353,1118,2,0,30624,0.17,416,2,1,0,286179,7154.0,0.69,0,0.55,705,B
CUST04578,51,Male,Single,High School,Salaried,7,98492.0,5068.0,1,218,2630,2175,1,5,22821,0.22,401,3,0,3,88318,2324.0,0.82,0,0.28,731,B
CUST04579,24,Male,Single,Doctorate,Business Owner,9,60752.0,2805.0,5,14659,4378,2820,2,4,13574,0.25,271,1,1,4,144509,9031.0,0.87,0,1.78,673,C
CUST04580,64,Male,Married,Graduate,Self-Employed,2,68331.0,5290.0,5,19740,3017,2393,0,4,24851,0.08,159,1,1,4,239905,3241.0,0.74,0,0.57,734,B
CUST04581,43,Male,Married,Post-Graduate,Salaried,7,71587.0,589.0,1,8767,1030,2931,0,5,23264,0.6,1116,2,1,2,270481,13524.0,0.48,0,2.0,556,D
CUST04582,22,Male,Married,Graduate,Salaried,10,78474.0,4644.0,5,40218,3724,3177,0,2,22648,0.25,452,1,0,1,311594,2807.0,0.7,0,0.43,711,B
CUST04583,42,Male,Single,Graduate,Self-Employed,2,,10098.0,5,15514,110,3280,0,2,27483,0.67,1473,1,0,3,115138,3386.0,0.78,0,0.54,637,C
CUST04584,57,Male,Single,Doctorate,Salaried,13,61432.0,3683.0,5,16653,3888,3818,2,0,18034,0.34,490,0,0,2,49843,2076.0,0.98,1,0.41,729,B
CUST04585,28,Male,Divorced,High School,Salaried,29,59883.0,8363.0,3,17711,2216,5315,0,5,25533,0.04,81,0,0,0,193159,1740.0,0.82,0,0.35,779,B
CUST04586,27,Male,Married,Graduate,Salaried,3,94358.0,7012.0,3,0,5848,3596,2,2,24919,0.09,179,3,0,2,259716,5092.0,0.36,0,0.65,646,D
CUST04587,34,Female,Married,High School,Salaried,13,67125.0,9313.0,4,25659,824,2443,1,5,30625,0.2,490,1,0,1,202311,2107.0,0.77,0,0.38,729,B
CUST04588,23,Male,Married,Post-Graduate,Salaried,10,92160.0,0.0,4,11137,2949,3047,0,0,13626,0.42,457,1,0,2,134145,2439.0,,0,0.32,683,C
CUST04589,36,Female,Married,High School,Self-Employed,12,68461.0,5531.0,3,0,1335,2111,2,2,9418,0.44,331,1,1,4,61129,3056.0,0.64,0,0.54,647,C
CUST04590,39,Male,Single,High School,Business Owner,26,20880.0,6764.0,5,0,2437,3825,0,0,7564,0.33,199,1,0,1,65023,890.0,0.77,0,0.51,693,C
CUST04591,38,Male,Single,Graduate,Self-Employed,3,43292.0,7395.0,2,19223,6253,2845,0,1,11077,0.35,310,0,0,2,77092,1101.0,0.35,0,0.31,655,C
CUST04592,36,Male,Married,Graduate,Business Owner,28,26986.0,8603.0,1,38448,2408,4424,0,3,7617,0.19,115,2,0,2,74323,5717.0,0.55,0,2.0,634,C
CUST04593,28,Male,Married,Graduate,Salaried,29,81205.0,7089.0,4,30771,1201,2098,0,3,30728,0.46,1130,2,2,2,283341,2833.0,0.78,0,0.42,679,C
CUST04594,53,Female,Married,High School,Salaried,20,24024.0,5709.0,5,28330,3942,2173,0,2,4464,0.15,53,0,0,4,33098,435.0,0.75,0,0.22,756,B
CUST04595,69,Male,Divorced,Doctorate,Self-Employed,6,60023.0,,4,21527,2464,2253,0,2,7056,0.49,276,0,0,4,184334,2220.0,0.83,0,0.44,692,C
CUST04596,32,Female,Married,Doctorate,Self-Employed,3,63931.0,0.0,2,25736,2459,1888,0,3,17616,0.13,183,3,1,2,115839,1082.0,0.91,1,0.2,763,B
CUST04597,31,Female,Single,Graduate,Self-Employed,29,67599.0,9017.0,5,21475,2488,3171,1,3,30952,0.07,173,2,1,3,167124,3886.0,0.73,0,0.69,711,B
CUST04598,25,Male,Divorced,Post-Graduate,Self-Employed,25,101414.0,3178.0,3,8954,2495,2806,0,0,28425,0.42,955,0,1,0,335984,10499.0,0.95,0,1.24,677,C
CUST04599,47,Male,Married,Graduate,Self-Employed,2,106624.0,3949.0,2,9520,4738,2910,0,0,35056,0.46,1290,0,0,3,127375,1929.0,0.65,0,0.22,696,C
CUST04600,32,Female,Married,Graduate,Salaried,23,52709.0,7716.0,4,20225,652,123,1,1,9664,0.17,131,4,0,0,176785,5357.0,0.89,1,1.22,667,C
CUST04601,37,Male,Married,Graduate,Self-Employed,22,74424.0,4942.0,5,8546,3098,1322,0,1,21257,0.36,612,3,0,2,61153,794.0,0.81,0,0.13,719,B
CUST04602,26,Female,Married,Graduate,Self-Employed,14,62356.0,1528.0,5,0,3396,2406,1,0,18224,0.46,670,1,1,1,105409,1527.0,0.72,1,0.29,677,C
CUST04603,53,Male,Single,Graduate,Unemployed,0,87657.0,0.0,1,28999,3232,2643,0,1,17010,0.27,367,0,0,4,96542,1787.0,0.77,0,0.24,744,D
CUST04604,25,Male,Married,Graduate,Self-Employed,18,,3924.0,1,26576,1324,4429,0,4,12000,0.19,182,4,0,3,4721,224.0,0.92,1,0.04,762,B
CUST04605,48,Male,Married,Post-Graduate,Self-Employed,27,88589.0,5287.0,1,0,1459,1357,0,5,21270,0.3,510,1,1,4,4182,,0.91,0,0.01,773,B
CUST04606,34,Male,Married,Graduate,Self-Employed,19,40999.0,7388.0,3,1525,2521,1148,1,0,4737,0.37,140,1,1,4,32033,572.0,0.89,0,0.17,732,B
CUST04607,25,Female,Married,Post-Graduate,Business Owner,22,81843.0,4625.0,5,25058,1498,1228,0,1,13633,0.47,512,1,0,4,211532,3917.0,0.7,0,0.57,659,C
CUST04608,53,Male,Single,High School,Unemployed,0,32909.0,5060.0,5,2810,3467,2625,0,1,12918,0.45,465,2,0,0,69135,1257.0,0.85,0,0.46,682,C
CUST04609,68,Female,Single,Graduate,Business Owner,20,51574.0,1040.0,4,20413,4769,3364,1,2,18548,0.05,74,2,1,1,65734,995.0,0.77,0,0.23,760,B
CUST04610,61,Male,Single,Graduate,Self-Employed,17,78037.0,8123.0,3,32625,3090,1830,1,2,17567,0.45,632,1,0,2,138584,6599.0,0.65,2,1.01,601,C
CUST04611,39,Male,Single,Graduate,Salaried,17,16464.0,14039.0,1,13076,2532,2689,0,2,5276,0.27,113,0,0,3,44502,377.0,0.91,1,0.27,748,B
CUST04612,42,Male,Divorced,Post-Graduate,Self-Employed,19,15000.0,8903.0,5,29925,0,1079,0,3,6476,0.37,191,3,0,1,53355,476.0,0.55,0,0.38,649,C
CUST04613,25,Male,Married,Post-Graduate,Self-Employed,24,40289.0,8632.0,1,12419,3444,974,1,5,17552,0.21,294,2,0,4,41757,2197.0,0.72,0,0.65,684,C
CUST04614,22,Male,Married,Graduate,Business Owner,27,46828.0,6035.0,2,15053,1811,1959,1,3,16940,0.2,271,3,0,0,164865,10991.0,0.41,1,2.0,596,D
CUST04615,50,Male,Married,Post-Graduate,Salaried,4,49954.0,1864.0,3,26242,2506,3526,1,3,7474,0.35,209,1,0,4,82049,1823.0,0.87,0,0.44,709,B
CUST04616,67,Female,Single,Doctorate,Self-Employed,11,59273.0,2414.0,1,30085,1893,1660,0,0,9789,0.19,148,2,0,0,79361,1184.0,0.77,1,0.24,735,B
CUST04617,59,Male,Divorced,Graduate,Salaried,17,84198.0,6975.0,3,1190,2677,2283,0,2,18243,0.13,189,0,0,4,191501,5175.0,0.35,1,0.74,656,C
CUST04618,24,Male,Married,High School,Business Owner,24,133790.0,7672.0,5,221,3314,1382,0,2,49272,0.25,985,2,0,1,190517,4762.0,0.54,1,0.43,681,C
CUST04619,53,Female,Single,Post-Graduate,Salaried,10,56156.0,2182.0,2,0,3604,1212,2,0,11410,0.3,273,0,0,3,65322,933.0,0.99,1,0.2,756,B
CUST04620,33,Female,Married,High School,Self-Employed,22,86441.0,6363.0,4,45148,4575,3040,0,3,24702,0.16,316,0,0,3,311162,3748.0,0.86,0,0.52,752,B
CUST04621,40,Male,Divorced,Post-Graduate,Salaried,17,112358.0,5339.0,2,13469,2691,1809,0,5,48337,0.27,1044,1,0,0,182110,2801.0,0.38,0,0.3,675,C
CUST04622,27,Male,Divorced,Graduate,Salaried,12,106995.0,6485.0,3,9518,2665,820,1,1,48865,0.36,1407,0,0,4,64833,2161.0,0.75,0,0.24,722,B
CUST04623,35,Female,Single,Graduate,Self-Employed,10,,6073.0,2,24382,4852,760,0,4,22397,0.24,430,1,0,2,88960,4682.0,,0,1.09,657,C
CUST04624,43,Female,Divorced,High School,Salaried,10,101193.0,6227.0,5,0,4319,3702,0,2,14832,0.04,47,0,0,2,117053,5089.0,0.57,1,0.6,719,E
CUST04625,34,Male,Single,Graduate,Self-Employed,6,113719.0,0.0,3,14386,4934,497,0,3,52799,0.48,2027,1,0,4,233095,2506.0,0.58,0,0.26,671,C
CUST04626,43,Male,Single,Doctorate,Unemployed,0,120927.0,10471.0,3,20106,4407,3848,1,1,45185,0.39,1409,1,1,3,310863,,0.85,0,1.29,657,C
CUST04627,39,Female,Married,High School,Unemployed,0,122055.0,9246.0,5,5420,6652,3271,2,2,42415,0.42,1425,0,1,3,7524,97.0,0.87,0,0.01,747,B
CUST04628,49,Male,Divorced,Graduate,Salaried,26,41993.0,4955.0,1,2658,4116,1973,3,2,8357,0.16,106,2,0,3,132324,4410.0,0.38,0,1.26,601,C
CUST04629,40,Female,Married,Doctorate,Business Owner,19,82190.0,1459.0,4,14342,1401,3366,0,4,38735,0.17,526,0,1,4,153826,1569.0,0.89,0,0.23,780,C
CUST04630,49,Male,Married,Graduate,Salaried,2,54289.0,6689.0,2,12639,4116,2257,1,3,5805,0.05,23,1,0,4,117684,4707.0,0.76,0,1.04,697,C
CUST04631,44,Female,Married,Graduate,Unemployed,0,35809.0,614.0,4,12211,3556,2995,1,5,4758,0.58,220,1,0,3,19686,183.0,0.91,0,0.06,706,B
CUST04632,38,Male,Married,Graduate,Business Owner,18,89357.0,10030.0,4,0,2443,251,1,0,14428,0.16,184,1,0,4,156260,4464.0,0.42,0,0.6,666,C
CUST04633,30,Male,Divorced,Graduate,Salaried,27,81032.0,4515.0,5,0,2288,2674,0,1,30602,0.29,709,1,0,3,159538,1899.0,0.85,0,0.28,740,B
CUST04634,61,Female,Married,High School,Salaried,29,80126.0,3210.0,1,38877,2741,2067,1,1,27975,0.34,760,0,0,4,13155,154.0,0.73,1,0.02,734,B
CUST04635,28,Male,Divorced,High School,Salaried,21,60754.0,6750.0,4,343,0,1903,1,3,29032,0.04,92,1,1,4,42863,952.0,0.46,0,0.19,727,B
CUST04636,46,Male,Divorced,Graduate,Business Owner,4,148472.0,3591.0,3,16901,0,3570,0,1,35572,0.49,1394,0,0,1,218139,2507.0,0.89,0,0.2,733,B
CUST04637,49,Male,Single,Doctorate,Salaried,6,120266.0,4159.0,1,17537,3120,5030,0,0,28749,0.23,528,2,0,4,86278,3451.0,0.71,1,0.34,717,B
CUST04638,30,Male,Married,High School,Self-Employed,14,62442.0,2619.0,5,12800,2257,4058,0,1,22967,0.23,422,1,0,1,80022,833.0,0.57,0,0.16,718,B
CUST04639,37,Male,Married,Graduate,Self-Employed,7,74293.0,6875.0,4,17553,2173,3896,1,3,12604,0.4,403,1,0,4,261075,2193.0,0.83,0,0.35,705,B
CUST04640,22,Female,Married,Graduate,Unemployed,0,89858.0,5922.0,5,14655,2480,1504,0,0,25664,0.24,492,2,0,2,224508,2290.0,0.5,0,0.31,688,C
CUST04641,26,Male,Married,Post-Graduate,Unemployed,0,105819.0,8151.0,2,13771,695,3300,0,4,11235,0.53,476,2,0,4,232602,19383.0,0.61,0,2.0,592,D
CUST04642,25,Male,Single,Graduate,Salaried,18,89466.0,124.0,5,35801,4110,2040,1,5,30133,0.44,1060,0,0,2,302265,2651.0,0.84,0,0.36,708,B
CUST04643,48,Male,Married,Post-Graduate,Self-Employed,24,78441.0,1348.0,3,5699,2549,1932,0,3,32442,0.42,1090,1,0,4,74243,2651.0,0.78,0,0.41,694,C
CUST04644,61,Female,Divorced,High School,Business Owner,13,32476.0,3447.0,5,10466,3057,5083,1,5,5894,0.14,66,4,1,1,126797,1174.0,0.86,0,0.43,722,B
CUST04645,25,Female,Single,Doctorate,Business Owner,13,133888.0,8333.0,1,33691,4410,98,0,4,29839,0.42,1002,0,1,4,117509,1305.0,0.85,0,0.12,745,B
CUST04646,38,Male,Married,Graduate,Salaried,25,56066.0,724.0,2,11146,2483,3077,2,1,8563,0.05,34,1,1,0,110417,1415.0,0.48,1,0.3,708,B
CUST04647,46,Male,Divorced,Post-Graduate,Salaried,5,106837.0,2451.0,3,13275,4333,2996,0,5,36994,0.58,1716,0,0,0,411847,11767.0,0.61,0,1.32,598,D
CUST04648,40,Female,Married,Graduate,Salaried,7,75942.0,,2,10949,3544,3504,0,0,24727,0.32,633,0,0,0,101339,3619.0,0.68,1,0.57,685,C
CUST04649,61,Male,Married,Post-Graduate,Salaried,29,112504.0,6589.0,3,35723,4324,3475,0,5,48439,0.12,465,0,0,2,75177,1534.0,0.88,0,0.16,798,B
CUST04650,69,Female,Married,High School,Salaried,12,35970.0,8241.0,2,33320,4449,3114,0,1,17558,0.33,463,1,1,2,58594,2663.0,0.94,0,0.89,686,C
CUST04651,47,Female,Married,High School,Salaried,25,55942.0,4726.0,4,2210,3768,2996,0,3,27604,0.3,662,4,0,3,52115,1408.0,0.74,0,0.3,695,C
CUST04652,69,Female,Married,Graduate,Self-Employed,14,70791.0,10304.0,5,41202,2866,1574,0,4,10113,,339,2,1,1,211922,8830.0,0.86,0,1.5,645,C
CUST04653,32,Male,Married,Post-Graduate,Salaried,1,47497.0,646.0,1,0,3746,2575,2,4,15258,0.41,500,0,1,4,174857,3238.0,0.88,0,0.82,668,C
CUST04654,27,Female,Married,Post-Graduate,Self-Employed,24,58898.0,4356.0,1,0,1431,3512,0,1,24493,0.4,783,1,0,0,201854,2320.0,0.96,0,0.47,717,B
CUST04655,23,Female,Married,Graduate,Salaried,10,113734.0,4110.0,4,0,3567,1694,1,3,41352,0.33,1091,1,0,2,65192,958.0,0.82,0,0.1,744,B
CUST04656,30,Female,Married,Graduate,Business Owner,26,91575.0,4147.0,2,3460,4195,2951,1,1,42014,0.34,1142,0,0,4,348351,12901.0,0.9,1,1.69,673,C
CUST04657,54,Male,Single,High School,Unemployed,0,118430.0,1233.0,5,13519,1565,3526,0,5,32768,0.26,681,1,0,4,348472,,0.77,0,0.39,728,B
CUST04658,45,Male,Married,Post-Graduate,Self-Employed,9,76961.0,6663.0,4,3920,4929,2111,0,2,20844,0.19,316,0,0,1,233401,,0.89,1,0.57,740,B
CUST04659,55,Male,Married,Post-Graduate,Business Owner,10,70235.0,1326.0,2,1858,2908,4376,2,3,7757,0.73,453,0,0,2,154490,5149.0,0.56,1,0.88,555,D
CUST04660,36,Male,Married,Post-Graduate,Salaried,7,35767.0,1002.0,5,26928,3575,3188,2,3,3800,0.34,103,0,0,0,53433,1781.0,0.83,0,0.6,691,C
CUST04661,22,Female,Single,Graduate,Business Owner,16,106430.0,0.0,2,14534,1195,605,0,0,40130,0.3,963,0,0,3,107324,2235.0,0.65,0,0.25,722,B
CUST04662,44,Male,Single,Doctorate,Salaried,28,,2773.0,1,31000,0,2614,0,2,20248,0.06,97,0,0,0,132068,1610.0,0.98,0,0.28,807,A
CUST04663,30,Male,Single,Post-Graduate,Salaried,28,80838.0,5440.0,5,32926,4820,1565,1,4,29432,0.3,706,4,0,4,260278,10844.0,0.61,0,1.61,610,C
CUST04664,58,Male,Single,Graduate,Salaried,12,58220.0,5865.0,1,21435,2794,1275,0,1,11369,0.24,218,3,1,2,72430,4526.0,0.51,1,0.93,617,C
CUST04665,42,Female,Married,Graduate,Self-Employed,12,160375.0,4327.0,1,29492,4482,1353,0,4,71404,0.18,1028,0,0,0,570842,6204.0,0.83,1,0.46,753,B
CUST04666,46,Female,Single,Graduate,Salaried,26,78690.0,2991.0,5,16203,2731,4793,0,3,36287,0.15,435,1,1,3,46044,430.0,0.53,0,0.07,736,B
CUST04667,63,Male,Married,Graduate,Self-Employed,19,53551.0,,4,358,1693,1543,2,5,19541,0.22,343,0,2,1,10639,163.0,0.58,0,0.04,728,B
CUST04668,59,Male,Single,Graduate,Salaried,29,40221.0,2976.0,2,0,5597,2324,1,1,8491,0.59,400,0,0,2,80897,940.0,0.76,0,0.28,670,C
CUST04669,47,Male,Single,Graduate,Business Owner,13,90849.0,11161.0,5,0,2889,2892,1,4,16939,0.13,176,1,0,0,337653,7340.0,0.84,0,0.97,702,B
CUST04670,49,Female,Married,Graduate,Self-Employed,21,52399.0,1315.0,1,30430,3170,1656,0,1,18350,0.31,455,2,1,4,175154,2335.0,0.78,0,0.53,693,C
CUST04671,67,Female,Single,Graduate,Salaried,29,61464.0,2673.0,2,21204,2739,1510,1,4,29275,0.39,913,3,0,4,33918,1884.0,0.39,1,0.37,618,C
CUST04672,58,Female,Divorced,Graduate,Salaried,18,29164.0,4998.0,5,0,859,1753,1,1,9660,0.11,85,0,0,2,16398,496.0,0.66,1,0.2,742,B
CUST04673,40,Male,Single,Graduate,Business Owner,27,77012.0,1711.0,4,28525,3811,1802,2,4,33555,0.12,322,2,0,1,29402,1837.0,0.76,0,0.29,738,B
CUST04674,47,Female,Married,Post-Graduate,Salaried,26,76688.0,5138.0,5,19833,3631,3136,1,4,25012,0.1,200,4,0,2,241536,12712.0,0.76,0,1.99,668,D
CUST04675,61,Male,Married,Graduate,Self-Employed,3,130737.0,85.0,5,5262,4341,1476,1,1,48351,0.47,1817,1,0,3,172643,1939.0,0.58,0,0.18,678,C
CUST04676,40,Female,Married,High School,Self-Employed,26,58923.0,5371.0,3,5071,1781,4342,1,0,19274,0.05,77,0,0,0,78570,1964.0,0.74,0,0.4,756,B
CUST04677,64,Male,Single,Graduate,Salaried,7,15000.0,3667.0,2,14650,633,2242,0,1,4952,0.48,190,2,0,1,55508,533.0,0.79,0,0.43,668,C
CUST04678,39,Female,Married,Post-Graduate,Salaried,1,68330.0,2764.0,5,36740,3858,4446,0,5,27038,0.27,584,0,0,1,175100,3367.0,0.82,0,0.59,717,B
CUST04679,40,Male,Married,Post-Graduate,Salaried,3,114087.0,4124.0,1,19477,4959,2425,0,4,29491,0.4,943,0,0,2,424615,8011.0,0.74,1,0.84,660,C
CUST04680,55,Female,Divorced,Graduate,Salaried,21,93314.0,3377.0,1,8112,588,716,0,2,43073,0.34,1171,0,0,4,89310,850.0,0.78,0,0.11,745,B
CUST04681,67,Female,Divorced,Doctorate,Salaried,27,107588.0,3791.0,3,52211,906,1741,2,3,47919,0.19,728,2,0,1,319258,3099.0,0.4,0,0.35,670,C
CUST04682,22,Male,Single,High School,Salaried,14,88561.0,7299.0,1,33747,2173,3141,0,0,34549,0.1,276,2,0,0,33212,342.0,0.68,0,0.05,763,B
CUST04683,50,Male,Divorced,Doctorate,Salaried,4,61836.0,10397.0,5,33472,759,1249,1,5,24571,0.33,648,0,0,3,164506,4700.0,0.9,0,0.91,684,C
CUST04684,54,Female,Single,Graduate,Salaried,19,41271.0,0.0,2,34505,2410,2452,1,1,10949,0.51,446,4,0,0,71173,641.0,0.86,1,0.19,673,C
CUST04685,42,Male,Single,High School,Unemployed,0,45519.0,4303.0,3,37727,3566,2920,1,3,19710,0.15,236,0,0,1,5759,164.0,0.6,0,0.04,748,B
CUST04686,23,Male,Married,Graduate,Self-Employed,28,56936.0,1151.0,3,26310,4094,2951,0,5,26933,0.8,1723,0,1,3,19220,174.0,0.74,0,0.04,658,B
CUST04687,26,Male,Single,Graduate,Business Owner,6,94020.0,3976.0,4,20305,3810,3185,0,0,39305,0.05,157,1,0,4,353768,27212.0,0.67,0,2.0,693,C
CUST04688,35,Female,Single,Graduate,Salaried,20,72586.0,6208.0,4,21600,2775,2783,0,2,11120,0.14,124,1,1,2,227854,4467.0,0.87,0,0.74,728,B
CUST04689,47,Male,Single,Post-Graduate,Salaried,9,21022.0,12161.0,2,0,4918,1294,1,3,8716,0.39,271,1,1,2,67338,801.0,0.69,0,0.46,670,C
CUST04690,30,Male,Married,Post-Graduate,Business Owner,11,84604.0,4032.0,2,0,138,2172,0,5,24182,0.6,1160,2,0,3,10877,350.0,0.39,0,0.05,629,C
CUST04691,29,Male,Married,Graduate,Self-Employed,22,111680.0,5389.0,3,30640,1416,2514,0,1,38359,0.3,920,0,0,2,334658,3802.0,0.7,0,0.41,716,B
CUST04692,53,Male,Married,Graduate,Salaried,15,27658.0,2258.0,5,47298,3049,3034,0,2,13731,0.25,274,3,0,0,2990,37.0,0.71,0,0.02,728,B
CUST04693,52,Female,Single,High School,Salaried,9,91492.0,2101.0,5,14326,1847,1620,0,1,22300,0.4,713,2,0,3,104134,1679.0,0.63,0,0.22,687,C
CUST04694,68,Female,Married,High School,Self-Employed,29,15000.0,1958.0,4,40818,2792,2450,1,5,3591,0.05,14,1,0,3,29872,343.0,0.79,1,0.27,757,B
CUST04695,26,Female,Divorced,Graduate,Business Owner,11,48727.0,2847.0,2,43030,3722,4797,1,3,10001,0.33,264,2,0,1,76446,2466.0,0.79,0,0.61,678,C
CUST04696,61,Male,Married,High School,Salaried,26,36488.0,3575.0,2,12258,2172,3617,0,1,5504,0.18,79,0,0,0,20586,172.0,,1,0.06,796,B
CUST04697,56,Female,Single,Post-Graduate,Self-Employed,10,95539.0,9264.0,5,38138,2178,3558,1,5,15980,0.11,140,1,1,1,375741,4129.0,0.73,0,0.52,730,B
CUST04698,22,Male,Divorced,Graduate,Self-Employed,2,124937.0,3961.0,4,29490,2605,2430,0,2,38194,0.03,91,3,0,3,26779,236.0,0.53,1,0.02,748,B
CUST04699,49,Male,Married,High School,Unemployed,0,106863.0,6665.0,5,15125,4313,2727,0,2,49575,0.43,1705,0,0,0,292146,3745.0,0.52,0,0.42,664,C
CUST04700,24,Female,Single,Graduate,Business Owner,14,105847.0,5882.0,5,27976,3950,2519,1,3,44874,,1005,1,0,3,334923,11164.0,0.97,0,1.27,693,C
CUST04701,21,Female,Single,High School,Salaried,4,47057.0,7856.0,3,24290,4206,3078,1,3,8140,0.14,91,2,0,4,52314,512.0,0.75,0,0.13,749,B
CUST04702,39,Female,Single,Graduate,Self-Employed,2,92486.0,0.0,2,0,3226,1018,1,4,30027,0.29,696,3,0,2,150565,2247.0,0.76,1,0.29,702,B
CUST04703,46,Female,Married,Post-Graduate,Business Owner,5,82185.0,6029.0,3,57334,3263,1543,0,2,36060,0.16,461,0,1,1,27605,300.0,0.57,1,0.04,746,B
CUST04704,45,Male,Single,Graduate,Self-Employed,14,,5688.0,3,3888,4747,814,1,5,12548,0.13,130,1,0,4,57146,1680.0,0.41,0,0.51,672,C
CUST04705,30,Male,Married,High School,Business Owner,15,107280.0,4700.0,5,22939,1714,3396,1,4,49839,0.59,2352,2,0,0,149155,6779.0,0.57,0,0.76,592,D
CUST04706,35,Female,Single,Post-Graduate,Unemployed,0,88012.0,8228.0,4,47516,4784,3373,1,1,40763,0.11,358,0,1,3,10517,223.0,0.92,0,0.03,809,A
CUST04707,42,Male,Divorced,High School,Salaried,6,68435.0,4637.0,5,15917,3257,1721,0,3,16376,0.09,117,3,0,2,72272,1147.0,0.48,0,0.2,711,B
CUST04708,68,Male,Single,Post-Graduate,Salaried,27,99637.0,7636.0,4,8869,3073,1655,2,5,44793,0.22,788,1,1,0,369701,3187.0,0.91,0,0.38,745,B
CUST04709,41,Female,Divorced,Graduate,Business Owner,15,79438.0,5510.0,2,21947,2240,3380,0,0,26535,0.43,912,1,0,0,215082,2240.0,0.88,0,0.34,714,B
CUST04710,42,Female,Divorced,Graduate,Salaried,14,111035.0,5742.0,1,14812,4816,3351,0,5,32415,0.19,492,1,0,0,6534,90.0,0.71,0,0.01,765,B
CUST04711,56,Male,Single,Post-Graduate,Salaried,8,131640.0,5948.0,2,38356,4265,4449,0,1,53933,0.14,604,1,2,2,272726,3896.0,0.54,0,0.36,720,B
CUST04712,54,Female,Married,Post-Graduate,Salaried,20,66625.0,4401.0,5,7456,970,1512,2,4,27705,0.17,376,0,0,2,92820,966.0,0.89,1,0.17,768,B
CUST04713,50,Female,Single,High School,Business Owner,12,66294.0,9691.0,4,11418,3486,2363,1,2,24539,0.2,392,1,0,0,261136,4581.0,0.8,0,0.83,693,C
CUST04714,45,Female,Divorced,Graduate,Salaried,4,60276.0,8226.0,1,18672,1915,2649,0,3,25578,0.42,859,0,0,0,228721,5445.0,0.87,0,1.08,660,C
CUST04715,65,Male,Married,Post-Graduate,Self-Employed,21,75521.0,4821.0,4,672,2598,3179,2,3,36293,0.07,203,1,0,1,207383,2840.0,0.86,1,0.45,750,B
CUST04716,48,Male,Single,High School,Salaried,6,115529.0,5512.0,4,11728,734,3660,1,5,51899,0.55,2283,0,0,1,8489,707.0,0.54,0,0.07,673,C
CUST04717,21,Male,Single,Graduate,Salaried,11,43171.0,6442.0,1,11855,3234,2357,0,1,5599,0.36,161,2,0,2,25403,220.0,0.91,0,0.06,744,B
CUST04718,69,Male,Married,Post-Graduate,Salaried,23,33887.0,7430.0,1,986,3310,2763,0,5,14910,0.28,333,2,1,2,102988,911.0,0.66,1,0.32,692,C
CUST04719,65,Male,Divorced,Graduate,Salaried,22,82078.0,9838.0,2,10693,3405,2123,0,1,33866,0.35,948,1,0,1,197550,4390.0,0.75,1,0.64,677,D
CUST04720,24,Male,Married,Post-Graduate,Business Owner,7,73876.0,7720.0,3,31095,2391,771,0,3,34773,0.2,556,2,0,2,68831,1075.0,0.79,0,0.17,749,B
CUST04721,27,Male,Divorced,Post-Graduate,Business Owner,25,80791.0,4476.0,1,0,2585,1484,1,4,31979,0.17,434,0,1,4,34963,364.0,0.92,0,0.05,796,B
CUST04722,69,Female,Married,Post-Graduate,Business Owner,4,16306.0,2547.0,3,35219,177,1938,1,2,7356,0.1,58,0,0,0,23888,265.0,0.78,1,0.2,761,B
CUST04723,29,Male,Single,Post-Graduate,Salaried,26,121239.0,7976.0,3,12133,4443,3172,0,3,12619,0.28,282,2,1,0,425136,11490.0,0.45,0,1.14,615,C
CUST04724,56,Female,Divorced,Graduate,Self-Employed,15,81159.0,5867.0,3,24905,339,0,0,3,39858,0.08,255,1,0,4,174969,2187.0,0.43,0,0.32,711,B
CUST04725,39,Female,Single,Graduate,Salaried,1,148406.0,2052.0,3,35035,3597,3191,1,1,26173,0.38,795,1,0,1,173144,3091.0,0.93,1,0.25,737,B
CUST04726,21,Male,Divorced,Graduate,Salaried,9,87405.0,7560.0,1,5909,2660,3198,0,2,38955,0.22,685,0,0,1,31114,501.0,0.91,1,0.07,784,B
CUST04727,30,Female,Married,Post-Graduate,Self-Employed,23,62957.0,9549.0,4,26749,3860,1951,0,3,29705,0.43,1021,2,1,4,45582,949.0,0.58,1,0.18,669,C
CUST04728,56,Female,Single,Post-Graduate,Self-Employed,20,82648.0,5021.0,1,360,3227,4784,0,1,8338,0.33,220,1,1,4,137850,1621.0,0.65,0,0.24,707,B
CUST04729,29,Male,Married,Graduate,Salaried,26,119386.0,9699.0,1,0,1523,2804,0,0,55570,0.39,1733,1,0,2,361703,6130.0,0.74,0,0.62,680,C
CUST04730,65,Female,Divorced,Graduate,Salaried,8,53385.0,7298.0,5,16313,3848,2788,0,3,23045,0.1,184,0,0,3,103588,1079.0,0.39,0,0.24,713,B
CUST04731,66,Male,Divorced,Doctorate,Unemployed,0,,1524.0,5,17598,2934,2305,0,0,43395,0.07,243,5,0,1,174342,9685.0,0.76,0,1.26,673,C
CUST04732,62,Female,Single,Graduate,Salaried,7,88133.0,6267.0,2,34469,2658,306,1,2,15048,0.29,349,0,0,1,98074,943.0,0.81,1,0.13,746,B
CUST04733,52,Male,Single,High School,Unemployed,0,92821.0,0.0,3,0,3343,1718,0,2,38147,0.47,1434,0,0,1,92862,4422.0,0.86,2,0.57,682,C
CUST04734,52,Female,Married,Post-Graduate,Unemployed,0,47730.0,6062.0,3,28855,4732,1550,0,3,14080,0.37,416,0,0,4,128262,5576.0,0.65,0,1.4,634,C
CUST04735,26,Male,Married,Doctorate,Self-Employed,1,94126.0,1926.0,5,13743,2465,3291,0,5,19114,0.22,336,0,0,1,268780,2559.0,0.38,0,0.33,687,C
CUST04736,68,Female,Married,Post-Graduate,Salaried,9,91869.0,5576.0,4,17874,3561,1867,0,4,36974,0.36,1064,1,0,1,353408,4530.0,0.93,0,0.59,713,B
CUST04737,58,Male,Single,Post-Graduate,Business Owner,7,122002.0,7032.0,2,0,3317,2861,0,1,35295,0.09,254,1,0,2,438988,20904.0,0.6,0,2.0,679,C
CUST04738,37,Female,Divorced,Graduate,Salaried,14,128188.0,3235.0,4,16518,2359,555,2,1,58960,0.38,1792,1,0,4,300286,3951.0,0.76,1,0.37,693,C
CUST04739,30,Female,Married,Post-Graduate,Salaried,26,86188.0,10071.0,5,31029,2121,4137,0,4,33121,0.16,423,2,0,4,210684,6583.0,0.54,1,0.92,648,C
CUST04740,47,Male,Married,Graduate,Business Owner,1,81874.0,2235.0,4,15174,1486,3358,0,0,12744,0.24,244,2,0,2,128201,10683.0,0.74,0,1.57,661,C
CUST04741,55,Female,Married,Post-Graduate,Salaried,13,46182.0,0.0,3,14243,3753,2470,0,5,9250,0.26,192,0,0,3,179761,1834.0,0.4,1,0.48,658,C
CUST04742,41,Male,Married,Graduate,Salaried,20,69098.0,4913.0,5,47476,2107,1920,0,5,14221,0.21,238,0,0,4,253388,2508.0,0.55,0,0.44,701,B
CUST04743,45,Female,Divorced,High School,Self-Employed,15,61326.0,9095.0,4,18950,1100,3499,0,2,14572,0.43,501,2,0,2,10379,109.0,0.78,1,0.02,713,B
CUST04744,48,Male,Married,Graduate,Self-Employed,5,104270.0,4937.0,2,0,2913,1879,0,3,38223,,428,1,0,0,155203,1743.0,0.94,0,0.2,791,B
CUST04745,67,Female,Divorced,Graduate,Salaried,5,84219.0,3220.0,2,0,4469,1869,0,1,38549,0.22,678,0,1,2,135120,5004.0,0.73,2,0.71,694,C
CUST04746,35,Female,Divorced,Post-Graduate,Salaried,14,45541.0,53.0,1,41747,4750,2225,0,1,15369,0.19,233,1,0,0,49039,1751.0,0.68,0,0.46,712,B
CUST04747,24,Male,Married,Doctorate,Salaried,14,49749.0,3285.0,5,12104,0,4256,1,3,19935,0.09,143,1,1,3,87708,3654.0,0.67,0,0.88,686,C
CUST04748,49,Male,Married,Post-Graduate,Salaried,14,151557.0,1573.0,5,31783,3184,1746,0,3,34356,0.12,329,0,0,2,273260,8539.0,0.62,1,0.68,712,B
CUST04749,29,Male,Single,Post-Graduate,Business Owner,5,62140.0,,5,13987,3789,3316,1,1,19200,0.1,153,2,0,4,193107,5364.0,0.66,0,1.04,666,C
CUST04750,47,Female,Single,Graduate,Self-Employed,11,95313.0,5985.0,3,25649,3715,1576,0,1,28751,0.42,966,1,0,4,347054,5103.0,0.84,1,0.64,680,C
CUST04751,46,Male,Single,Post-Graduate,Self-Employed,19,,2153.0,3,12910,2873,0,0,1,28784,0.09,207,0,0,0,159730,3895.0,0.77,0,0.62,741,B
CUST04752,39,Male,Single,Post-Graduate,Salaried,5,67519.0,4021.0,5,17554,5408,2973,0,3,20740,0.06,99,1,1,2,69435,4084.0,0.69,1,0.73,710,B
CUST04753,48,Female,Single,Post-Graduate,Salaried,4,110173.0,9338.0,4,26546,4889,1460,0,5,25747,0.18,370,2,0,3,236145,8433.0,0.57,0,0.92,657,C
CUST04754,37,Male,Single,Graduate,Salaried,15,61359.0,3722.0,3,870,2866,2144,1,0,12122,0.31,300,1,0,1,43670,450.0,0.72,0,0.09,727,B
CUST04755,63,Female,Married,Graduate,Salaried,21,65940.0,3646.0,5,24055,2377,3508,1,1,13312,0.26,276,1,0,2,92607,935.0,0.85,0,0.17,749,B
CUST04756,61,Male,Married,Post-Graduate,Salaried,7,116245.0,5559.0,3,22579,3506,1408,1,0,57233,0.06,274,1,0,2,248796,4523.0,0.82,1,0.47,754,C
CUST04757,62,Male,Single,Graduate,Salaried,5,63458.0,770.0,1,0,3717,2001,0,1,15419,0.25,308,1,0,1,241582,,0.82,0,0.57,715,B
CUST04758,40,Female,Single,Post-Graduate,Salaried,15,32818.0,7849.0,2,59977,3075,3271,0,3,13870,0.35,388,1,0,3,61553,918.0,0.92,0,0.34,729,B
CUST04759,65,Male,Married,Doctorate,Business Owner,14,41164.0,3760.0,1,14353,3205,1951,0,4,5291,,16,1,1,2,1676,16.0,0.8,1,0.0,793,B
CUST04760,60,Male,Married,Graduate,Business Owner,24,90434.0,1525.0,5,3986,5295,2604,0,0,12286,0.32,314,3,0,1,39845,437.0,0.63,1,0.06,703,B
CUST04761,59,Female,Married,Post-Graduate,Self-Employed,24,53964.0,6611.0,2,42052,5335,2324,2,4,20207,0.49,792,4,0,1,86080,1871.0,0.99,0,0.42,677,C
CUST04762,69,Male,Married,Post-Graduate,Salaried,3,108897.0,3536.0,4,1062,4170,2327,0,1,30805,0.32,788,0,0,1,73607,1388.0,0.84,1,0.15,751,B
CUST04763,43,Female,Married,Post-Graduate,Business Owner,5,75628.0,2372.0,5,10626,4383,2250,0,1,34198,0.09,246,2,1,3,97782,1577.0,,1,0.25,761,B
CUST04764,67,Female,Married,Graduate,Unemployed,0,97869.0,5217.0,4,22105,4278,3036,2,5,43540,0.19,661,1,0,2,341033,3157.0,0.5,0,0.39,688,C
CUST04765,52,Male,Married,Post-Graduate,Salaried,20,85614.0,8155.0,4,10984,2701,208,0,3,34439,0.14,385,1,0,3,235763,3143.0,0.83,0,0.44,750,B
CUST04766,67,Male,Divorced,Graduate,Self-Employed,14,106793.0,3767.0,3,27854,3674,2179,0,4,45507,0.26,946,3,0,3,271656,9367.0,0.84,0,1.05,668,C
CUST04767,53,Female,Married,High School,Business Owner,5,131512.0,2104.0,3,28124,3390,1555,0,4,58943,0.62,2923,1,0,4,206860,6084.0,0.62,1,0.56,622,C
CUST04768,66,Male,Married,Post-Graduate,Self-Employed,24,91942.0,0.0,2,8219,4845,3315,0,1,38011,0.24,729,3,0,2,283662,8343.0,0.6,0,1.09,633,C
CUST04769,25,Male,Married,Post-Graduate,Salaried,4,90478.0,649.0,2,42002,3438,3930,1,2,28116,0.17,382,1,0,4,361355,6452.0,0.91,0,0.86,715,B
CUST04770,63,Female,Single,Post-Graduate,Salaried,21,108364.0,3552.0,3,15333,4288,2476,0,5,22311,0.42,749,0,0,2,144422,1699.0,0.82,1,0.19,726,B
CUST04771,68,Male,Married,High School,Self-Employed,16,58082.0,1077.0,2,22989,2818,2300,1,2,24101,0.21,404,3,0,0,155152,5746.0,0.7,0,1.19,645,C
CUST04772,54,Female,Divorced,High School,Salaried,7,91245.0,2903.0,1,14137,4040,3099,0,4,20720,0.12,198,1,0,2,73691,,0.59,0,0.09,750,B
CUST04773,60,Male,Married,Doctorate,Unemployed,0,47341.0,,5,13309,3407,2652,0,4,9370,0.24,179,0,0,2,18652,174.0,0.89,2,0.04,770,B
CUST04774,31,Male,Divorced,High School,Self-Employed,29,52232.0,8693.0,1,18917,1871,2310,0,0,8809,0.48,338,0,0,1,202909,9662.0,0.89,0,2.0,651,C
CUST04775,23,Male,Married,Post-Graduate,Salaried,22,60727.0,2545.0,5,47693,4086,2789,3,1,21307,0.48,818,3,1,2,49498,562.0,0.44,0,0.11,627,C
CUST04776,53,Female,Divorced,Post-Graduate,Self-Employed,25,113057.0,5414.0,3,26283,4558,2096,0,2,22271,0.1,178,1,1,3,46436,559.0,0.95,1,0.06,808,A
CUST04777,31,Female,Married,Post-Graduate,Self-Employed,27,70790.0,1758.0,1,4191,525,3362,0,3,17692,0.35,495,1,1,3,136721,1519.0,0.8,0,0.26,723,B
CUST04778,36,Female,Single,High School,Salaried,4,51579.0,9686.0,4,21183,387,4600,0,0,19787,0.42,664,1,0,1,143683,4954.0,0.74,0,1.15,632,C
CUST04779,38,Male,Married,Post-Graduate,Salaried,20,97777.0,5213.0,1,11568,3354,2292,0,2,40824,0.29,947,1,0,1,159,2.0,0.7,0,0.0,745,B
CUST04780,50,Male,Single,Post-Graduate,Unemployed,0,25582.0,8150.0,2,34561,3591,3013,0,1,5779,0.29,134,1,0,2,40859,1167.0,0.94,0,0.55,723,B
CUST04781,68,Male,Single,Graduate,Self-Employed,6,18866.0,2640.0,1,18317,1638,136,1,1,8246,0.31,204,1,1,3,35426,1073.0,0.72,1,0.68,663,C
CUST04782,30,Male,Married,Graduate,Salaried,3,67411.0,9803.0,3,0,3430,411,0,5,8303,0.2,132,1,1,2,132988,2607.0,0.86,1,0.46,735,B
CUST04783,38,Female,Single,Graduate,Salaried,1,66948.0,3680.0,3,26101,2857,2764,0,1,33095,0.61,1615,0,1,1,107517,1119.0,0.53,0,0.2,648,C
CUST04784,58,Female,Married,High School,Self-Employed,3,106303.0,0.0,2,7551,0,2054,1,2,28356,0.3,680,2,0,4,65095,664.0,0.73,0,0.07,730,B
CUST04785,39,Male,Single,Post-Graduate,Self-Employed,24,111010.0,4479.0,5,26049,3269,1633,0,1,25527,0.23,469,1,1,4,316465,2930.0,0.81,0,0.32,745,B
CUST04786,56,Female,Single,Post-Graduate,Salaried,8,71955.0,2939.0,2,34348,1542,3037,0,5,33780,0.18,486,0,0,3,183476,8736.0,0.86,0,1.46,703,B
CUST04787,33,Male,Divorced,Doctorate,Self-Employed,16,68759.0,8015.0,5,15712,3858,2150,0,3,10517,0.11,92,2,1,4,9077,85.0,0.98,1,0.01,802,A
CUST04788,66,Female,Married,Graduate,Salaried,22,51710.0,3138.0,3,17576,2243,3032,1,5,12571,0.45,452,2,0,2,124690,1198.0,0.78,1,0.28,680,C
CUST04789,23,Male,Married,Post-Graduate,Salaried,7,71703.0,6613.0,3,22559,3529,2649,2,1,17464,0.17,237,0,0,4,215906,5997.0,0.79,0,1.0,684,C
CUST04790,30,Male,Married,Graduate,Self-Employed,18,15000.0,2953.0,5,10062,4760,3398,0,0,4046,0.33,106,1,1,0,7560,100.0,0.53,0,0.08,695,C
CUST04791,58,Male,Married,Post-Graduate,Salaried,9,61457.0,2462.0,1,21347,2372,2342,0,5,27000,0.47,1015,1,1,2,187493,12499.0,0.14,0,2.0,534,D
CUST04792,21,Male,Divorced,Graduate,Business Owner,3,72576.0,5002.0,1,23127,2806,2476,0,3,31915,0.43,1097,0,0,2,75438,655.0,0.74,2,0.11,710,B
CUST04793,47,Female,Married,Doctorate,Salaried,18,51448.0,6595.0,2,6699,4873,2152,0,0,17320,0.28,387,3,0,0,139470,4809.0,0.91,0,1.12,668,C
CUST04794,66,Male,Married,Post-Graduate,Self-Employed,16,55689.0,318.0,3,37970,3849,1938,1,5,27660,0.26,575,1,1,3,149061,1552.0,0.54,0,0.33,687,C
CUST04795,28,Male,Divorced,Doctorate,Salaried,21,66034.0,7768.0,1,0,2882,3032,1,5,28900,0.11,254,2,0,3,149419,1436.0,0.59,0,0.26,721,B
CUST04796,66,Female,Single,Post-Graduate,Salaried,1,74805.0,7811.0,3,32110,5205,1376,0,0,27859,0.29,646,1,0,2,66647,793.0,0.62,1,0.13,713,B
CUST04797,62,Female,Married,Post-Graduate,Business Owner,21,100884.0,4086.0,2,40692,2683,3764,2,4,18137,0.41,594,1,0,3,110610,1242.0,0.56,0,0.15,679,C
CUST04798,37,Female,Divorced,High School,Salaried,26,87792.0,4429.0,4,31834,2657,1324,0,4,28083,,269,1,0,2,166054,5726.0,0.48,0,0.78,671,C
CUST04799,29,Male,Married,Post-Graduate,Self-Employed,20,101434.0,0.0,3,4134,1647,2104,0,1,18822,0.59,888,1,0,2,10756,358.0,0.37,1,0.04,633,C
CUST04800,26,Female,Married,Graduate,Self-Employed,16,92181.0,10407.0,4,32975,3839,2004,0,3,20340,0.38,618,2,1,1,153598,7679.0,0.46,0,1.0,595,D
CUST04801,63,Female,Married,Graduate,Self-Employed,12,78441.0,4034.0,3,51564,1443,3184,0,2,29364,0.35,822,1,0,4,217576,2339.0,,0,0.36,702,B
CUST04802,45,Male,Married,High School,Business Owner,6,141946.0,8251.0,5,17300,5018,3967,1,4,24665,0.37,730,2,1,4,1310,29.0,0.72,0,0.0,727,B
CUST04803,59,Male,Divorced,Post-Graduate,Self-Employed,28,53516.0,3184.0,4,19990,2149,2872,0,3,7296,0.22,128,0,0,0,158174,7532.0,0.94,1,1.69,701,B
CUST04804,69,Male,Single,Graduate,Self-Employed,21,47608.0,5008.0,5,31565,3685,4359,0,4,14883,0.18,214,1,0,2,82082,1710.0,0.86,0,0.43,744,B
CUST04805,48,Male,Single,Graduate,Business Owner,9,70421.0,6569.0,5,6910,3062,1667,1,5,7068,0.12,67,3,0,4,137150,5963.0,0.99,1,1.02,701,B
CUST04806,53,Male,Married,Post-Graduate,Unemployed,0,73193.0,3623.0,2,0,3772,2177,1,3,25146,0.3,603,4,1,3,65000,1511.0,0.43,1,0.25,645,C
CUST04807,57,Male,Married,Doctorate,Salaried,13,79138.0,304.0,2,26318,3604,834,1,1,36445,0.55,1603,2,0,3,131073,1139.0,0.77,0,0.17,679,C
CUST04808,29,Female,Single,Post-Graduate,Self-Employed,24,46370.0,4622.0,1,20548,3138,1165,1,0,8165,0.32,209,2,1,4,93839,2345.0,0.83,0,0.61,685,B
CUST04809,38,Female,Single,Graduate,Salaried,12,133718.0,756.0,4,4454,2453,3616,0,4,33845,0.3,812,2,0,2,523520,6463.0,0.9,1,0.58,713,B
CUST04810,41,Female,Single,Graduate,Salaried,13,64640.0,2411.0,1,25777,3389,2257,1,0,30157,0.07,168,1,0,3,160176,13348.0,0.67,1,2.0,676,C
CUST04811,22,Female,Divorced,Graduate,Salaried,18,46089.0,3109.0,4,14768,4873,1930,0,5,17585,0.06,84,2,0,4,116244,3874.0,0.79,1,1.01,691,C
CUST04812,63,Male,Married,Graduate,Business Owner,19,82927.0,5236.0,2,25634,2543,1431,1,0,12781,,40,4,1,0,330699,15747.0,0.77,0,2.0,681,E
CUST04813,58,Female,Married,High School,Self-Employed,19,107868.0,3071.0,2,22829,1319,3316,0,2,27268,0.17,370,0,0,1,15543,1295.0,0.67,1,0.14,753,B
CUST04814,60,Female,Single,Doctorate,Self-Employed,19,123327.0,1342.0,2,22014,3975,2005,0,2,49626,0.43,1707,0,0,4,429802,,0.96,0,0.4,734,B
CUST04815,56,Male,Married,Graduate,Salaried,6,15000.0,5563.0,4,19785,3390,1114,1,1,5488,0.54,237,2,1,4,47457,398.0,0.9,0,0.32,679,C
CUST04816,63,Female,Single,High School,Salaried,16,98018.0,6956.0,2,0,5027,2529,0,3,15904,0.05,63,1,1,2,18496,231.0,0.93,0,0.03,820,A
CUST04817,57,Female,Single,Graduate,Unemployed,0,127707.0,840.0,1,0,3819,3110,0,1,15962,0.09,114,1,0,4,225834,1897.0,0.43,0,0.18,728,B
CUST04818,35,Male,Divorced,Graduate,Salaried,7,57142.0,5057.0,5,46959,4868,2303,0,3,21294,0.33,562,3,1,4,118241,2515.0,0.92,0,0.53,703,B
CUST04819,48,Female,Divorced,Graduate,Salaried,28,68050.0,7257.0,4,40764,5598,1868,0,5,23382,0.44,823,0,1,3,8934,97.0,0.72,0,0.02,723,B
CUST04820,38,Male,Single,High School,Salaried,23,46541.0,5304.0,5,15841,2577,2570,0,2,5758,0.19,87,2,1,1,83408,1097.0,0.86,0,0.28,748,B
CUST04821,54,Male,Single,Doctorate,Self-Employed,28,58221.0,1368.0,1,26434,2843,861,1,1,28523,0.41,935,1,0,3,205016,3014.0,0.92,0,0.62,691,C
CUST04822,42,Male,Single,Graduate,Salaried,19,43043.0,5718.0,3,0,4659,3280,1,3,8650,0.28,193,0,0,0,4883,212.0,0.65,0,0.06,730,B
CUST04823,31,Female,Married,High School,Salaried,16,103042.0,4998.0,2,0,3119,2949,1,5,26214,0.04,83,1,0,0,341317,13652.0,0.87,1,1.59,716,B
CUST04824,33,Female,Single,High School,Self-Employed,17,71813.0,5455.0,1,0,2395,3717,0,2,12282,0.42,412,2,0,3,240874,5352.0,0.52,0,0.89,604,B
CUST04825,24,Female,Single,Graduate,Salaried,22,15000.0,5113.0,3,3810,2599,1494,1,3,6471,0.45,232,1,1,4,167,1.0,0.83,0,0.0,721,B
CUST04826,42,Male,Single,High School,Business Owner,19,56913.0,0.0,4,10248,2064,610,0,1,27604,0.14,309,2,1,4,206945,3233.0,0.19,0,0.68,622,F
CUST04827,27,Male,Married,High School,Salaried,16,54280.0,4479.0,1,30605,0,713,0,4,10059,0.2,160,1,0,0,155345,1849.0,0.4,0,0.41,674,C
CUST04828,63,Female,Married,Graduate,Salaried,29,100663.0,7850.0,4,16502,3974,1300,1,4,21468,0.28,480,0,0,2,378484,23655.0,0.59,2,2.0,633,E
CUST04829,44,Female,Married,Graduate,Self-Employed,16,72967.0,9311.0,5,23986,1909,1057,0,5,27917,0.25,558,2,0,0,271183,13559.0,0.81,0,2.0,668,C
CUST04830,24,Male,Married,High School,Business Owner,19,72166.0,7983.0,5,14450,816,3127,1,1,22454,0.41,736,2,0,0,71675,1748.0,0.81,0,0.29,698,C
CUST04831,48,Male,Divorced,Graduate,Business Owner,15,94287.0,,4,17976,4319,1913,1,5,13391,0.25,267,2,1,0,195218,3754.0,0.91,1,0.48,723,B
CUST04832,35,Female,Divorced,Graduate,Self-Employed,3,106733.0,7075.0,5,14523,844,2205,0,0,50319,0.28,1127,1,0,3,208906,1899.0,0.82,0,0.21,747,B
CUST04833,21,Female,Single,High School,Salaried,15,83026.0,6628.0,5,23886,4692,1774,1,5,28599,0.7,1601,0,0,2,235504,8120.0,0.72,0,1.17,585,B
CUST04834,23,Male,Single,Graduate,Salaried,25,55379.0,4303.0,2,0,4002,2293,0,4,12211,0.15,146,1,0,3,128895,2343.0,0.59,0,0.51,703,B
CUST04835,34,Male,Married,High School,Salaried,28,29849.0,8447.0,4,19937,3670,3295,0,5,8832,0.13,91,1,0,3,115096,1198.0,0.55,0,0.48,700,B
CUST04836,58,Female,Single,High School,Business Owner,16,118499.0,3059.0,4,17664,1230,4355,0,4,35561,0.35,995,1,2,3,239190,17085.0,0.58,0,1.73,629,C
CUST04837,21,Female,Married,Graduate,Business Owner,20,176673.0,4676.0,3,45004,258,3571,0,4,54798,0.3,1315,0,2,0,264015,10560.0,0.67,0,0.72,691,C
CUST04838,58,Male,Married,Graduate,Unemployed,0,78721.0,7706.0,2,23410,1917,2536,1,0,23531,0.31,583,3,1,2,312395,14199.0,0.58,3,2.0,596,D
CUST04839,58,Male,Married,High School,Salaried,19,84491.0,2249.0,1,43846,0,2142,1,2,27435,0.18,395,0,0,1,200689,2006.0,0.72,1,0.28,738,D
CUST04840,41,Female,Single,Graduate,Self-Employed,10,120125.0,992.0,2,8196,0,3950,1,2,30913,0.34,840,1,2,2,196725,4098.0,0.53,2,0.41,661,C
CUST04841,68,Male,Married,Doctorate,Self-Employed,13,23619.0,2089.0,1,8687,4282,1371,0,0,3742,0.36,107,1,0,2,33423,1591.0,0.46,1,0.81,609,C
CUST04842,49,Male,Divorced,Post-Graduate,Self-Employed,15,103624.0,6332.0,4,45176,6017,2480,1,5,37909,0.09,272,3,0,3,293302,3055.0,0.67,0,0.35,726,B
CUST04843,25,Male,Single,Post-Graduate,Self-Employed,12,86272.0,11700.0,2,16440,3178,1102,0,0,35974,0.12,345,2,1,2,306851,11364.0,0.89,0,1.58,705,F
CUST04844,69,Male,Married,Post-Graduate,Business Owner,17,51925.0,8593.0,3,7879,3048,3902,1,1,22660,0.16,290,2,0,2,36736,749.0,0.62,0,0.17,723,B
CUST04845,30,Female,Single,Doctorate,Salaried,15,59398.0,7348.0,5,20319,2099,4167,0,1,6461,0.03,15,2,0,3,88517,2058.0,0.76,0,0.42,751,B
CUST04846,48,Male,Single,Post-Graduate,Salaried,28,35535.0,9697.0,1,22858,4345,945,0,5,9304,0.25,186,3,1,1,9318,621.0,0.55,0,0.21,688,C
CUST04847,41,Female,Married,Graduate,Salaried,4,108752.0,5868.0,5,38509,681,857,0,1,53438,0.23,983,1,1,2,119259,9938.0,0.55,0,1.1,645,C
CUST04848,27,Male,Single,Graduate,Salaried,15,43807.0,3146.0,4,7959,3286,1893,1,2,5476,0.1,43,0,1,3,160777,2552.0,0.52,0,0.7,685,C
CUST04849,23,Male,Single,High School,Salaried,17,87361.0,4815.0,4,31115,5760,3169,0,5,36186,0.09,260,1,0,0,225415,3635.0,0.89,0,0.5,763,B
CUST04850,65,Male,Single,Post-Graduate,Salaried,27,26208.0,4197.0,4,46283,3245,1533,0,3,3942,0.55,173,2,0,4,95615,1124.0,0.55,0,0.51,613,C
CUST04851,67,Female,Married,Doctorate,Salaried,11,116834.0,2110.0,5,36763,2565,1596,2,4,50221,0.11,441,1,1,4,260413,3137.0,0.89,0,0.32,769,B
CUST04852,40,Female,Married,Graduate,Self-Employed,23,68853.0,4374.0,4,47124,5299,3243,1,1,25399,0.12,243,1,1,0,271877,6322.0,0.85,3,1.1,685,C
CUST04853,39,Male,Single,Post-Graduate,Business Owner,23,107166.0,320.0,4,20181,5862,2797,0,4,41796,0.48,1604,0,0,1,272483,,0.98,1,0.46,715,B
CUST04854,55,Female,Married,Graduate,Business Owner,15,68643.0,4032.0,5,29063,5254,2381,0,0,33698,0.04,107,3,1,0,198004,3142.0,0.87,0,0.55,747,B
CUST04855,24,Female,Single,Graduate,Salaried,20,56791.0,4706.0,4,8391,2873,2553,1,2,27020,,626,2,0,4,196080,2513.0,0.72,0,0.53,683,C
CUST04856,25,Female,Married,Graduate,Salaried,21,34784.0,4481.0,1,56936,4269,2806,0,1,7713,0.5,308,1,0,2,49336,836.0,0.92,0,0.29,706,B
CUST04857,21,Male,Married,Graduate,Salaried,26,106613.0,10048.0,2,33458,5281,3466,0,5,26662,0.14,298,1,1,0,126358,1974.0,0.95,0,0.22,791,B
CUST04858,24,Female,Married,Graduate,Unemployed,0,64089.0,5600.0,1,23451,2260,3500,1,5,16847,0.31,417,0,1,0,44345,,0.66,0,0.2,716,B
CUST04859,32,Male,Divorced,Post-Graduate,Self-Employed,13,83908.0,10293.0,4,19182,1678,1856,1,3,14451,0.14,161,2,0,0,237088,2419.0,0.69,1,0.35,720,B
CUST04860,47,Male,Divorced,Post-Graduate,Salaried,22,53760.0,882.0,4,0,3634,2351,0,5,13571,0.11,119,1,0,2,176022,3667.0,0.78,1,0.82,705,B
CUST04861,62,Female,Single,Post-Graduate,Business Owner,13,74489.0,7629.0,4,0,1475,1762,0,2,36619,0.22,644,1,0,1,115848,1395.0,0.84,0,0.22,756,B
CUST04862,43,Male,Divorced,Graduate,Salaried,20,81161.0,5641.0,4,3601,1208,2987,1,0,24009,0.81,1555,0,0,1,293,5.0,0.88,0,0.0,679,C
CUST04863,45,Male,Single,Post-Graduate,Business Owner,20,22338.0,4707.0,5,11874,2164,1289,1,5,10745,0.24,206,2,0,1,81122,1530.0,0.65,0,0.82,651,C
CUST04864,41,Male,Divorced,Graduate,Salaried,2,54536.0,1023.0,2,29731,1732,1124,2,5,7012,0.37,207,2,0,0,157811,2104.0,0.66,1,0.46,655,C
CUST04865,44,Female,Single,Graduate,Salaried,10,122250.0,6020.0,5,32126,1539,1923,1,5,14146,0.39,441,0,0,3,433102,4164.0,0.84,0,0.41,717,B
CUST04866,45,Female,Married,Post-Graduate,Self-Employed,18,50478.0,11822.0,5,19997,3234,0,0,4,16664,0.19,253,2,0,2,177199,2495.0,0.64,0,0.59,688,C
CUST04867,65,Male,Single,Graduate,Business Owner,28,,6321.0,4,24849,3428,0,0,2,40267,0.02,64,1,0,2,200680,3401.0,0.5,0,0.4,728,B
CUST04868,66,Female,Single,High School,Business Owner,20,84789.0,4861.0,1,17303,936,2931,0,4,15854,0.13,164,1,0,4,255981,5817.0,0.76,0,0.82,707,B
CUST04869,52,Male,Married,Graduate,Self-Employed,5,90339.0,5446.0,1,36441,3584,3035,2,5,27223,0.17,370,1,0,2,306356,3063.0,0.85,0,0.41,741,B
CUST04870,52,Male,Divorced,Post-Graduate,Salaried,20,94012.0,6768.0,3,9047,3277,1287,0,1,42227,0.19,641,0,0,1,16471,,0.57,0,0.04,747,B
CUST04871,25,Female,Married,Graduate,Salaried,19,75610.0,9687.0,2,15287,1481,2270,0,5,30598,0.12,293,1,0,1,245516,18885.0,0.94,2,2.0,709,B
CUST04872,56,Male,Married,Graduate,Unemployed,0,57928.0,3890.0,3,22867,3041,4240,0,5,11164,0.17,151,1,0,1,115938,7246.0,0.75,1,1.5,674,C
CUST04873,66,Male,Married,Post-Graduate,Self-Employed,2,52653.0,5554.0,5,8416,3404,2260,0,0,12309,0.23,226,2,0,3,74875,2995.0,0.64,0,0.68,673,C
CUST04874,62,Male,Single,Post-Graduate,Business Owner,4,65078.0,5014.0,3,0,3553,3954,2,3,14467,0.2,231,1,0,3,44603,969.0,0.77,1,0.18,736,B
CUST04875,69,Female,Single,Post-Graduate,Salaried,16,112514.0,3633.0,3,25354,4336,1621,1,2,43633,0.4,1396,1,0,2,101334,4053.0,0.78,1,0.43,690,A
CUST04876,62,Male,Single,Graduate,Self-Employed,27,34322.0,5588.0,3,53792,4226,2639,0,5,16724,0.29,387,0,0,4,109245,958.0,0.95,0,0.33,752,B
CUST04877,59,Female,Married,High School,Salaried,21,65654.0,9591.0,2,21690,3065,3004,0,4,13920,0.03,33,0,0,4,226886,7562.0,0.66,1,1.38,694,C
CUST04878,36,Female,Single,Graduate,Self-Employed,16,29560.0,3043.0,1,31210,1663,1833,0,0,9912,0.14,111,0,0,1,113871,1251.0,0.92,0,0.51,758,C
CUST04879,53,Male,Single,Graduate,Business Owner,17,57535.0,6105.0,1,14921,2288,2061,1,0,28504,0.28,638,2,0,4,33720,362.0,0.76,1,0.08,726,B
CUST04880,69,Female,Single,Post-Graduate,Self-Employed,15,71273.0,6207.0,3,25979,3315,2228,1,1,11619,0.32,297,3,0,1,146924,11301.0,0.94,0,1.9,662,C
CUST04881,41,Male,Single,High School,Salaried,13,116846.0,4970.0,2,0,4937,1454,0,2,42489,0.24,815,1,0,1,428664,5495.0,0.85,0,0.56,728,B
CUST04882,29,Male,Divorced,Graduate,Salaried,1,120098.0,6291.0,1,3807,0,2675,1,1,27958,0.29,648,2,0,3,105842,1290.0,0.6,0,0.13,709,B
CUST04883,26,Female,Single,Post-Graduate,Salaried,22,21078.0,6160.0,4,29153,3154,3874,2,1,10468,0.44,368,1,0,3,20421,176.0,0.92,0,0.1,723,B
CUST04884,65,Female,Married,Post-Graduate,Unemployed,0,29647.0,2256.0,1,16442,2780,3837,2,1,4254,0.34,115,0,0,0,64355,2798.0,0.62,1,1.13,618,C
CUST04885,55,Male,Married,Post-Graduate,Salaried,27,70028.0,4819.0,1,0,3415,4778,2,0,19643,0.19,298,0,0,0,159922,2538.0,0.49,0,0.43,687,C
CUST04886,59,Male,Married,Post-Graduate,Business Owner,20,97844.0,4954.0,2,13713,938,1924,0,4,19763,0.16,252,3,0,0,75073,824.0,0.45,0,0.1,707,B
CUST04887,42,Male,Single,Post-Graduate,Self-Employed,1,26915.0,1852.0,2,33843,4370,1814,2,4,3032,0.08,19,0,1,2,55885,1927.0,0.61,0,0.86,681,C
CUST04888,61,Male,Single,Post-Graduate,Business Owner,12,63887.0,5176.0,1,10617,2969,3178,0,3,31013,0.27,669,2,1,4,232957,5064.0,0.7,0,0.95,651,D
CUST04889,25,Male,Single,Graduate,Unemployed,0,106068.0,4917.0,4,0,2603,4106,0,5,34712,0.42,1166,0,0,0,247771,3698.0,0.82,0,0.42,710,B
CUST04890,62,Male,Married,Doctorate,Self-Employed,15,109711.0,11069.0,4,46350,3595,3748,1,3,41724,0.07,233,2,0,1,344579,8013.0,0.81,0,0.88,711,B
CUST04891,43,Female,Single,Graduate,Business Owner,4,,2526.0,3,21717,3486,3247,0,4,22929,0.5,917,2,0,2,203995,2399.0,0.93,0,0.44,691,C
CUST04892,37,Male,Married,Graduate,Salaried,19,15000.0,8001.0,3,44431,3038,1493,0,1,2390,0.15,28,2,0,4,23137,525.0,0.9,0,0.42,745,B
CUST04893,32,Male,Married,Graduate,Self-Employed,16,106475.0,6419.0,1,25286,2176,1583,0,0,17911,0.15,214,3,0,0,335591,12429.0,0.65,0,1.4,659,C
CUST04894,43,Female,Married,Post-Graduate,Business Owner,23,,8098.0,1,10253,2675,3087,0,1,16610,0.52,690,1,0,4,157042,1602.0,0.86,1,0.41,680,C
CUST04895,36,Female,Married,Doctorate,Salaried,18,91132.0,2596.0,1,25319,3040,2976,0,1,37539,0.35,1051,0,1,0,154632,3771.0,0.75,0,0.5,703,B
CUST04896,23,Male,Married,High School,Self-Employed,26,48021.0,0.0,4,24761,5732,2302,0,1,16539,0.34,449,3,0,1,151043,2649.0,0.57,2,0.66,626,C
CUST04897,50,Male,Married,High School,Business Owner,17,78025.0,4677.0,5,47514,3170,3032,0,2,25603,0.33,675,0,0,3,310025,3735.0,0.8,0,0.57,707,B
CUST04898,42,Female,Single,Post-Graduate,Business Owner,11,84302.0,7311.0,3,39278,3999,2589,1,2,33584,0.2,537,1,0,4,212581,2797.0,0.77,2,0.4,719,B
CUST04899,29,Male,Married,Doctorate,Salaried,20,113526.0,4035.0,3,30282,4294,3403,2,1,22414,0.27,484,2,0,3,113013,1345.0,0.83,0,0.14,740,B
CUST04900,49,Male,Married,Graduate,Self-Employed,13,32767.0,4557.0,5,25755,3035,1806,1,3,12866,0.16,164,4,0,3,109873,1017.0,0.91,0,0.37,731,B
CUST04901,67,Female,Married,Graduate,Salaried,24,48550.0,10926.0,1,21209,5054,784,0,3,12840,0.65,667,1,0,1,23297,256.0,0.93,2,0.06,693,D
CUST04902,57,Male,Single,Post-Graduate,Self-Employed,29,123408.0,2817.0,3,11303,477,957,2,4,45614,0.35,1277,2,0,3,247018,16467.0,0.56,0,1.6,609,C
CUST04903,43,Male,Married,Graduate,Salaried,22,81946.0,7776.0,4,36141,3468,1627,0,0,17199,0.25,343,1,1,4,294295,2515.0,0.78,0,0.37,729,B
CUST04904,33,Male,Single,Post-Graduate,Self-Employed,9,,2057.0,5,13657,4660,1801,0,2,7626,0.28,170,1,0,2,127570,7087.0,0.52,0,1.73,624,C
CUST04905,52,Male,Single,High School,Salaried,17,96689.0,8450.0,4,16356,3773,2457,0,5,10796,0.48,414,1,0,4,375967,3580.0,0.72,1,0.44,669,E
CUST04906,66,Male,Single,High School,Salaried,17,45024.0,4790.0,1,21029,318,1473,1,1,18972,0.27,409,2,0,0,70732,906.0,0.67,1,0.24,699,C
CUST04907,67,Female,Single,Graduate,Salaried,27,80862.0,6465.0,3,10610,3433,1171,0,5,14457,0.08,92,1,1,0,170649,2625.0,0.69,0,0.39,744,B
CUST04908,68,Male,Married,Graduate,Salaried,5,54469.0,3072.0,4,13289,2939,655,1,2,13365,0.54,577,3,0,0,79409,968.0,0.72,0,0.21,659,C
CUST04909,43,Male,Married,High School,Self-Employed,22,112288.0,5282.0,5,20035,3103,2718,0,5,45762,0.41,1500,1,1,4,293702,2907.0,0.59,0,0.31,681,C
CUST04910,65,Male,Single,High School,Business Owner,8,49308.0,5506.0,1,18814,2527,2469,0,4,13809,0.04,44,1,0,4,59979,521.0,0.7,0,0.13,772,B
CUST04911,37,Female,Divorced,Post-Graduate,Salaried,3,15000.0,759.0,3,41836,4266,2727,0,3,2805,0.24,53,1,0,3,16272,464.0,0.77,0,0.37,721,B
CUST04912,60,Male,Divorced,High School,Salaried,6,61543.0,3520.0,3,0,2786,1928,0,3,10948,0.41,359,1,1,3,181999,1999.0,0.74,1,0.39,685,C
CUST04913,41,Male,Divorced,Doctorate,Salaried,3,54984.0,,1,28435,4922,4643,2,0,14470,0.1,115,2,0,4,214553,4767.0,0.95,0,1.04,704,B
CUST04914,22,Female,Married,Graduate,Self-Employed,8,67673.0,2738.0,1,12772,3231,1082,1,0,22066,0.19,335,2,1,2,46324,634.0,0.4,1,0.11,687,C
CUST04915,57,Male,Married,Post-Graduate,Salaried,12,91708.0,5526.0,1,14782,2108,2568,0,4,23563,0.78,1470,2,1,1,320374,3859.0,0.85,0,0.5,626,C
CUST04916,26,Male,Single,Graduate,Salaried,27,39543.0,4444.0,4,0,5897,0,0,0,18262,0.21,306,2,0,3,148118,2178.0,,0,0.66,702,B
CUST04917,64,Male,Married,Graduate,Salaried,27,51685.0,6783.0,2,8819,1814,2980,1,4,5247,0.51,214,3,0,3,159074,3787.0,0.91,0,0.88,632,C
CUST04918,38,Male,Married,Graduate,Salaried,4,74823.0,4494.0,3,27786,2497,1572,0,5,19514,0.04,62,1,0,4,117967,1228.0,0.63,0,0.2,759,B
CUST04919,50,Male,Married,Graduate,Salaried,2,55216.0,12142.0,4,9621,3494,888,1,5,21928,0.31,543,0,0,2,13769,625.0,0.5,0,0.14,696,C
CUST04920,42,Female,Divorced,Post-Graduate,Salaried,28,76950.0,0.0,5,12855,775,3036,0,2,35116,0.25,702,3,0,3,9251,225.0,0.8,1,0.04,741,B
CUST04921,53,Male,Married,Post-Graduate,Self-Employed,25,91132.0,2620.0,3,15438,3301,1037,0,1,22177,0.43,762,1,1,0,217097,2067.0,0.27,0,0.27,630,C
CUST04922,50,Female,Single,Post-Graduate,Self-Employed,10,75406.0,7034.0,2,23038,2109,1493,1,3,27857,0.21,467,0,0,0,237729,10805.0,0.78,0,1.72,681,C
CUST04923,37,Male,Single,Graduate,Salaried,15,108003.0,5556.0,5,44941,6394,3663,1,1,35872,0.41,1176,1,0,3,131668,2089.0,0.86,1,0.23,718,B
CUST04924,63,Male,Single,Post-Graduate,Self-Employed,13,46551.0,6308.0,3,18902,2638,2679,0,5,8407,0.23,154,1,0,4,82858,733.0,0.91,1,0.19,759,B
CUST04925,52,Male,Married,Graduate,Salaried,24,57642.0,0.0,2,63356,1491,2032,0,2,21464,0.09,154,1,0,4,57798,664.0,0.8,0,0.14,778,B
CUST04926,62,Female,Married,Doctorate,Unemployed,0,119798.0,4453.0,1,58784,3521,2663,0,5,23938,0.34,651,1,0,4,389236,3853.0,0.67,0,0.39,699,C
CUST04927,34,Male,Married,Post-Graduate,Salaried,22,52973.0,5018.0,2,44585,3158,2004,0,0,21907,0.32,560,1,0,2,169462,1448.0,0.62,1,0.33,687,A
CUST04928,30,Female,Married,High School,Self-Employed,19,148511.0,6825.0,3,35264,4216,3266,0,3,66289,0.12,636,0,3,0,435849,5970.0,0.79,1,0.48,755,B
CUST04929,67,Male,Divorced,Graduate,Self-Employed,18,103989.0,6066.0,2,25194,1705,2301,0,0,30299,0.2,484,0,1,1,351999,9025.0,0.87,0,1.04,705,B
CUST04930,56,Male,Married,Graduate,Salaried,13,50347.0,5039.0,3,42778,5301,1354,0,1,6124,0.18,88,2,0,3,31237,371.0,0.77,2,0.09,744,B
CUST04931,54,Male,Married,Post-Graduate,Unemployed,0,92562.0,4693.0,3,51682,3552,708,0,5,36556,0.09,263,2,0,2,165108,1942.0,0.38,0,0.25,702,B
CUST04932,29,Male,Single,Graduate,Salaried,20,83892.0,1221.0,2,21674,1906,3843,0,0,24067,0.3,577,0,0,2,273733,10528.0,0.7,0,1.51,659,C
CUST04933,62,Male,Divorced,Post-Graduate,Self-Employed,1,31357.0,6035.0,2,24005,3175,800,0,4,4321,0.42,145,1,0,4,119901,2788.0,0.57,2,1.07,594,D
CUST04934,48,Male,Married,Graduate,Salaried,25,121327.0,4630.0,5,31568,3959,3391,2,1,28203,0.17,383,1,0,3,391034,4494.0,0.61,0,0.44,706,B
CUST04935,31,Female,Single,High School,Salaried,16,99641.0,3704.0,5,18483,3743,1448,0,0,21548,0.08,137,2,0,2,356130,12718.0,0.95,1,1.53,718,B
CUST04936,34,Male,Single,High School,Self-Employed,26,119300.0,4960.0,4,42160,1181,1702,0,1,46591,0.18,670,3,0,0,9292,160.0,0.83,0,0.02,770,B
CUST04937,59,Female,Divorced,Graduate,Salaried,8,106407.0,3920.0,3,1524,98,3985,0,0,28690,0.07,160,0,0,1,322582,3840.0,0.87,0,0.43,780,B
CUST04938,67,Male,Single,Post-Graduate,Salaried,23,85469.0,658.0,5,25173,957,1681,0,0,28616,0.32,732,0,1,3,48165,517.0,0.9,0,0.07,769,B
CUST04939,39,Male,Married,Graduate,Salaried,6,,6970.0,4,2186,3326,2164,1,5,32265,0.25,645,1,1,2,319430,4629.0,0.76,0,0.52,711,B
CUST04940,35,Female,Single,Graduate,Self-Employed,3,34921.0,10615.0,3,19417,3569,3887,0,5,13608,0.34,370,0,2,2,10021,96.0,0.88,0,0.03,760,B
CUST04941,48,Male,Married,High School,Salaried,20,134510.0,5831.0,4,8956,0,3224,0,5,52085,0.41,1708,0,0,0,158759,1936.0,0.78,1,0.17,727,B
CUST04942,44,Male,Married,High School,Salaried,16,97355.0,5886.0,5,19162,3425,3288,0,1,27212,0.17,370,2,0,3,265896,7386.0,0.6,1,0.91,657,C
CUST04943,28,Female,Married,Post-Graduate,Self-Employed,2,16404.0,9498.0,4,0,1888,1504,0,2,2526,0.41,82,0,0,2,12706,529.0,0.89,0,0.39,714,B
CUST04944,63,Female,Married,Graduate,Salaried,23,30173.0,10709.0,2,28983,1174,1442,2,1,7940,0.25,158,3,0,1,94704,845.0,0.46,0,0.34,652,C
CUST04945,29,Male,Divorced,Post-Graduate,Salaried,2,83630.0,4472.0,4,14228,2066,3160,1,3,13719,0.4,439,0,0,1,29736,1292.0,0.85,0,0.19,731,B
CUST04946,67,Male,Married,Post-Graduate,Salaried,15,48311.0,2833.0,1,35936,3083,2498,0,3,23366,0.25,467,0,1,1,160096,2858.0,0.78,0,0.71,702,B
CUST04947,53,Female,Divorced,Post-Graduate,Salaried,10,90597.0,6309.0,1,19181,2860,2437,0,2,43491,0.24,835,2,0,3,206561,4490.0,0.95,2,0.59,720,B
CUST04948,53,Male,Married,High School,Salaried,1,45430.0,5472.0,4,32615,0,1018,0,0,12841,0.47,482,1,1,1,3372,34.0,0.81,0,0.01,722,B
CUST04949,39,Female,Single,Graduate,Unemployed,0,36821.0,7898.0,1,13020,5176,1657,0,1,4089,0.28,91,4,0,4,37379,415.0,0.58,1,0.14,681,C
CUST04950,23,Male,Married,Post-Graduate,Salaried,20,58789.0,5011.0,4,32011,3969,441,0,5,14688,0.09,105,0,0,1,113450,6302.0,0.82,1,1.29,707,B
CUST04951,30,Male,Married,Post-Graduate,Salaried,15,173061.0,5230.0,4,51633,3227,2645,0,0,79268,0.19,1204,2,0,3,444896,3937.0,0.76,1,0.27,745,B
CUST04952,60,Female,Single,Post-Graduate,Salaried,24,42157.0,2119.0,4,8545,439,3006,0,0,9072,0.2,145,1,0,0,113622,1402.0,0.85,0,0.4,741,B
CUST04953,67,Male,Single,Graduate,Salaried,1,112706.0,8064.0,1,32164,1763,3601,0,3,39310,0.17,534,1,0,4,403484,7205.0,0.57,1,0.77,675,C
CUST04954,62,Male,Single,High School,Self-Employed,25,52266.0,3093.0,3,1339,2900,762,1,5,9072,0.26,188,2,1,2,91601,817.0,0.87,0,0.19,741,B
CUST04955,21,Male,Married,Graduate,Salaried,22,72334.0,1419.0,4,17940,4161,3307,0,5,31108,0.48,1194,2,0,1,3635,49.0,0.75,0,0.01,707,B
CUST04956,49,Female,Married,Post-Graduate,Salaried,16,78740.0,0.0,4,0,4620,2412,1,1,35965,0.13,374,2,0,0,84040,1400.0,0.83,2,0.21,750,B
CUST04957,54,Female,Single,Graduate,Salaried,18,73136.0,4696.0,2,29957,6753,3742,1,4,25308,0.27,546,2,1,4,27210,335.0,0.88,1,0.05,751,B
CUST04958,33,Male,Married,High School,Business Owner,24,76698.0,2868.0,2,11133,3225,336,0,5,26806,0.3,643,0,0,2,257182,2735.0,0.61,0,0.43,696,C
CUST04959,21,Male,Divorced,Post-Graduate,Salaried,5,85144.0,4298.0,5,31208,2020,4383,2,5,21407,0.07,119,0,1,2,51080,472.0,,0,0.07,798,B
CUST04960,54,Female,Single,Graduate,Salaried,21,30187.0,3533.0,1,24569,4125,2242,1,3,11556,0.18,166,1,0,1,43261,2703.0,0.76,0,1.07,670,C
CUST04961,49,Female,Married,High School,Self-Employed,5,71034.0,3904.0,3,16388,1515,2731,1,5,20698,0.2,331,4,0,2,41292,711.0,0.65,1,0.12,707,B
CUST04962,68,Female,Divorced,High School,Salaried,23,73326.0,2529.0,4,31663,3535,1497,1,0,29198,0.29,677,1,1,1,151494,,0.81,0,0.23,733,B
CUST04963,67,Male,Divorced,Graduate,Business Owner,23,91652.0,2756.0,4,35931,6221,1312,1,0,44671,0.12,428,0,1,1,71720,2241.0,0.7,0,0.29,751,B
CUST04964,33,Female,Single,Graduate,Self-Employed,10,66563.0,2152.0,1,13714,2540,3098,0,4,28552,0.2,456,1,0,4,203377,2259.0,0.65,1,0.41,708,B
CUST04965,68,Female,Single,Graduate,Salaried,27,90854.0,4409.0,5,36505,2051,2091,1,0,27886,0.15,334,1,0,0,178439,4695.0,0.77,1,0.62,714,B
CUST04966,69,Male,Single,High School,Self-Employed,23,55416.0,1564.0,5,16601,915,4439,0,2,27240,0.22,479,3,0,4,109952,1047.0,0.66,1,0.23,706,B
CUST04967,49,Male,Married,High School,Unemployed,0,58433.0,8773.0,2,0,3219,2145,0,4,20032,,128,1,2,4,222331,13895.0,0.89,2,2.0,706,B
CUST04968,59,Male,Married,Graduate,Self-Employed,10,84351.0,4972.0,1,23238,753,3497,0,5,10623,0.45,382,2,0,3,108385,3187.0,0.47,0,0.45,632,C
CUST04969,44,Female,Married,Post-Graduate,Unemployed,0,44142.0,393.0,5,10281,1345,2231,0,0,17310,0.15,207,2,0,3,67224,1179.0,0.69,0,0.32,726,B
CUST04970,46,Male,Single,High School,Salaried,24,58058.0,5659.0,5,14251,979,0,0,3,24850,0.31,616,0,0,1,137471,2643.0,0.94,1,0.55,726,B
CUST04971,37,Female,Single,Graduate,Salaried,1,60159.0,2305.0,3,0,4575,1987,1,3,9260,0.23,170,2,0,0,82106,855.0,0.77,0,0.17,734,B
CUST04972,27,Female,Married,High School,Unemployed,0,61741.0,8134.0,2,24485,2757,3389,0,2,22950,0.2,367,0,1,2,204722,2693.0,0.68,1,0.52,709,B
CUST04973,33,Female,Married,Graduate,Salaried,29,76718.0,3160.0,2,9656,5045,2673,1,4,35932,0.01,28,0,0,0,167745,1996.0,0.36,0,0.31,716,B
CUST04974,25,Female,Married,High School,Unemployed,0,48285.0,9180.0,2,12154,3324,1888,0,4,9684,0.13,100,0,1,2,513,7.0,0.75,0,0.0,783,B
CUST04975,46,Female,Married,High School,Salaried,27,93765.0,7999.0,5,35856,2321,2762,1,0,31317,0.52,1302,0,0,1,120801,,0.86,0,0.14,717,B
CUST04976,69,Male,Single,Post-Graduate,Unemployed,0,66847.0,15920.0,4,0,3929,4021,0,0,14026,0.2,224,3,0,0,133450,1247.0,0.86,1,0.22,742,B
CUST04977,23,Female,Single,Graduate,Salaried,4,87114.0,5292.0,5,25576,3962,3771,1,1,35696,0.36,1028,1,0,4,271978,4609.0,0.74,0,0.63,675,C
CUST04978,27,Male,Single,Post-Graduate,Salaried,27,38161.0,7068.0,5,25869,4797,750,1,5,12679,0.31,314,1,0,3,113052,1395.0,0.94,1,0.44,720,B
CUST04979,69,Female,Single,High School,Business Owner,10,15000.0,5037.0,1,23561,1675,2529,0,2,4068,0.53,172,1,2,2,40209,410.0,0.81,0,0.33,678,C
CUST04980,59,Male,Single,High School,Salaried,10,103291.0,5255.0,2,36586,3023,2697,0,4,11526,0.3,276,1,0,1,344556,6891.0,0.93,0,0.8,706,B
CUST04981,21,Female,Single,Graduate,Salaried,25,81262.0,8698.0,2,33263,1261,1181,0,0,38836,0.42,1304,0,0,1,69628,765.0,0.64,2,0.11,698,C
CUST04982,69,Female,Single,Post-Graduate,Salaried,11,91397.0,7317.0,3,21949,3364,1549,2,5,27336,0.41,896,2,0,4,168052,6001.0,0.81,1,0.79,646,C
CUST04983,37,Female,Single,Graduate,Self-Employed,25,114527.0,4723.0,2,8721,0,1341,0,4,48289,0.56,2163,1,0,1,247694,9907.0,,1,1.04,634,C
CUST04984,63,Male,Married,Graduate,Unemployed,0,46812.0,8962.0,5,13273,1510,1424,2,5,12019,0.52,499,1,1,0,182295,7011.0,0.42,0,1.8,555,D
CUST04985,45,Male,Single,Graduate,Salaried,29,20740.0,8003.0,1,19652,1862,658,0,2,9118,0.81,590,1,1,3,80993,1528.0,0.75,0,0.88,570,D
CUST04986,23,Female,Married,High School,Salaried,14,104344.0,9669.0,3,0,2970,2267,2,3,17114,0.12,164,1,3,0,207582,2627.0,0.83,1,0.3,754,B
CUST04987,35,Male,Married,Doctorate,Salaried,13,94561.0,8660.0,5,12494,4540,3333,0,2,18212,0.64,932,2,1,0,53746,475.0,0.65,2,0.06,651,C
CUST04988,49,Female,Married,Graduate,Self-Employed,19,108179.0,3939.0,5,37934,386,1744,0,4,25244,0.62,1252,0,0,4,384046,7246.0,0.74,1,0.8,623,C
CUST04989,63,Male,Divorced,Post-Graduate,Salaried,25,124754.0,3618.0,3,14132,4276,4460,1,0,16896,0.13,175,1,0,4,13336,132.0,0.79,0,0.01,785,B
CUST04990,52,Female,Single,Post-Graduate,Salaried,29,39797.0,3723.0,5,32109,3504,4039,2,4,11045,0.31,273,1,0,2,71939,888.0,0.85,0,0.27,722,B
CUST04991,46,Male,Married,Graduate,Salaried,10,103105.0,7342.0,5,33088,3621,2122,1,1,30350,0.04,97,0,0,1,205487,2034.0,0.93,0,0.24,806,A
CUST04992,36,Female,Divorced,High School,Self-Employed,15,67392.0,9028.0,1,38172,2583,2187,1,5,9833,0.52,409,2,0,2,39623,370.0,,1,0.07,717,B
CUST04993,45,Female,Divorced,Graduate,Business Owner,28,103989.0,8174.0,1,15230,4080,4015,0,2,28164,0.2,450,0,0,4,154537,5151.0,0.4,4,0.59,651,C
CUST04994,48,Male,Single,High School,Self-Employed,8,130080.0,715.0,1,16206,2722,1648,0,1,23273,0.23,428,2,0,2,349483,5729.0,0.98,1,0.53,742,B
CUST04995,29,Male,Single,Graduate,Salaried,17,75823.0,2856.0,2,24636,1662,2786,0,4,34126,0.37,1010,1,1,3,211859,1780.0,0.61,0,0.28,689,C
CUST04996,21,Male,Single,Graduate,Self-Employed,6,52631.0,7049.0,3,8064,2700,3617,0,4,15984,0.05,63,1,1,0,163940,3345.0,0.97,1,0.76,750,B
CUST04997,49,Female,Married,Post-Graduate,Business Owner,7,34322.0,8686.0,1,9485,3169,1886,1,5,16501,0.42,554,2,0,4,78714,2315.0,0.63,0,0.81,618,C
CUST04998,42,Male,Married,Post-Graduate,Salaried,14,15000.0,5924.0,5,35012,1444,2399,1,1,3548,0.61,173,0,1,1,17617,838.0,0.95,0,0.67,657,C
CUST04999,36,Female,Single,Post-Graduate,Salaried,27,118552.0,9583.0,2,9570,0,988,0,0,28044,0.19,426,0,0,4,5828,102.0,0.78,0,0.01,784,C
CUST05000,61,Male,Married,High School,Salaried,8,120438.0,0.0,3,27657,3997,1119,1,0,28361,0.61,1384,1,0,4,291926,4054.0,0.7,0,0.4,649,C
